Region,LOB,origin,development,reportedCount,Incurred
New_York,COLL,2016-01,2016-01,9,19805.0
New_York,COLL,2016-01,2016-02,0,9655.0
New_York,COLL,2016-01,2016-03,0,8868.0
New_York,COLL,2016-01,2016-04,0,2600.0
New_York,COLL,2016-02,2016-02,9,19825.0
New_York,COLL,2016-02,2016-03,0,11184.0
New_York,COLL,2016-02,2016-04,0,8309.0
New_York,COLL,2016-02,2016-05,0,1113.0
New_York,COLL,2016-03,2016-03,11,17660.0
New_York,COLL,2016-03,2016-04,0,10545.0
New_York,COLL,2016-03,2016-05,0,7959.0
New_York,COLL,2016-03,2016-06,0,472.0
New_York,COLL,2016-04,2016-04,7,16580.0
New_York,COLL,2016-04,2016-05,0,9301.0
New_York,COLL,2016-04,2016-06,0,8680.0
New_York,COLL,2016-04,2016-07,0,705.0
New_York,COLL,2016-05,2016-05,16,34919.0
New_York,COLL,2016-05,2016-06,0,21625.0
New_York,COLL,2016-05,2016-07,0,15678.0
New_York,COLL,2016-05,2016-08,0,-1249.0
New_York,COLL,2016-06,2016-06,14,33499.0
New_York,COLL,2016-06,2016-07,0,17804.0
New_York,COLL,2016-06,2016-08,0,13046.0
New_York,COLL,2016-06,2016-09,0,3466.0
New_York,COLL,2016-07,2016-07,6,14179.0
New_York,COLL,2016-07,2016-08,0,7607.0
New_York,COLL,2016-07,2016-09,0,6184.0
New_York,COLL,2016-07,2016-10,0,1798.0
New_York,COLL,2016-08,2016-08,16,22199.0
New_York,COLL,2016-08,2016-09,0,13942.0
New_York,COLL,2016-08,2016-10,0,9920.0
New_York,COLL,2016-08,2016-11,0,3482.0
New_York,COLL,2016-09,2016-09,13,22724.0
New_York,COLL,2016-09,2016-10,0,12991.0
New_York,COLL,2016-09,2016-11,0,6818.0
New_York,COLL,2016-09,2016-12,0,497.0
New_York,COLL,2016-10,2016-10,9,22954.0
New_York,COLL,2016-10,2016-11,0,13674.0
New_York,COLL,2016-10,2016-12,0,8607.0
New_York,COLL,2016-10,2017-01,0,1356.0
New_York,COLL,2016-11,2016-11,15,36589.0
New_York,COLL,2016-11,2016-12,0,23310.0
New_York,COLL,2016-11,2017-01,0,14959.0
New_York,COLL,2016-11,2017-02,0,5433.0
New_York,COLL,2016-12,2016-12,12,22471.0
New_York,COLL,2016-12,2017-01,0,13272.0
New_York,COLL,2016-12,2017-02,0,8760.0
New_York,COLL,2016-12,2017-03,0,6689.0
New_York,COLL,2017-01,2017-01,8,12725.0
New_York,COLL,2017-01,2017-02,0,8409.0
New_York,COLL,2017-01,2017-03,0,4986.0
New_York,COLL,2017-01,2017-04,0,2094.0
New_York,COLL,2017-02,2017-02,13,39421.0
New_York,COLL,2017-02,2017-03,0,24457.0
New_York,COLL,2017-02,2017-04,0,19646.0
New_York,COLL,2017-02,2017-05,0,3043.0
New_York,COLL,2017-03,2017-03,14,52072.0
New_York,COLL,2017-03,2017-04,0,36254.0
New_York,COLL,2017-03,2017-05,0,26448.0
New_York,COLL,2017-03,2017-06,0,-1609.0
New_York,COLL,2017-04,2017-04,12,26609.0
New_York,COLL,2017-04,2017-05,0,17839.0
New_York,COLL,2017-04,2017-06,0,8351.0
New_York,COLL,2017-04,2017-07,0,1327.0
New_York,COLL,2017-05,2017-05,13,34364.0
New_York,COLL,2017-05,2017-06,0,21239.0
New_York,COLL,2017-05,2017-07,0,14772.0
New_York,COLL,2017-05,2017-08,0,29.0
New_York,COLL,2017-06,2017-06,6,14325.0
New_York,COLL,2017-06,2017-07,0,8927.0
New_York,COLL,2017-06,2017-08,0,6628.0
New_York,COLL,2017-06,2017-09,0,134.0
New_York,COLL,2017-07,2017-07,11,25986.0
New_York,COLL,2017-07,2017-08,0,13578.0
New_York,COLL,2017-07,2017-09,0,16335.0
New_York,COLL,2017-07,2017-10,0,1024.0
New_York,COLL,2017-08,2017-08,8,26667.0
New_York,COLL,2017-08,2017-09,0,16501.0
New_York,COLL,2017-08,2017-10,0,13964.0
New_York,COLL,2017-08,2017-11,0,2524.0
New_York,COLL,2017-09,2017-09,10,34874.0
New_York,COLL,2017-09,2017-10,0,19344.0
New_York,COLL,2017-09,2017-11,0,16271.0
New_York,COLL,2017-09,2017-12,0,3479.0
New_York,COLL,2017-10,2017-10,10,23383.0
New_York,COLL,2017-10,2017-11,0,13540.0
New_York,COLL,2017-10,2017-12,0,11673.0
New_York,COLL,2017-10,2018-01,0,-664.0
New_York,COLL,2017-11,2017-11,13,45888.0
New_York,COLL,2017-11,2017-12,0,29564.0
New_York,COLL,2017-11,2018-01,0,22590.0
New_York,COLL,2017-11,2018-02,0,-3722.0
New_York,COLL,2017-12,2017-12,10,27544.0
New_York,COLL,2017-12,2018-01,0,16089.0
New_York,COLL,2017-12,2018-02,0,10001.0
New_York,COLL,2017-12,2018-03,0,740.0
New_York,COLL,2018-01,2018-01,10,30304.0
New_York,COLL,2018-01,2018-02,0,19153.0
New_York,COLL,2018-01,2018-03,0,9528.0
New_York,COLL,2018-01,2018-04,0,3559.0
New_York,COLL,2018-02,2018-02,8,19713.0
New_York,COLL,2018-02,2018-03,0,11150.0
New_York,COLL,2018-02,2018-04,0,8473.0
New_York,COLL,2018-02,2018-05,0,1127.0
New_York,COLL,2018-03,2018-03,15,45651.0
New_York,COLL,2018-03,2018-04,0,24654.0
New_York,COLL,2018-03,2018-05,0,17159.0
New_York,COLL,2018-03,2018-06,0,4563.0
New_York,COLL,2018-04,2018-04,13,35964.0
New_York,COLL,2018-04,2018-05,0,23409.0
New_York,COLL,2018-04,2018-06,0,23358.0
New_York,COLL,2018-04,2018-07,0,5742.0
New_York,COLL,2018-05,2018-05,11,33143.0
New_York,COLL,2018-05,2018-06,0,18301.0
New_York,COLL,2018-05,2018-07,0,17790.0
New_York,COLL,2018-05,2018-08,0,2576.0
New_York,COLL,2018-06,2018-06,11,25060.0
New_York,COLL,2018-06,2018-07,0,14167.0
New_York,COLL,2018-06,2018-08,0,11539.0
New_York,COLL,2018-06,2018-09,0,3341.0
New_York,COLL,2018-07,2018-07,7,22429.0
New_York,COLL,2018-07,2018-08,0,10443.0
New_York,COLL,2018-07,2018-09,0,7769.0
New_York,COLL,2018-07,2018-10,0,634.0
New_York,COLL,2018-08,2018-08,13,41410.0
New_York,COLL,2018-08,2018-09,0,27408.0
New_York,COLL,2018-08,2018-10,0,18192.0
New_York,COLL,2018-08,2018-11,0,4131.0
New_York,COLL,2018-09,2018-09,12,32449.0
New_York,COLL,2018-09,2018-10,0,16061.0
New_York,COLL,2018-09,2018-11,0,15755.0
New_York,COLL,2018-09,2018-12,0,3411.0
New_York,COLL,2018-10,2018-10,15,43696.0
New_York,COLL,2018-10,2018-11,0,23879.0
New_York,COLL,2018-10,2018-12,0,17526.0
New_York,COLL,2018-10,2019-01,0,1393.0
New_York,COLL,2018-11,2018-11,9,26573.0
New_York,COLL,2018-11,2018-12,0,17431.0
New_York,COLL,2018-11,2019-01,0,11847.0
New_York,COLL,2018-11,2019-02,0,5096.0
New_York,COLL,2018-12,2018-12,12,45543.0
New_York,COLL,2018-12,2019-01,0,27575.0
New_York,COLL,2018-12,2019-02,0,25544.0
New_York,COLL,2018-12,2019-03,0,7314.0
New_York,COLL,2019-01,2019-01,13,33886.0
New_York,COLL,2019-01,2019-02,0,22401.0
New_York,COLL,2019-01,2019-03,0,17363.0
New_York,COLL,2019-01,2019-04,0,-405.0
New_York,COLL,2019-02,2019-02,10,22403.0
New_York,COLL,2019-02,2019-03,0,14211.0
New_York,COLL,2019-02,2019-04,0,9377.0
New_York,COLL,2019-02,2019-05,0,4266.0
New_York,COLL,2019-03,2019-03,13,37788.0
New_York,COLL,2019-03,2019-04,0,23940.0
New_York,COLL,2019-03,2019-05,0,16764.0
New_York,COLL,2019-03,2019-06,0,3872.0
New_York,COLL,2019-04,2019-04,12,20818.0
New_York,COLL,2019-04,2019-05,0,11189.0
New_York,COLL,2019-04,2019-06,0,9580.0
New_York,COLL,2019-04,2019-07,0,711.0
New_York,COLL,2019-05,2019-05,6,11391.0
New_York,COLL,2019-05,2019-06,0,7557.0
New_York,COLL,2019-05,2019-07,0,4630.0
New_York,COLL,2019-05,2019-08,0,2803.0
New_York,COLL,2019-06,2019-06,13,52660.0
New_York,COLL,2019-06,2019-07,0,33256.0
New_York,COLL,2019-06,2019-08,0,23150.0
New_York,COLL,2019-06,2019-09,0,3661.0
New_York,COLL,2019-07,2019-07,14,45845.0
New_York,COLL,2019-07,2019-08,0,29127.0
New_York,COLL,2019-07,2019-09,0,19962.0
New_York,COLL,2019-07,2019-10,0,2354.0
New_York,COLL,2019-08,2019-08,14,29055.0
New_York,COLL,2019-08,2019-09,0,21072.0
New_York,COLL,2019-08,2019-10,0,15305.0
New_York,COLL,2019-08,2019-11,0,4510.0
New_York,COLL,2019-09,2019-09,14,29609.0
New_York,COLL,2019-09,2019-10,0,15887.0
New_York,COLL,2019-09,2019-11,0,12546.0
New_York,COLL,2019-09,2019-12,0,1722.0
New_York,COLL,2019-10,2019-10,14,39267.0
New_York,COLL,2019-10,2019-11,0,22940.0
New_York,COLL,2019-10,2019-12,0,15921.0
New_York,COLL,2019-10,2020-01,0,2641.0
New_York,COLL,2019-11,2019-11,16,49034.0
New_York,COLL,2019-11,2019-12,0,30221.0
New_York,COLL,2019-11,2020-01,0,23016.0
New_York,COLL,2019-11,2020-02,0,4138.0
New_York,COLL,2019-12,2019-12,9,19609.0
New_York,COLL,2019-12,2020-01,0,11549.0
New_York,COLL,2019-12,2020-02,0,12949.0
New_York,COLL,2019-12,2020-03,0,-1543.0
New_York,COLL,2020-01,2020-01,8,12499.0
New_York,COLL,2020-01,2020-02,0,6745.0
New_York,COLL,2020-01,2020-03,0,5657.0
New_York,COLL,2020-01,2020-04,0,1382.0
New_York,COLL,2020-02,2020-02,8,15726.0
New_York,COLL,2020-02,2020-03,0,10162.0
New_York,COLL,2020-02,2020-04,0,5899.0
New_York,COLL,2020-02,2020-05,0,2868.0
New_York,COLL,2020-03,2020-03,15,40716.0
New_York,COLL,2020-03,2020-04,0,25036.0
New_York,COLL,2020-03,2020-05,0,12839.0
New_York,COLL,2020-03,2020-06,0,583.0
New_York,COLL,2020-04,2020-04,7,17257.0
New_York,COLL,2020-04,2020-05,0,12051.0
New_York,COLL,2020-04,2020-06,0,9551.0
New_York,COLL,2020-04,2020-07,0,-1218.0
New_York,COLL,2020-05,2020-05,11,27938.0
New_York,COLL,2020-05,2020-06,0,17445.0
New_York,COLL,2020-05,2020-07,0,13288.0
New_York,COLL,2020-05,2020-08,0,-1420.0
New_York,COLL,2020-06,2020-06,11,57755.0
New_York,COLL,2020-06,2020-07,0,39581.0
New_York,COLL,2020-06,2020-08,0,12675.0
New_York,COLL,2020-06,2020-09,0,3065.0
New_York,COLL,2020-07,2020-07,8,34455.0
New_York,COLL,2020-07,2020-08,0,17304.0
New_York,COLL,2020-07,2020-09,0,10285.0
New_York,COLL,2020-07,2020-10,0,6973.0
New_York,COLL,2020-08,2020-08,12,41589.0
New_York,COLL,2020-08,2020-09,0,23525.0
New_York,COLL,2020-08,2020-10,0,19694.0
New_York,COLL,2020-08,2020-11,0,8331.0
New_York,COLL,2020-09,2020-09,13,39909.0
New_York,COLL,2020-09,2020-10,0,19767.0
New_York,COLL,2020-09,2020-11,0,14496.0
New_York,COLL,2020-09,2020-12,0,7136.0
New_York,COLL,2020-10,2020-10,7,15764.0
New_York,COLL,2020-10,2020-11,0,8643.0
New_York,COLL,2020-10,2020-12,0,5589.0
New_York,COLL,2020-10,2021-01,0,356.0
New_York,COLL,2020-11,2020-11,10,39962.0
New_York,COLL,2020-11,2020-12,0,16578.0
New_York,COLL,2020-11,2021-01,0,17283.0
New_York,COLL,2020-11,2021-02,0,-959.0
New_York,COLL,2020-12,2020-12,15,51563.0
New_York,COLL,2020-12,2021-01,0,31444.0
New_York,COLL,2020-12,2021-02,0,24033.0
New_York,COLL,2020-12,2021-03,0,4489.0
New_York,COLL,2021-01,2021-01,21,44782.0
New_York,COLL,2021-01,2021-02,0,25385.0
New_York,COLL,2021-01,2021-03,0,21911.0
New_York,COLL,2021-01,2021-04,0,3512.0
New_York,COLL,2021-02,2021-02,14,45553.0
New_York,COLL,2021-02,2021-03,0,26918.0
New_York,COLL,2021-02,2021-04,0,17165.0
New_York,COLL,2021-02,2021-05,0,8515.0
New_York,COLL,2021-03,2021-03,10,19926.0
New_York,COLL,2021-03,2021-04,0,10416.0
New_York,COLL,2021-03,2021-05,0,10223.0
New_York,COLL,2021-03,2021-06,0,942.0
New_York,COLL,2021-04,2021-04,9,19255.0
New_York,COLL,2021-04,2021-05,0,10594.0
New_York,COLL,2021-04,2021-06,0,10714.0
New_York,COLL,2021-04,2021-07,0,3561.0
New_York,COLL,2021-05,2021-05,16,65520.0
New_York,COLL,2021-05,2021-06,0,38701.0
New_York,COLL,2021-05,2021-07,0,27125.0
New_York,COLL,2021-05,2021-08,0,796.0
New_York,COLL,2021-06,2021-06,13,28426.0
New_York,COLL,2021-06,2021-07,0,16962.0
New_York,COLL,2021-06,2021-08,0,12683.0
New_York,COLL,2021-06,2021-09,0,702.0
New_York,COLL,2021-07,2021-07,12,45798.0
New_York,COLL,2021-07,2021-08,0,22877.0
New_York,COLL,2021-07,2021-09,0,18846.0
New_York,COLL,2021-07,2021-10,0,777.0
New_York,COLL,2021-08,2021-08,11,37654.0
New_York,COLL,2021-08,2021-09,0,17212.0
New_York,COLL,2021-08,2021-10,0,15707.0
New_York,COLL,2021-08,2021-11,0,4868.0
New_York,COLL,2021-09,2021-09,8,28718.0
New_York,COLL,2021-09,2021-10,0,15737.0
New_York,COLL,2021-09,2021-11,0,16707.0
New_York,COLL,2021-09,2021-12,0,1490.0
New_York,COLL,2021-10,2021-10,9,38293.0
New_York,COLL,2021-10,2021-11,0,21319.0
New_York,COLL,2021-10,2021-12,0,19865.0
New_York,COLL,2021-10,2022-01,0,678.0
New_York,COLL,2021-11,2021-11,10,33755.0
New_York,COLL,2021-11,2021-12,0,22326.0
New_York,COLL,2021-11,2022-01,0,19555.0
New_York,COLL,2021-11,2022-02,0,4103.0
New_York,COLL,2021-12,2021-12,12,47998.0
New_York,COLL,2021-12,2022-01,0,31037.0
New_York,COLL,2021-12,2022-02,0,25639.0
New_York,COLL,2021-12,2022-03,0,5600.0
New_York,COLL,2022-01,2022-01,7,26426.0
New_York,COLL,2022-01,2022-02,0,13191.0
New_York,COLL,2022-01,2022-03,0,12617.0
New_York,COLL,2022-01,2022-04,0,973.0
New_York,COLL,2022-02,2022-02,6,15996.0
New_York,COLL,2022-02,2022-03,0,8123.0
New_York,COLL,2022-02,2022-04,0,7311.0
New_York,COLL,2022-02,2022-05,0,3196.0
New_York,COLL,2022-03,2022-03,6,12659.0
New_York,COLL,2022-03,2022-04,0,8445.0
New_York,COLL,2022-03,2022-05,0,5172.0
New_York,COLL,2022-03,2022-06,0,2105.0
New_York,COLL,2022-04,2022-04,4,15086.0
New_York,COLL,2022-04,2022-05,0,9990.0
New_York,COLL,2022-04,2022-06,0,6189.0
New_York,COLL,2022-04,2022-07,0,302.0
New_York,COLL,2022-05,2022-05,11,28176.0
New_York,COLL,2022-05,2022-06,0,17786.0
New_York,COLL,2022-05,2022-07,0,14705.0
New_York,COLL,2022-05,2022-08,0,1407.0
New_York,COLL,2022-06,2022-06,13,35245.0
New_York,COLL,2022-06,2022-07,0,19074.0
New_York,COLL,2022-06,2022-08,0,16932.0
New_York,COLL,2022-06,2022-09,0,4269.0
New_York,COLL,2022-07,2022-07,14,46020.0
New_York,COLL,2022-07,2022-08,0,24940.0
New_York,COLL,2022-07,2022-09,0,28486.0
New_York,COLL,2022-07,2022-10,0,8621.0
New_York,COLL,2022-08,2022-08,9,19123.0
New_York,COLL,2022-08,2022-09,0,11724.0
New_York,COLL,2022-08,2022-10,0,9681.0
New_York,COLL,2022-08,2022-11,0,-1130.0
New_York,COLL,2022-09,2022-09,10,36854.0
New_York,COLL,2022-09,2022-10,0,20342.0
New_York,COLL,2022-09,2022-11,0,17121.0
New_York,COLL,2022-09,2022-12,0,1565.0
New_York,COLL,2022-10,2022-10,15,64961.0
New_York,COLL,2022-10,2022-11,0,32135.0
New_York,COLL,2022-10,2022-12,0,29435.0
New_York,COLL,2022-10,2023-01,0,7237.0
New_York,COLL,2022-11,2022-11,9,51351.0
New_York,COLL,2022-11,2022-12,0,35234.0
New_York,COLL,2022-11,2023-01,0,22832.0
New_York,COLL,2022-11,2023-02,0,8844.0
New_York,COLL,2022-12,2022-12,17,50246.0
New_York,COLL,2022-12,2023-01,0,32102.0
New_York,COLL,2022-12,2023-02,0,25973.0
New_York,COLL,2022-12,2023-03,0,11489.0
New_York,COLL,2023-01,2023-01,12,33271.0
New_York,COLL,2023-01,2023-02,0,20186.0
New_York,COLL,2023-01,2023-03,0,17589.0
New_York,COLL,2023-01,2023-04,0,4039.0
New_York,COLL,2023-02,2023-02,8,27807.0
New_York,COLL,2023-02,2023-03,0,16412.0
New_York,COLL,2023-02,2023-04,0,11629.0
New_York,COLL,2023-02,2023-05,0,4323.0
New_York,COLL,2023-03,2023-03,11,34931.0
New_York,COLL,2023-03,2023-04,0,18132.0
New_York,COLL,2023-03,2023-05,0,13627.0
New_York,COLL,2023-03,2023-06,0,-4059.0
New_York,COLL,2023-04,2023-04,7,19747.0
New_York,COLL,2023-04,2023-05,0,11575.0
New_York,COLL,2023-04,2023-06,0,5848.0
New_York,COLL,2023-04,2023-07,0,893.0
New_York,COLL,2023-05,2023-05,15,38560.0
New_York,COLL,2023-05,2023-06,0,24372.0
New_York,COLL,2023-05,2023-07,0,19206.0
New_York,COLL,2023-05,2023-08,0,2288.0
New_York,COLL,2023-06,2023-06,10,33956.0
New_York,COLL,2023-06,2023-07,0,17373.0
New_York,COLL,2023-06,2023-08,0,10752.0
New_York,COLL,2023-06,2023-09,0,1123.0
New_York,COLL,2023-07,2023-07,10,27237.0
New_York,COLL,2023-07,2023-08,0,17388.0
New_York,COLL,2023-07,2023-09,0,14744.0
New_York,COLL,2023-07,2023-10,0,271.0
New_York,COLL,2023-08,2023-08,13,50310.0
New_York,COLL,2023-08,2023-09,0,29395.0
New_York,COLL,2023-08,2023-10,0,22339.0
New_York,COLL,2023-08,2023-11,0,6668.0
New_York,COLL,2023-09,2023-09,12,33501.0
New_York,COLL,2023-09,2023-10,0,19386.0
New_York,COLL,2023-09,2023-11,0,15887.0
New_York,COLL,2023-09,2023-12,0,384.0
New_York,COLL,2023-10,2023-10,13,32769.0
New_York,COLL,2023-10,2023-11,0,19368.0
New_York,COLL,2023-10,2023-12,0,16666.0
New_York,COLL,2023-10,2024-01,0,3482.0
New_York,COLL,2023-11,2023-11,15,48996.0
New_York,COLL,2023-11,2023-12,0,25385.0
New_York,COLL,2023-11,2024-01,0,18454.0
New_York,COLL,2023-11,2024-02,0,-777.0
New_York,COLL,2023-12,2023-12,9,40336.0
New_York,COLL,2023-12,2024-01,0,19990.0
New_York,COLL,2023-12,2024-02,0,19567.0
New_York,COLL,2023-12,2024-03,0,-307.0
New_York,COLL,2024-01,2024-01,12,52715.0
New_York,COLL,2024-01,2024-02,0,35424.0
New_York,COLL,2024-01,2024-03,0,27948.0
New_York,COLL,2024-01,2024-04,0,532.0
New_York,COLL,2024-02,2024-02,15,44691.0
New_York,COLL,2024-02,2024-03,0,28910.0
New_York,COLL,2024-02,2024-04,0,12715.0
New_York,COLL,2024-02,2024-05,0,6967.0
New_York,COLL,2024-03,2024-03,16,80460.0
New_York,COLL,2024-03,2024-04,0,48773.0
New_York,COLL,2024-03,2024-05,0,33734.0
New_York,COLL,2024-03,2024-06,0,6979.0
New_York,COLL,2024-04,2024-04,16,46353.0
New_York,COLL,2024-04,2024-05,0,27819.0
New_York,COLL,2024-04,2024-06,0,20777.0
New_York,COLL,2024-04,2024-07,0,8757.0
New_York,COLL,2024-05,2024-05,13,68721.0
New_York,COLL,2024-05,2024-06,0,31552.0
New_York,COLL,2024-05,2024-07,0,31370.0
New_York,COLL,2024-05,2024-08,0,-6549.0
New_York,COLL,2024-06,2024-06,4,16712.0
New_York,COLL,2024-06,2024-07,0,12418.0
New_York,COLL,2024-06,2024-08,0,9845.0
New_York,COLL,2024-06,2024-09,0,-256.0
New_York,COLL,2024-07,2024-07,7,15062.0
New_York,COLL,2024-07,2024-08,0,9541.0
New_York,COLL,2024-07,2024-09,0,7467.0
New_York,COLL,2024-07,2024-10,0,1133.0
New_York,COLL,2024-08,2024-08,7,21990.0
New_York,COLL,2024-08,2024-09,0,11309.0
New_York,COLL,2024-08,2024-10,0,7972.0
New_York,COLL,2024-08,2024-11,0,1807.0
New_York,COLL,2024-09,2024-09,8,26011.0
New_York,COLL,2024-09,2024-10,0,17129.0
New_York,COLL,2024-09,2024-11,0,10630.0
New_York,COLL,2024-09,2024-12,0,236.0
New_York,COLL,2024-10,2024-10,13,73657.0
New_York,COLL,2024-10,2024-11,0,41334.0
New_York,COLL,2024-10,2024-12,0,41683.0
New_York,COLL,2024-10,2025-01,0,3956.0
New_York,COLL,2024-11,2024-11,8,23510.0
New_York,COLL,2024-11,2024-12,0,11676.0
New_York,COLL,2024-11,2025-01,0,9007.0
New_York,COLL,2024-11,2025-02,0,4059.0
New_York,COLL,2024-12,2024-12,14,73854.0
New_York,COLL,2024-12,2025-01,0,44417.0
New_York,COLL,2024-12,2025-02,0,50814.0
New_York,COLL,2024-12,2025-03,0,18022.0
New_York,COLL,2025-01,2025-01,17,94303.0
New_York,COLL,2025-01,2025-02,0,51578.0
New_York,COLL,2025-01,2025-03,0,37944.0
New_York,COLL,2025-01,2025-04,0,2702.0
New_York,COLL,2025-02,2025-02,10,71970.0
New_York,COLL,2025-02,2025-03,0,38319.0
New_York,COLL,2025-02,2025-04,0,31251.0
New_York,COLL,2025-02,2025-05,0,-1899.0
New_York,COLL,2025-03,2025-03,13,40536.0
New_York,COLL,2025-03,2025-04,0,21360.0
New_York,COLL,2025-03,2025-05,0,15930.0
New_York,COLL,2025-03,2025-06,0,6369.0
New_York,COLL,2025-04,2025-04,7,53432.0
New_York,COLL,2025-04,2025-05,0,26515.0
New_York,COLL,2025-04,2025-06,0,20039.0
New_York,COLL,2025-04,2025-07,0,8909.0
New_York,COLL,2025-05,2025-05,11,38729.0
New_York,COLL,2025-05,2025-06,0,24833.0
New_York,COLL,2025-05,2025-07,0,24911.0
New_York,COLL,2025-05,2025-08,0,8206.0
New_York,COLL,2025-06,2025-06,9,37958.0
New_York,COLL,2025-06,2025-07,0,21824.0
New_York,COLL,2025-06,2025-08,0,17159.0
New_York,COLL,2025-06,2025-09,0,2721.0
New_York,COLL,2025-07,2025-07,10,36313.0
New_York,COLL,2025-07,2025-08,0,21266.0
New_York,COLL,2025-07,2025-09,0,14581.0
New_York,COLL,2025-07,2025-10,0,6726.0
New_York,COLL,2025-08,2025-08,8,21332.0
New_York,COLL,2025-08,2025-09,0,13026.0
New_York,COLL,2025-08,2025-10,0,9989.0
New_York,COLL,2025-08,2025-11,0,-171.0
New_York,COLL,2025-09,2025-09,7,34956.0
New_York,COLL,2025-09,2025-10,0,20740.0
New_York,COLL,2025-09,2025-11,0,13446.0
New_York,COLL,2025-09,2025-12,0,4331.0
New_York,COLL,2025-10,2025-10,9,21762.0
New_York,COLL,2025-10,2025-11,0,15555.0
New_York,COLL,2025-10,2025-12,0,11137.0
New_York,COLL,2025-11,2025-11,14,74791.0
New_York,COLL,2025-11,2025-12,0,45404.0
New_York,COLL,2025-12,2025-12,6,34305.0
New_York,TPL_BI,2016-05,2016-08,1,18520.0
New_York,TPL_BI,2016-05,2017-05,0,11880.0
New_York,TPL_BI,2016-05,2018-05,0,9809.0
New_York,TPL_BI,2016-05,2019-05,0,8436.0
New_York,TPL_BI,2016-05,2020-05,0,3826.0
New_York,TPL_BI,2016-06,2016-09,1,605.0
New_York,TPL_BI,2016-06,2017-06,0,688.0
New_York,TPL_BI,2016-06,2018-06,0,1102.0
New_York,TPL_BI,2016-06,2019-06,0,342.0
New_York,TPL_BI,2016-06,2020-06,0,138.0
New_York,TPL_BI,2016-07,2016-10,1,16405.0
New_York,TPL_BI,2016-07,2017-07,0,20616.0
New_York,TPL_BI,2016-07,2018-07,0,19374.0
New_York,TPL_BI,2016-07,2019-07,0,6610.0
New_York,TPL_BI,2016-07,2020-07,0,2412.0
New_York,TPL_BI,2016-09,2016-12,1,1407.0
New_York,TPL_BI,2016-09,2017-09,0,1163.0
New_York,TPL_BI,2016-09,2018-09,0,622.0
New_York,TPL_BI,2016-09,2019-09,0,434.0
New_York,TPL_BI,2016-09,2020-09,0,-153.0
New_York,TPL_BI,2016-10,2017-01,1,4872.0
New_York,TPL_BI,2016-10,2017-10,0,5112.0
New_York,TPL_BI,2016-10,2018-10,0,2754.0
New_York,TPL_BI,2016-10,2019-10,0,396.0
New_York,TPL_BI,2016-10,2020-10,0,-25.0
New_York,TPL_BI,2016-11,2017-02,2,3463.0
New_York,TPL_BI,2016-11,2017-11,0,4283.0
New_York,TPL_BI,2016-11,2018-11,0,4127.0
New_York,TPL_BI,2016-11,2019-11,0,2877.0
New_York,TPL_BI,2016-11,2020-11,0,1169.0
New_York,TPL_BI,2017-02,2017-05,1,16565.0
New_York,TPL_BI,2017-02,2018-02,0,18593.0
New_York,TPL_BI,2017-02,2019-02,0,17804.0
New_York,TPL_BI,2017-02,2020-02,0,4990.0
New_York,TPL_BI,2017-02,2021-02,0,5776.0
New_York,TPL_BI,2017-03,2017-06,2,67304.0
New_York,TPL_BI,2017-03,2018-03,0,62335.0
New_York,TPL_BI,2017-03,2019-03,0,66152.0
New_York,TPL_BI,2017-03,2020-03,0,46067.0
New_York,TPL_BI,2017-03,2021-03,0,30414.0
New_York,TPL_BI,2017-04,2017-07,1,563.0
New_York,TPL_BI,2017-04,2018-04,0,518.0
New_York,TPL_BI,2017-04,2019-04,0,675.0
New_York,TPL_BI,2017-04,2020-04,0,426.0
New_York,TPL_BI,2017-04,2021-04,0,439.0
New_York,TPL_BI,2017-06,2017-09,4,58428.0
New_York,TPL_BI,2017-06,2018-06,0,49637.0
New_York,TPL_BI,2017-06,2019-06,0,51450.0
New_York,TPL_BI,2017-06,2020-06,0,27997.0
New_York,TPL_BI,2017-06,2021-06,0,-792.0
New_York,TPL_BI,2017-08,2017-11,1,29430.0
New_York,TPL_BI,2017-08,2018-08,0,19110.0
New_York,TPL_BI,2017-08,2019-08,0,19003.0
New_York,TPL_BI,2017-08,2020-08,0,9712.0
New_York,TPL_BI,2017-08,2021-08,0,-183.0
New_York,TPL_BI,2017-11,2018-02,4,48456.0
New_York,TPL_BI,2017-11,2018-11,0,33443.0
New_York,TPL_BI,2017-11,2019-11,0,33960.0
New_York,TPL_BI,2017-11,2020-11,0,17944.0
New_York,TPL_BI,2017-11,2021-11,0,4894.0
New_York,TPL_BI,2017-12,2018-03,1,5512.0
New_York,TPL_BI,2017-12,2018-12,0,7512.0
New_York,TPL_BI,2017-12,2019-12,0,3795.0
New_York,TPL_BI,2017-12,2020-12,0,5142.0
New_York,TPL_BI,2017-12,2021-12,0,1998.0
New_York,TPL_BI,2018-01,2018-04,2,42816.0
New_York,TPL_BI,2018-01,2019-01,0,30795.0
New_York,TPL_BI,2018-01,2020-01,0,42941.0
New_York,TPL_BI,2018-01,2021-01,0,32363.0
New_York,TPL_BI,2018-01,2022-01,0,9022.0
New_York,TPL_BI,2018-02,2018-05,1,1127.0
New_York,TPL_BI,2018-02,2019-02,0,1016.0
New_York,TPL_BI,2018-02,2020-02,0,1049.0
New_York,TPL_BI,2018-02,2021-02,0,963.0
New_York,TPL_BI,2018-02,2022-02,0,414.0
New_York,TPL_BI,2018-03,2018-06,1,14369.0
New_York,TPL_BI,2018-03,2019-03,0,14626.0
New_York,TPL_BI,2018-03,2020-03,0,12499.0
New_York,TPL_BI,2018-03,2021-03,0,5739.0
New_York,TPL_BI,2018-03,2022-03,0,-4319.0
New_York,TPL_BI,2018-04,2018-07,3,9403.0
New_York,TPL_BI,2018-04,2019-04,0,8996.0
New_York,TPL_BI,2018-04,2020-04,0,10260.0
New_York,TPL_BI,2018-04,2021-04,0,3615.0
New_York,TPL_BI,2018-04,2022-04,0,-849.0
New_York,TPL_BI,2018-05,2018-08,1,6750.0
New_York,TPL_BI,2018-05,2019-05,0,6935.0
New_York,TPL_BI,2018-05,2020-05,0,5408.0
New_York,TPL_BI,2018-05,2021-05,0,-444.0
New_York,TPL_BI,2018-05,2022-05,0,3031.0
New_York,TPL_BI,2018-06,2018-09,3,31822.0
New_York,TPL_BI,2018-06,2019-06,0,37608.0
New_York,TPL_BI,2018-06,2020-06,0,36970.0
New_York,TPL_BI,2018-06,2021-06,0,8014.0
New_York,TPL_BI,2018-06,2022-06,0,9958.0
New_York,TPL_BI,2018-08,2018-11,2,25212.0
New_York,TPL_BI,2018-08,2019-08,0,34418.0
New_York,TPL_BI,2018-08,2020-08,0,27747.0
New_York,TPL_BI,2018-08,2021-08,0,15029.0
New_York,TPL_BI,2018-08,2022-08,0,-13113.0
New_York,TPL_BI,2018-11,2019-02,2,10890.0
New_York,TPL_BI,2018-11,2019-11,0,8175.0
New_York,TPL_BI,2018-11,2020-11,0,10311.0
New_York,TPL_BI,2018-11,2021-11,0,11020.0
New_York,TPL_BI,2018-11,2022-11,0,-791.0
New_York,TPL_BI,2019-01,2019-04,1,2469.0
New_York,TPL_BI,2019-01,2020-01,0,2249.0
New_York,TPL_BI,2019-01,2021-01,0,3120.0
New_York,TPL_BI,2019-01,2022-01,0,2241.0
New_York,TPL_BI,2019-01,2023-01,0,1521.0
New_York,TPL_BI,2019-02,2019-05,1,6854.0
New_York,TPL_BI,2019-02,2020-02,0,7542.0
New_York,TPL_BI,2019-02,2021-02,0,7744.0
New_York,TPL_BI,2019-02,2022-02,0,-1973.0
New_York,TPL_BI,2019-02,2023-02,0,1445.0
New_York,TPL_BI,2019-03,2019-06,2,18977.0
New_York,TPL_BI,2019-03,2020-03,0,15801.0
New_York,TPL_BI,2019-03,2021-03,0,12856.0
New_York,TPL_BI,2019-03,2022-03,0,461.0
New_York,TPL_BI,2019-03,2023-03,0,2065.0
New_York,TPL_BI,2019-04,2019-07,1,2429.0
New_York,TPL_BI,2019-04,2020-04,0,1915.0
New_York,TPL_BI,2019-04,2021-04,0,614.0
New_York,TPL_BI,2019-04,2022-04,0,914.0
New_York,TPL_BI,2019-04,2023-04,0,625.0
New_York,TPL_BI,2019-05,2019-08,1,1747.0
New_York,TPL_BI,2019-05,2020-05,0,1827.0
New_York,TPL_BI,2019-05,2021-05,0,1825.0
New_York,TPL_BI,2019-05,2022-05,0,745.0
New_York,TPL_BI,2019-05,2023-05,0,131.0
New_York,TPL_BI,2019-07,2019-10,1,2928.0
New_York,TPL_BI,2019-07,2020-07,0,3857.0
New_York,TPL_BI,2019-07,2021-07,0,1252.0
New_York,TPL_BI,2019-07,2022-07,0,2151.0
New_York,TPL_BI,2019-07,2023-07,0,1023.0
New_York,TPL_BI,2019-10,2020-01,1,2247.0
New_York,TPL_BI,2019-10,2020-10,0,2673.0
New_York,TPL_BI,2019-10,2021-10,0,3018.0
New_York,TPL_BI,2019-10,2022-10,0,509.0
New_York,TPL_BI,2019-10,2023-10,0,-1144.0
New_York,TPL_BI,2020-01,2020-04,1,2169.0
New_York,TPL_BI,2020-01,2021-01,0,2626.0
New_York,TPL_BI,2020-01,2022-01,0,1980.0
New_York,TPL_BI,2020-01,2023-01,0,593.0
New_York,TPL_BI,2020-01,2024-01,0,-85.0
New_York,TPL_BI,2020-02,2020-05,4,22987.0
New_York,TPL_BI,2020-02,2021-02,0,23870.0
New_York,TPL_BI,2020-02,2022-02,0,25146.0
New_York,TPL_BI,2020-02,2023-02,0,13733.0
New_York,TPL_BI,2020-02,2024-02,0,5248.0
New_York,TPL_BI,2020-03,2020-06,2,19535.0
New_York,TPL_BI,2020-03,2021-03,0,21012.0
New_York,TPL_BI,2020-03,2022-03,0,24040.0
New_York,TPL_BI,2020-03,2023-03,0,7873.0
New_York,TPL_BI,2020-03,2024-03,0,-2353.0
New_York,TPL_BI,2020-04,2020-07,1,12786.0
New_York,TPL_BI,2020-04,2021-04,0,11499.0
New_York,TPL_BI,2020-04,2022-04,0,18157.0
New_York,TPL_BI,2020-04,2023-04,0,9822.0
New_York,TPL_BI,2020-04,2024-04,0,-1921.0
New_York,TPL_BI,2020-05,2020-08,1,4735.0
New_York,TPL_BI,2020-05,2021-05,0,4771.0
New_York,TPL_BI,2020-05,2022-05,0,3766.0
New_York,TPL_BI,2020-05,2023-05,0,3272.0
New_York,TPL_BI,2020-05,2024-05,0,2722.0
New_York,TPL_BI,2020-08,2020-11,1,12087.0
New_York,TPL_BI,2020-08,2021-08,0,13776.0
New_York,TPL_BI,2020-08,2022-08,0,13455.0
New_York,TPL_BI,2020-08,2023-08,0,4643.0
New_York,TPL_BI,2020-08,2024-08,0,8289.0
New_York,TPL_BI,2020-09,2020-12,3,12240.0
New_York,TPL_BI,2020-09,2021-09,0,12542.0
New_York,TPL_BI,2020-09,2022-09,0,12601.0
New_York,TPL_BI,2020-09,2023-09,0,666.0
New_York,TPL_BI,2020-09,2024-09,0,1598.0
New_York,TPL_BI,2020-10,2021-01,2,5464.0
New_York,TPL_BI,2020-10,2021-10,0,5076.0
New_York,TPL_BI,2020-10,2022-10,0,5335.0
New_York,TPL_BI,2020-10,2023-10,0,2447.0
New_York,TPL_BI,2020-10,2024-10,0,2265.0
New_York,TPL_BI,2020-11,2021-02,1,2358.0
New_York,TPL_BI,2020-11,2021-11,0,3017.0
New_York,TPL_BI,2020-11,2022-11,0,2765.0
New_York,TPL_BI,2020-11,2023-11,0,1329.0
New_York,TPL_BI,2020-11,2024-11,0,226.0
New_York,TPL_BI,2020-12,2021-03,1,4967.0
New_York,TPL_BI,2020-12,2021-12,0,6205.0
New_York,TPL_BI,2020-12,2022-12,0,6179.0
New_York,TPL_BI,2020-12,2023-12,0,4353.0
New_York,TPL_BI,2020-12,2024-12,0,-2312.0
New_York,TPL_BI,2021-01,2021-04,1,34653.0
New_York,TPL_BI,2021-01,2022-01,0,32311.0
New_York,TPL_BI,2021-01,2023-01,0,33130.0
New_York,TPL_BI,2021-01,2024-01,0,23734.0
New_York,TPL_BI,2021-01,2025-01,0,-14522.0
New_York,TPL_BI,2021-04,2021-07,2,51537.0
New_York,TPL_BI,2021-04,2022-04,0,65927.0
New_York,TPL_BI,2021-04,2023-04,0,39940.0
New_York,TPL_BI,2021-04,2024-04,0,6551.0
New_York,TPL_BI,2021-04,2025-04,0,43847.0
New_York,TPL_BI,2021-05,2021-08,2,8092.0
New_York,TPL_BI,2021-05,2022-05,0,7419.0
New_York,TPL_BI,2021-05,2023-05,0,7274.0
New_York,TPL_BI,2021-05,2024-05,0,4218.0
New_York,TPL_BI,2021-05,2025-05,0,4148.0
New_York,TPL_BI,2021-06,2021-09,1,28555.0
New_York,TPL_BI,2021-06,2022-06,0,37138.0
New_York,TPL_BI,2021-06,2023-06,0,21706.0
New_York,TPL_BI,2021-06,2024-06,0,20533.0
New_York,TPL_BI,2021-06,2025-06,0,-21720.0
New_York,TPL_BI,2021-08,2021-11,1,7276.0
New_York,TPL_BI,2021-08,2022-08,0,8813.0
New_York,TPL_BI,2021-08,2023-08,0,9476.0
New_York,TPL_BI,2021-08,2024-08,0,375.0
New_York,TPL_BI,2021-08,2025-08,0,-1171.0
New_York,TPL_BI,2021-09,2021-12,3,32887.0
New_York,TPL_BI,2021-09,2022-09,0,34690.0
New_York,TPL_BI,2021-09,2023-09,0,35867.0
New_York,TPL_BI,2021-09,2024-09,0,9306.0
New_York,TPL_BI,2021-09,2025-09,0,-5840.0
New_York,TPL_BI,2021-11,2022-02,1,11269.0
New_York,TPL_BI,2021-11,2022-11,0,10819.0
New_York,TPL_BI,2021-11,2023-11,0,8536.0
New_York,TPL_BI,2021-11,2024-11,0,4948.0
New_York,TPL_BI,2021-11,2025-11,0,1208.0
New_York,TPL_BI,2022-04,2022-07,1,18477.0
New_York,TPL_BI,2022-04,2023-04,0,22334.0
New_York,TPL_BI,2022-04,2024-04,0,25396.0
New_York,TPL_BI,2022-04,2025-04,0,16028.0
New_York,TPL_BI,2022-05,2022-08,2,23523.0
New_York,TPL_BI,2022-05,2023-05,0,20417.0
New_York,TPL_BI,2022-05,2024-05,0,13160.0
New_York,TPL_BI,2022-05,2025-05,0,10850.0
New_York,TPL_BI,2022-06,2022-09,5,40835.0
New_York,TPL_BI,2022-06,2023-06,0,41645.0
New_York,TPL_BI,2022-06,2024-06,0,40073.0
New_York,TPL_BI,2022-06,2025-06,0,26045.0
New_York,TPL_BI,2022-10,2023-01,2,18332.0
New_York,TPL_BI,2022-10,2023-10,0,16561.0
New_York,TPL_BI,2022-10,2024-10,0,23890.0
New_York,TPL_BI,2022-10,2025-10,0,4339.0
New_York,TPL_BI,2022-12,2023-03,2,10672.0
New_York,TPL_BI,2022-12,2023-12,0,8635.0
New_York,TPL_BI,2022-12,2024-12,0,6349.0
New_York,TPL_BI,2022-12,2025-12,0,5632.0
New_York,TPL_BI,2023-03,2023-06,2,38748.0
New_York,TPL_BI,2023-03,2024-03,0,41840.0
New_York,TPL_BI,2023-03,2025-03,0,36910.0
New_York,TPL_BI,2023-04,2023-07,4,35381.0
New_York,TPL_BI,2023-04,2024-04,0,38503.0
New_York,TPL_BI,2023-04,2025-04,0,43195.0
New_York,TPL_BI,2023-06,2023-09,1,56715.0
New_York,TPL_BI,2023-06,2024-06,0,41798.0
New_York,TPL_BI,2023-06,2025-06,0,85014.0
New_York,TPL_BI,2023-10,2024-01,2,9001.0
New_York,TPL_BI,2023-10,2024-10,0,9880.0
New_York,TPL_BI,2023-10,2025-10,0,7783.0
New_York,TPL_BI,2024-01,2024-04,1,28697.0
New_York,TPL_BI,2024-01,2025-01,0,20843.0
New_York,TPL_BI,2024-04,2024-07,3,40650.0
New_York,TPL_BI,2024-04,2025-04,0,37957.0
New_York,TPL_BI,2024-05,2024-08,1,12819.0
New_York,TPL_BI,2024-05,2025-05,0,13629.0
New_York,TPL_BI,2024-06,2024-09,1,4339.0
New_York,TPL_BI,2024-06,2025-06,0,3892.0
New_York,TPL_BI,2024-07,2024-10,3,24731.0
New_York,TPL_BI,2024-07,2025-07,0,19241.0
New_York,TPL_BI,2024-11,2025-02,2,14402.0
New_York,TPL_BI,2024-11,2025-11,0,14571.0
New_York,TPL_BI,2025-01,2025-04,2,16476.0
New_York,TPL_BI,2025-03,2025-06,1,9368.0
New_York,TPL_BI,2025-08,2025-11,1,9247.0
New_York,AB,2016-04,2016-07,1,9511.0
New_York,AB,2016-04,2017-04,0,11006.0
New_York,AB,2016-04,2018-04,0,12965.0
New_York,AB,2016-04,2020-04,0,10682.0
New_York,AB,2016-04,2022-04,0,7438.0
New_York,AB,2016-04,2024-04,0,-818.0
New_York,AB,2016-05,2016-08,1,454.0
New_York,AB,2016-05,2017-05,0,664.0
New_York,AB,2016-05,2018-05,0,855.0
New_York,AB,2016-05,2020-05,0,814.0
New_York,AB,2016-05,2022-05,0,1121.0
New_York,AB,2016-05,2024-05,0,-126.0
New_York,AB,2016-12,2017-03,1,970.0
New_York,AB,2016-12,2017-12,0,1230.0
New_York,AB,2016-12,2018-12,0,2169.0
New_York,AB,2016-12,2020-12,0,1371.0
New_York,AB,2016-12,2022-12,0,370.0
New_York,AB,2016-12,2024-12,0,1331.0
New_York,AB,2017-01,2017-04,1,24388.0
New_York,AB,2017-01,2018-01,0,34988.0
New_York,AB,2017-01,2019-01,0,56699.0
New_York,AB,2017-01,2021-01,0,52734.0
New_York,AB,2017-01,2023-01,0,34737.0
New_York,AB,2017-01,2025-01,0,4866.0
New_York,AB,2017-03,2017-06,1,198.0
New_York,AB,2017-03,2018-03,0,247.0
New_York,AB,2017-03,2019-03,0,308.0
New_York,AB,2017-03,2021-03,0,459.0
New_York,AB,2017-03,2023-03,0,221.0
New_York,AB,2017-03,2025-03,0,314.0
New_York,AB,2017-07,2017-10,1,20242.0
New_York,AB,2017-07,2018-07,0,28852.0
New_York,AB,2017-07,2019-07,0,27068.0
New_York,AB,2017-07,2021-07,0,38130.0
New_York,AB,2017-07,2023-07,0,6166.0
New_York,AB,2017-07,2025-07,0,-4541.0
New_York,AB,2017-09,2017-12,3,20174.0
New_York,AB,2017-09,2018-09,0,20616.0
New_York,AB,2017-09,2019-09,0,26870.0
New_York,AB,2017-09,2021-09,0,34930.0
New_York,AB,2017-09,2023-09,0,21458.0
New_York,AB,2017-09,2025-09,0,-371.0
New_York,AB,2017-11,2018-02,2,11660.0
New_York,AB,2017-11,2018-11,0,18704.0
New_York,AB,2017-11,2019-11,0,24947.0
New_York,AB,2017-11,2021-11,0,14497.0
New_York,AB,2017-11,2023-11,0,3131.0
New_York,AB,2017-11,2025-11,0,2690.0
New_York,AB,2018-02,2018-05,1,13200.0
New_York,AB,2018-02,2019-02,0,17510.0
New_York,AB,2018-02,2020-02,0,31892.0
New_York,AB,2018-02,2022-02,0,33178.0
New_York,AB,2018-02,2024-02,0,6746.0
New_York,AB,2018-03,2018-06,1,13173.0
New_York,AB,2018-03,2019-03,0,16689.0
New_York,AB,2018-03,2020-03,0,9947.0
New_York,AB,2018-03,2022-03,0,13091.0
New_York,AB,2018-03,2024-03,0,7956.0
New_York,AB,2018-04,2018-07,1,10614.0
New_York,AB,2018-04,2019-04,0,12054.0
New_York,AB,2018-04,2020-04,0,21023.0
New_York,AB,2018-04,2022-04,0,9245.0
New_York,AB,2018-04,2024-04,0,7696.0
New_York,AB,2018-07,2018-10,1,330.0
New_York,AB,2018-07,2019-07,0,355.0
New_York,AB,2018-07,2020-07,0,790.0
New_York,AB,2018-07,2022-07,0,579.0
New_York,AB,2018-07,2024-07,0,624.0
New_York,AB,2018-11,2019-02,1,3594.0
New_York,AB,2018-11,2019-11,0,5590.0
New_York,AB,2018-11,2020-11,0,6490.0
New_York,AB,2018-11,2022-11,0,6565.0
New_York,AB,2018-11,2024-11,0,3901.0
New_York,AB,2019-01,2019-04,4,28264.0
New_York,AB,2019-01,2020-01,0,39789.0
New_York,AB,2019-01,2021-01,0,70052.0
New_York,AB,2019-01,2023-01,0,37908.0
New_York,AB,2019-01,2025-01,0,35783.0
New_York,AB,2019-03,2019-06,2,23776.0
New_York,AB,2019-03,2020-03,0,31523.0
New_York,AB,2019-03,2021-03,0,44829.0
New_York,AB,2019-03,2023-03,0,31006.0
New_York,AB,2019-03,2025-03,0,18533.0
New_York,AB,2019-05,2019-08,1,4275.0
New_York,AB,2019-05,2020-05,0,5347.0
New_York,AB,2019-05,2021-05,0,4806.0
New_York,AB,2019-05,2023-05,0,7137.0
New_York,AB,2019-05,2025-05,0,1239.0
New_York,AB,2019-06,2019-09,3,77368.0
New_York,AB,2019-06,2020-06,0,90923.0
New_York,AB,2019-06,2021-06,0,135031.0
New_York,AB,2019-06,2023-06,0,79085.0
New_York,AB,2019-06,2025-06,0,69875.0
New_York,AB,2019-10,2020-01,1,10299.0
New_York,AB,2019-10,2020-10,0,13267.0
New_York,AB,2019-10,2021-10,0,26290.0
New_York,AB,2019-10,2023-10,0,10908.0
New_York,AB,2019-10,2025-10,0,17176.0
New_York,AB,2019-11,2020-02,1,831.0
New_York,AB,2019-11,2020-11,0,980.0
New_York,AB,2019-11,2021-11,0,2041.0
New_York,AB,2019-11,2023-11,0,2020.0
New_York,AB,2019-11,2025-11,0,-253.0
New_York,AB,2020-01,2020-04,1,18925.0
New_York,AB,2020-01,2021-01,0,30865.0
New_York,AB,2020-01,2022-01,0,33373.0
New_York,AB,2020-01,2024-01,0,48595.0
New_York,AB,2020-05,2020-08,1,67771.0
New_York,AB,2020-05,2021-05,0,45018.0
New_York,AB,2020-05,2022-05,0,56352.0
New_York,AB,2020-05,2024-05,0,24600.0
New_York,AB,2020-06,2020-09,1,5016.0
New_York,AB,2020-06,2021-06,0,6184.0
New_York,AB,2020-06,2022-06,0,9569.0
New_York,AB,2020-06,2024-06,0,6477.0
New_York,AB,2020-07,2020-10,1,2183.0
New_York,AB,2020-07,2021-07,0,2572.0
New_York,AB,2020-07,2022-07,0,2685.0
New_York,AB,2020-07,2024-07,0,658.0
New_York,AB,2020-08,2020-11,1,5453.0
New_York,AB,2020-08,2021-08,0,5333.0
New_York,AB,2020-08,2022-08,0,8248.0
New_York,AB,2020-08,2024-08,0,7371.0
New_York,AB,2020-09,2020-12,2,15992.0
New_York,AB,2020-09,2021-09,0,20722.0
New_York,AB,2020-09,2022-09,0,24682.0
New_York,AB,2020-09,2024-09,0,34826.0
New_York,AB,2020-11,2021-02,2,6372.0
New_York,AB,2020-11,2021-11,0,9593.0
New_York,AB,2020-11,2022-11,0,12894.0
New_York,AB,2020-11,2024-11,0,10415.0
New_York,AB,2021-06,2021-09,1,6494.0
New_York,AB,2021-06,2022-06,0,10236.0
New_York,AB,2021-06,2023-06,0,14398.0
New_York,AB,2021-06,2025-06,0,10582.0
New_York,AB,2021-07,2021-10,1,1618.0
New_York,AB,2021-07,2022-07,0,3182.0
New_York,AB,2021-07,2023-07,0,2633.0
New_York,AB,2021-07,2025-07,0,4336.0
New_York,AB,2021-10,2022-01,1,1005.0
New_York,AB,2021-10,2022-10,0,1112.0
New_York,AB,2021-10,2023-10,0,1603.0
New_York,AB,2021-10,2025-10,0,1582.0
New_York,AB,2021-11,2022-02,1,4333.0
New_York,AB,2021-11,2022-11,0,5529.0
New_York,AB,2021-11,2023-11,0,6122.0
New_York,AB,2021-11,2025-11,0,8236.0
New_York,AB,2022-08,2022-11,1,23796.0
New_York,AB,2022-08,2023-08,0,31089.0
New_York,AB,2022-08,2024-08,0,28266.0
New_York,AB,2022-10,2023-01,2,6819.0
New_York,AB,2022-10,2023-10,0,8217.0
New_York,AB,2022-10,2024-10,0,16214.0
New_York,AB,2023-01,2023-04,1,2009.0
New_York,AB,2023-01,2024-01,0,2585.0
New_York,AB,2023-01,2025-01,0,4630.0
New_York,AB,2023-02,2023-05,1,3533.0
New_York,AB,2023-02,2024-02,0,5548.0
New_York,AB,2023-02,2025-02,0,7810.0
New_York,AB,2023-04,2023-07,1,24392.0
New_York,AB,2023-04,2024-04,0,24010.0
New_York,AB,2023-04,2025-04,0,35524.0
New_York,AB,2023-08,2023-11,1,7940.0
New_York,AB,2023-08,2024-08,0,12100.0
New_York,AB,2023-08,2025-08,0,20320.0
New_York,AB,2023-09,2023-12,1,14828.0
New_York,AB,2023-09,2024-09,0,15883.0
New_York,AB,2023-09,2025-09,0,25577.0
New_York,AB,2023-10,2024-01,2,27609.0
New_York,AB,2023-10,2024-10,0,31244.0
New_York,AB,2023-10,2025-10,0,49013.0
New_York,AB,2023-12,2024-03,1,13687.0
New_York,AB,2023-12,2024-12,0,17260.0
New_York,AB,2023-12,2025-12,0,25610.0
New_York,AB,2024-01,2024-04,2,19714.0
New_York,AB,2024-01,2025-01,0,20126.0
New_York,AB,2024-03,2024-06,1,2416.0
New_York,AB,2024-03,2025-03,0,3087.0
New_York,AB,2024-05,2024-08,1,15686.0
New_York,AB,2024-05,2025-05,0,25763.0
New_York,AB,2024-07,2024-10,1,2227.0
New_York,AB,2024-07,2025-07,0,2825.0
New_York,AB,2024-11,2025-02,2,2297.0
New_York,AB,2024-11,2025-11,0,3394.0
New_York,AB,2025-03,2025-06,2,112407.0
New_York,AB,2025-04,2025-07,1,3534.0
New_York,AB,2025-05,2025-08,1,6432.0
New_York,AB,2025-06,2025-09,1,343.0
New_York,AB,2025-07,2025-10,1,1863.0
Chicago,COLL,2016-01,2016-01,12,27660.0
Chicago,COLL,2016-01,2016-02,0,15777.0
Chicago,COLL,2016-01,2016-03,0,16343.0
Chicago,COLL,2016-01,2016-04,0,3129.0
Chicago,COLL,2016-02,2016-02,8,24880.0
Chicago,COLL,2016-02,2016-03,0,14158.0
Chicago,COLL,2016-02,2016-04,0,9882.0
Chicago,COLL,2016-02,2016-05,0,1426.0
Chicago,COLL,2016-03,2016-03,9,21983.0
Chicago,COLL,2016-03,2016-04,0,13268.0
Chicago,COLL,2016-03,2016-05,0,9517.0
Chicago,COLL,2016-03,2016-06,0,1235.0
Chicago,COLL,2016-04,2016-04,7,29466.0
Chicago,COLL,2016-04,2016-05,0,17372.0
Chicago,COLL,2016-04,2016-06,0,6057.0
Chicago,COLL,2016-04,2016-07,0,3124.0
Chicago,COLL,2016-05,2016-05,13,43488.0
Chicago,COLL,2016-05,2016-06,0,26903.0
Chicago,COLL,2016-05,2016-07,0,20019.0
Chicago,COLL,2016-05,2016-08,0,7491.0
Chicago,COLL,2016-06,2016-06,8,11306.0
Chicago,COLL,2016-06,2016-07,0,7863.0
Chicago,COLL,2016-06,2016-08,0,6881.0
Chicago,COLL,2016-06,2016-09,0,1875.0
Chicago,COLL,2016-07,2016-07,17,44674.0
Chicago,COLL,2016-07,2016-08,0,25853.0
Chicago,COLL,2016-07,2016-09,0,17944.0
Chicago,COLL,2016-07,2016-10,0,4335.0
Chicago,COLL,2016-08,2016-08,16,35601.0
Chicago,COLL,2016-08,2016-09,0,21273.0
Chicago,COLL,2016-08,2016-10,0,18958.0
Chicago,COLL,2016-08,2016-11,0,5867.0
Chicago,COLL,2016-09,2016-09,15,39026.0
Chicago,COLL,2016-09,2016-10,0,20657.0
Chicago,COLL,2016-09,2016-11,0,16075.0
Chicago,COLL,2016-09,2016-12,0,5728.0
Chicago,COLL,2016-10,2016-10,11,47121.0
Chicago,COLL,2016-10,2016-11,0,20706.0
Chicago,COLL,2016-10,2016-12,0,19434.0
Chicago,COLL,2016-10,2017-01,0,-7502.0
Chicago,COLL,2016-11,2016-11,10,29023.0
Chicago,COLL,2016-11,2016-12,0,15834.0
Chicago,COLL,2016-11,2017-01,0,16993.0
Chicago,COLL,2016-11,2017-02,0,6695.0
Chicago,COLL,2016-12,2016-12,10,21506.0
Chicago,COLL,2016-12,2017-01,0,13625.0
Chicago,COLL,2016-12,2017-02,0,11463.0
Chicago,COLL,2016-12,2017-03,0,1977.0
Chicago,COLL,2017-01,2017-01,7,12889.0
Chicago,COLL,2017-01,2017-02,0,8537.0
Chicago,COLL,2017-01,2017-03,0,5165.0
Chicago,COLL,2017-01,2017-04,0,2083.0
Chicago,COLL,2017-02,2017-02,10,20341.0
Chicago,COLL,2017-02,2017-03,0,9772.0
Chicago,COLL,2017-02,2017-04,0,8153.0
Chicago,COLL,2017-02,2017-05,0,3914.0
Chicago,COLL,2017-03,2017-03,16,41352.0
Chicago,COLL,2017-03,2017-04,0,24441.0
Chicago,COLL,2017-03,2017-05,0,23686.0
Chicago,COLL,2017-03,2017-06,0,5029.0
Chicago,COLL,2017-04,2017-04,13,29003.0
Chicago,COLL,2017-04,2017-05,0,16397.0
Chicago,COLL,2017-04,2017-06,0,12606.0
Chicago,COLL,2017-04,2017-07,0,5294.0
Chicago,COLL,2017-05,2017-05,11,32058.0
Chicago,COLL,2017-05,2017-06,0,13082.0
Chicago,COLL,2017-05,2017-07,0,13538.0
Chicago,COLL,2017-05,2017-08,0,3216.0
Chicago,COLL,2017-06,2017-06,8,21570.0
Chicago,COLL,2017-06,2017-07,0,11159.0
Chicago,COLL,2017-06,2017-08,0,9984.0
Chicago,COLL,2017-06,2017-09,0,68.0
Chicago,COLL,2017-07,2017-07,17,44376.0
Chicago,COLL,2017-07,2017-08,0,27221.0
Chicago,COLL,2017-07,2017-09,0,19906.0
Chicago,COLL,2017-07,2017-10,0,3459.0
Chicago,COLL,2017-08,2017-08,14,35815.0
Chicago,COLL,2017-08,2017-09,0,21464.0
Chicago,COLL,2017-08,2017-10,0,14994.0
Chicago,COLL,2017-08,2017-11,0,1581.0
Chicago,COLL,2017-09,2017-09,12,19055.0
Chicago,COLL,2017-09,2017-10,0,12279.0
Chicago,COLL,2017-09,2017-11,0,11836.0
Chicago,COLL,2017-09,2017-12,0,1556.0
Chicago,COLL,2017-10,2017-10,15,38712.0
Chicago,COLL,2017-10,2017-11,0,22649.0
Chicago,COLL,2017-10,2017-12,0,17349.0
Chicago,COLL,2017-10,2018-01,0,2305.0
Chicago,COLL,2017-11,2017-11,12,27213.0
Chicago,COLL,2017-11,2017-12,0,18310.0
Chicago,COLL,2017-11,2018-01,0,14308.0
Chicago,COLL,2017-11,2018-02,0,3122.0
Chicago,COLL,2017-12,2017-12,9,24955.0
Chicago,COLL,2017-12,2018-01,0,13211.0
Chicago,COLL,2017-12,2018-02,0,10463.0
Chicago,COLL,2017-12,2018-03,0,3839.0
Chicago,COLL,2018-01,2018-01,11,18550.0
Chicago,COLL,2018-01,2018-02,0,11108.0
Chicago,COLL,2018-01,2018-03,0,9000.0
Chicago,COLL,2018-01,2018-04,0,1378.0
Chicago,COLL,2018-02,2018-02,9,25913.0
Chicago,COLL,2018-02,2018-03,0,15282.0
Chicago,COLL,2018-02,2018-04,0,13447.0
Chicago,COLL,2018-02,2018-05,0,-652.0
Chicago,COLL,2018-03,2018-03,14,31881.0
Chicago,COLL,2018-03,2018-04,0,18757.0
Chicago,COLL,2018-03,2018-05,0,16492.0
Chicago,COLL,2018-03,2018-06,0,-1441.0
Chicago,COLL,2018-04,2018-04,16,43812.0
Chicago,COLL,2018-04,2018-05,0,24100.0
Chicago,COLL,2018-04,2018-06,0,21695.0
Chicago,COLL,2018-04,2018-07,0,4863.0
Chicago,COLL,2018-05,2018-05,14,31439.0
Chicago,COLL,2018-05,2018-06,0,18908.0
Chicago,COLL,2018-05,2018-07,0,11162.0
Chicago,COLL,2018-05,2018-08,0,1883.0
Chicago,COLL,2018-06,2018-06,13,31717.0
Chicago,COLL,2018-06,2018-07,0,19749.0
Chicago,COLL,2018-06,2018-08,0,14951.0
Chicago,COLL,2018-06,2018-09,0,6380.0
Chicago,COLL,2018-07,2018-07,11,31597.0
Chicago,COLL,2018-07,2018-08,0,18395.0
Chicago,COLL,2018-07,2018-09,0,11383.0
Chicago,COLL,2018-07,2018-10,0,3135.0
Chicago,COLL,2018-08,2018-08,10,33867.0
Chicago,COLL,2018-08,2018-09,0,24728.0
Chicago,COLL,2018-08,2018-10,0,20023.0
Chicago,COLL,2018-08,2018-11,0,4663.0
Chicago,COLL,2018-09,2018-09,6,15412.0
Chicago,COLL,2018-09,2018-10,0,9477.0
Chicago,COLL,2018-09,2018-11,0,6608.0
Chicago,COLL,2018-09,2018-12,0,3609.0
Chicago,COLL,2018-10,2018-10,8,18207.0
Chicago,COLL,2018-10,2018-11,0,10325.0
Chicago,COLL,2018-10,2018-12,0,9464.0
Chicago,COLL,2018-10,2019-01,0,3340.0
Chicago,COLL,2018-11,2018-11,7,23114.0
Chicago,COLL,2018-11,2018-12,0,14791.0
Chicago,COLL,2018-11,2019-01,0,12863.0
Chicago,COLL,2018-11,2019-02,0,6259.0
Chicago,COLL,2018-12,2018-12,11,38313.0
Chicago,COLL,2018-12,2019-01,0,21459.0
Chicago,COLL,2018-12,2019-02,0,13630.0
Chicago,COLL,2018-12,2019-03,0,1768.0
Chicago,COLL,2019-01,2019-01,10,29830.0
Chicago,COLL,2019-01,2019-02,0,17074.0
Chicago,COLL,2019-01,2019-03,0,13470.0
Chicago,COLL,2019-01,2019-04,0,3156.0
Chicago,COLL,2019-02,2019-02,9,34276.0
Chicago,COLL,2019-02,2019-03,0,20761.0
Chicago,COLL,2019-02,2019-04,0,12895.0
Chicago,COLL,2019-02,2019-05,0,6122.0
Chicago,COLL,2019-03,2019-03,7,26098.0
Chicago,COLL,2019-03,2019-04,0,14907.0
Chicago,COLL,2019-03,2019-05,0,12184.0
Chicago,COLL,2019-03,2019-06,0,-2391.0
Chicago,COLL,2019-04,2019-04,11,33795.0
Chicago,COLL,2019-04,2019-05,0,19204.0
Chicago,COLL,2019-04,2019-06,0,13185.0
Chicago,COLL,2019-04,2019-07,0,2625.0
Chicago,COLL,2019-05,2019-05,15,36323.0
Chicago,COLL,2019-05,2019-06,0,19733.0
Chicago,COLL,2019-05,2019-07,0,14479.0
Chicago,COLL,2019-05,2019-08,0,3450.0
Chicago,COLL,2019-06,2019-06,13,37111.0
Chicago,COLL,2019-06,2019-07,0,23531.0
Chicago,COLL,2019-06,2019-08,0,14373.0
Chicago,COLL,2019-06,2019-09,0,622.0
Chicago,COLL,2019-07,2019-07,10,21630.0
Chicago,COLL,2019-07,2019-08,0,13746.0
Chicago,COLL,2019-07,2019-09,0,13654.0
Chicago,COLL,2019-07,2019-10,0,1567.0
Chicago,COLL,2019-08,2019-08,12,49003.0
Chicago,COLL,2019-08,2019-09,0,25639.0
Chicago,COLL,2019-08,2019-10,0,19631.0
Chicago,COLL,2019-08,2019-11,0,2610.0
Chicago,COLL,2019-09,2019-09,10,24753.0
Chicago,COLL,2019-09,2019-10,0,13239.0
Chicago,COLL,2019-09,2019-11,0,10603.0
Chicago,COLL,2019-09,2019-12,0,6286.0
Chicago,COLL,2019-10,2019-10,11,21385.0
Chicago,COLL,2019-10,2019-11,0,13816.0
Chicago,COLL,2019-10,2019-12,0,10990.0
Chicago,COLL,2019-10,2020-01,0,3965.0
Chicago,COLL,2019-11,2019-11,11,25350.0
Chicago,COLL,2019-11,2019-12,0,12645.0
Chicago,COLL,2019-11,2020-01,0,11648.0
Chicago,COLL,2019-11,2020-02,0,3776.0
Chicago,COLL,2019-12,2019-12,20,59107.0
Chicago,COLL,2019-12,2020-01,0,34021.0
Chicago,COLL,2019-12,2020-02,0,28152.0
Chicago,COLL,2019-12,2020-03,0,12780.0
Chicago,COLL,2020-01,2020-01,12,31752.0
Chicago,COLL,2020-01,2020-02,0,18826.0
Chicago,COLL,2020-01,2020-03,0,13377.0
Chicago,COLL,2020-01,2020-04,0,-912.0
Chicago,COLL,2020-02,2020-02,10,29483.0
Chicago,COLL,2020-02,2020-03,0,14377.0
Chicago,COLL,2020-02,2020-04,0,10519.0
Chicago,COLL,2020-02,2020-05,0,1118.0
Chicago,COLL,2020-03,2020-03,20,57121.0
Chicago,COLL,2020-03,2020-04,0,35830.0
Chicago,COLL,2020-03,2020-05,0,26472.0
Chicago,COLL,2020-03,2020-06,0,6530.0
Chicago,COLL,2020-04,2020-04,7,25426.0
Chicago,COLL,2020-04,2020-05,0,13581.0
Chicago,COLL,2020-04,2020-06,0,10629.0
Chicago,COLL,2020-04,2020-07,0,1093.0
Chicago,COLL,2020-05,2020-05,13,40636.0
Chicago,COLL,2020-05,2020-06,0,19808.0
Chicago,COLL,2020-05,2020-07,0,17173.0
Chicago,COLL,2020-05,2020-08,0,-536.0
Chicago,COLL,2020-06,2020-06,12,23656.0
Chicago,COLL,2020-06,2020-07,0,14780.0
Chicago,COLL,2020-06,2020-08,0,11737.0
Chicago,COLL,2020-06,2020-09,0,2863.0
Chicago,COLL,2020-07,2020-07,14,46986.0
Chicago,COLL,2020-07,2020-08,0,27208.0
Chicago,COLL,2020-07,2020-09,0,25127.0
Chicago,COLL,2020-07,2020-10,0,3839.0
Chicago,COLL,2020-08,2020-08,15,41466.0
Chicago,COLL,2020-08,2020-09,0,23820.0
Chicago,COLL,2020-08,2020-10,0,19485.0
Chicago,COLL,2020-08,2020-11,0,579.0
Chicago,COLL,2020-09,2020-09,10,32234.0
Chicago,COLL,2020-09,2020-10,0,17151.0
Chicago,COLL,2020-09,2020-11,0,16775.0
Chicago,COLL,2020-09,2020-12,0,-937.0
Chicago,COLL,2020-10,2020-10,11,32563.0
Chicago,COLL,2020-10,2020-11,0,20956.0
Chicago,COLL,2020-10,2020-12,0,15408.0
Chicago,COLL,2020-10,2021-01,0,4125.0
Chicago,COLL,2020-11,2020-11,11,29250.0
Chicago,COLL,2020-11,2020-12,0,15143.0
Chicago,COLL,2020-11,2021-01,0,12364.0
Chicago,COLL,2020-11,2021-02,0,4205.0
Chicago,COLL,2020-12,2020-12,16,48655.0
Chicago,COLL,2020-12,2021-01,0,26771.0
Chicago,COLL,2020-12,2021-02,0,24882.0
Chicago,COLL,2020-12,2021-03,0,7901.0
Chicago,COLL,2021-01,2021-01,10,40852.0
Chicago,COLL,2021-01,2021-02,0,25529.0
Chicago,COLL,2021-01,2021-03,0,18925.0
Chicago,COLL,2021-01,2021-04,0,3428.0
Chicago,COLL,2021-02,2021-02,5,19700.0
Chicago,COLL,2021-02,2021-03,0,14035.0
Chicago,COLL,2021-02,2021-04,0,13716.0
Chicago,COLL,2021-02,2021-05,0,-3127.0
Chicago,COLL,2021-03,2021-03,18,57983.0
Chicago,COLL,2021-03,2021-04,0,36510.0
Chicago,COLL,2021-03,2021-05,0,29884.0
Chicago,COLL,2021-03,2021-06,0,7904.0
Chicago,COLL,2021-04,2021-04,9,37398.0
Chicago,COLL,2021-04,2021-05,0,20574.0
Chicago,COLL,2021-04,2021-06,0,18006.0
Chicago,COLL,2021-04,2021-07,0,3580.0
Chicago,COLL,2021-05,2021-05,7,28918.0
Chicago,COLL,2021-05,2021-06,0,16923.0
Chicago,COLL,2021-05,2021-07,0,14708.0
Chicago,COLL,2021-05,2021-08,0,1707.0
Chicago,COLL,2021-06,2021-06,16,54558.0
Chicago,COLL,2021-06,2021-07,0,31635.0
Chicago,COLL,2021-06,2021-08,0,20101.0
Chicago,COLL,2021-06,2021-09,0,4875.0
Chicago,COLL,2021-07,2021-07,14,40536.0
Chicago,COLL,2021-07,2021-08,0,23192.0
Chicago,COLL,2021-07,2021-09,0,15368.0
Chicago,COLL,2021-07,2021-10,0,6565.0
Chicago,COLL,2021-08,2021-08,12,36825.0
Chicago,COLL,2021-08,2021-09,0,20705.0
Chicago,COLL,2021-08,2021-10,0,16885.0
Chicago,COLL,2021-08,2021-11,0,1760.0
Chicago,COLL,2021-09,2021-09,11,32347.0
Chicago,COLL,2021-09,2021-10,0,15859.0
Chicago,COLL,2021-09,2021-11,0,9151.0
Chicago,COLL,2021-09,2021-12,0,-835.0
Chicago,COLL,2021-10,2021-10,8,26274.0
Chicago,COLL,2021-10,2021-11,0,17497.0
Chicago,COLL,2021-10,2021-12,0,12899.0
Chicago,COLL,2021-10,2022-01,0,3775.0
Chicago,COLL,2021-11,2021-11,15,45213.0
Chicago,COLL,2021-11,2021-12,0,29480.0
Chicago,COLL,2021-11,2022-01,0,23050.0
Chicago,COLL,2021-11,2022-02,0,5484.0
Chicago,COLL,2021-12,2021-12,14,34057.0
Chicago,COLL,2021-12,2022-01,0,20434.0
Chicago,COLL,2021-12,2022-02,0,18980.0
Chicago,COLL,2021-12,2022-03,0,3180.0
Chicago,COLL,2022-01,2022-01,20,58528.0
Chicago,COLL,2022-01,2022-02,0,32505.0
Chicago,COLL,2022-01,2022-03,0,27304.0
Chicago,COLL,2022-01,2022-04,0,2770.0
Chicago,COLL,2022-02,2022-02,13,23149.0
Chicago,COLL,2022-02,2022-03,0,14485.0
Chicago,COLL,2022-02,2022-04,0,12086.0
Chicago,COLL,2022-02,2022-05,0,5076.0
Chicago,COLL,2022-03,2022-03,12,30310.0
Chicago,COLL,2022-03,2022-04,0,17823.0
Chicago,COLL,2022-03,2022-05,0,14863.0
Chicago,COLL,2022-03,2022-06,0,3087.0
Chicago,COLL,2022-04,2022-04,13,31499.0
Chicago,COLL,2022-04,2022-05,0,17308.0
Chicago,COLL,2022-04,2022-06,0,12898.0
Chicago,COLL,2022-04,2022-07,0,1898.0
Chicago,COLL,2022-05,2022-05,11,45272.0
Chicago,COLL,2022-05,2022-06,0,30408.0
Chicago,COLL,2022-05,2022-07,0,22363.0
Chicago,COLL,2022-05,2022-08,0,5379.0
Chicago,COLL,2022-06,2022-06,7,51038.0
Chicago,COLL,2022-06,2022-07,0,25562.0
Chicago,COLL,2022-06,2022-08,0,19643.0
Chicago,COLL,2022-06,2022-09,0,4709.0
Chicago,COLL,2022-07,2022-07,13,33424.0
Chicago,COLL,2022-07,2022-08,0,17989.0
Chicago,COLL,2022-07,2022-09,0,14509.0
Chicago,COLL,2022-07,2022-10,0,5441.0
Chicago,COLL,2022-08,2022-08,11,54218.0
Chicago,COLL,2022-08,2022-09,0,25784.0
Chicago,COLL,2022-08,2022-10,0,19205.0
Chicago,COLL,2022-08,2022-11,0,3756.0
Chicago,COLL,2022-09,2022-09,13,31905.0
Chicago,COLL,2022-09,2022-10,0,21033.0
Chicago,COLL,2022-09,2022-11,0,18305.0
Chicago,COLL,2022-09,2022-12,0,4166.0
Chicago,COLL,2022-10,2022-10,4,15820.0
Chicago,COLL,2022-10,2022-11,0,7516.0
Chicago,COLL,2022-10,2022-12,0,5290.0
Chicago,COLL,2022-10,2023-01,0,1020.0
Chicago,COLL,2022-11,2022-11,13,56989.0
Chicago,COLL,2022-11,2022-12,0,33315.0
Chicago,COLL,2022-11,2023-01,0,24610.0
Chicago,COLL,2022-11,2023-02,0,1979.0
Chicago,COLL,2022-12,2022-12,14,54505.0
Chicago,COLL,2022-12,2023-01,0,30954.0
Chicago,COLL,2022-12,2023-02,0,21567.0
Chicago,COLL,2022-12,2023-03,0,2113.0
Chicago,COLL,2023-01,2023-01,13,48352.0
Chicago,COLL,2023-01,2023-02,0,31420.0
Chicago,COLL,2023-01,2023-03,0,26364.0
Chicago,COLL,2023-01,2023-04,0,5287.0
Chicago,COLL,2023-02,2023-02,11,30539.0
Chicago,COLL,2023-02,2023-03,0,19314.0
Chicago,COLL,2023-02,2023-04,0,12860.0
Chicago,COLL,2023-02,2023-05,0,1052.0
Chicago,COLL,2023-03,2023-03,8,46805.0
Chicago,COLL,2023-03,2023-04,0,24268.0
Chicago,COLL,2023-03,2023-05,0,17945.0
Chicago,COLL,2023-03,2023-06,0,1058.0
Chicago,COLL,2023-04,2023-04,12,45136.0
Chicago,COLL,2023-04,2023-05,0,31461.0
Chicago,COLL,2023-04,2023-06,0,18476.0
Chicago,COLL,2023-04,2023-07,0,2831.0
Chicago,COLL,2023-05,2023-05,10,29698.0
Chicago,COLL,2023-05,2023-06,0,16683.0
Chicago,COLL,2023-05,2023-07,0,10083.0
Chicago,COLL,2023-05,2023-08,0,3220.0
Chicago,COLL,2023-06,2023-06,7,28331.0
Chicago,COLL,2023-06,2023-07,0,13758.0
Chicago,COLL,2023-06,2023-08,0,13216.0
Chicago,COLL,2023-06,2023-09,0,-730.0
Chicago,COLL,2023-07,2023-07,12,37172.0
Chicago,COLL,2023-07,2023-08,0,21982.0
Chicago,COLL,2023-07,2023-09,0,15308.0
Chicago,COLL,2023-07,2023-10,0,3018.0
Chicago,COLL,2023-08,2023-08,15,48623.0
Chicago,COLL,2023-08,2023-09,0,27993.0
Chicago,COLL,2023-08,2023-10,0,21809.0
Chicago,COLL,2023-08,2023-11,0,3145.0
Chicago,COLL,2023-09,2023-09,9,44831.0
Chicago,COLL,2023-09,2023-10,0,29474.0
Chicago,COLL,2023-09,2023-11,0,19065.0
Chicago,COLL,2023-09,2023-12,0,5599.0
Chicago,COLL,2023-10,2023-10,8,25328.0
Chicago,COLL,2023-10,2023-11,0,14570.0
Chicago,COLL,2023-10,2023-12,0,14896.0
Chicago,COLL,2023-10,2024-01,0,6235.0
Chicago,COLL,2023-11,2023-11,11,40068.0
Chicago,COLL,2023-11,2023-12,0,21645.0
Chicago,COLL,2023-11,2024-01,0,25015.0
Chicago,COLL,2023-11,2024-02,0,3607.0
Chicago,COLL,2023-12,2023-12,13,42049.0
Chicago,COLL,2023-12,2024-01,0,22302.0
Chicago,COLL,2023-12,2024-02,0,19409.0
Chicago,COLL,2023-12,2024-03,0,-213.0
Chicago,COLL,2024-01,2024-01,12,50142.0
Chicago,COLL,2024-01,2024-02,0,33450.0
Chicago,COLL,2024-01,2024-03,0,30097.0
Chicago,COLL,2024-01,2024-04,0,12433.0
Chicago,COLL,2024-02,2024-02,12,64158.0
Chicago,COLL,2024-02,2024-03,0,39320.0
Chicago,COLL,2024-02,2024-04,0,34805.0
Chicago,COLL,2024-02,2024-05,0,-1656.0
Chicago,COLL,2024-03,2024-03,9,30220.0
Chicago,COLL,2024-03,2024-04,0,13845.0
Chicago,COLL,2024-03,2024-05,0,11508.0
Chicago,COLL,2024-03,2024-06,0,-587.0
Chicago,COLL,2024-04,2024-04,8,17989.0
Chicago,COLL,2024-04,2024-05,0,9828.0
Chicago,COLL,2024-04,2024-06,0,8089.0
Chicago,COLL,2024-04,2024-07,0,2208.0
Chicago,COLL,2024-05,2024-05,13,64330.0
Chicago,COLL,2024-05,2024-06,0,39067.0
Chicago,COLL,2024-05,2024-07,0,23439.0
Chicago,COLL,2024-05,2024-08,0,945.0
Chicago,COLL,2024-06,2024-06,8,22731.0
Chicago,COLL,2024-06,2024-07,0,14653.0
Chicago,COLL,2024-06,2024-08,0,12909.0
Chicago,COLL,2024-06,2024-09,0,-247.0
Chicago,COLL,2024-07,2024-07,17,68595.0
Chicago,COLL,2024-07,2024-08,0,37699.0
Chicago,COLL,2024-07,2024-09,0,31485.0
Chicago,COLL,2024-07,2024-10,0,10931.0
Chicago,COLL,2024-08,2024-08,15,58182.0
Chicago,COLL,2024-08,2024-09,0,35902.0
Chicago,COLL,2024-08,2024-10,0,22283.0
Chicago,COLL,2024-08,2024-11,0,2341.0
Chicago,COLL,2024-09,2024-09,9,30659.0
Chicago,COLL,2024-09,2024-10,0,20073.0
Chicago,COLL,2024-09,2024-11,0,14115.0
Chicago,COLL,2024-09,2024-12,0,2975.0
Chicago,COLL,2024-10,2024-10,8,29059.0
Chicago,COLL,2024-10,2024-11,0,15241.0
Chicago,COLL,2024-10,2024-12,0,11124.0
Chicago,COLL,2024-10,2025-01,0,4165.0
Chicago,COLL,2024-11,2024-11,4,8107.0
Chicago,COLL,2024-11,2024-12,0,4476.0
Chicago,COLL,2024-11,2025-01,0,2524.0
Chicago,COLL,2024-11,2025-02,0,1202.0
Chicago,COLL,2024-12,2024-12,14,31815.0
Chicago,COLL,2024-12,2025-01,0,19634.0
Chicago,COLL,2024-12,2025-02,0,17463.0
Chicago,COLL,2024-12,2025-03,0,1244.0
Chicago,COLL,2025-01,2025-01,11,31956.0
Chicago,COLL,2025-01,2025-02,0,20887.0
Chicago,COLL,2025-01,2025-03,0,14000.0
Chicago,COLL,2025-01,2025-04,0,-355.0
Chicago,COLL,2025-02,2025-02,11,36388.0
Chicago,COLL,2025-02,2025-03,0,21666.0
Chicago,COLL,2025-02,2025-04,0,18539.0
Chicago,COLL,2025-02,2025-05,0,-59.0
Chicago,COLL,2025-03,2025-03,7,19025.0
Chicago,COLL,2025-03,2025-04,0,10291.0
Chicago,COLL,2025-03,2025-05,0,11951.0
Chicago,COLL,2025-03,2025-06,0,2585.0
Chicago,COLL,2025-04,2025-04,13,46308.0
Chicago,COLL,2025-04,2025-05,0,25112.0
Chicago,COLL,2025-04,2025-06,0,22655.0
Chicago,COLL,2025-04,2025-07,0,4375.0
Chicago,COLL,2025-05,2025-05,14,52415.0
Chicago,COLL,2025-05,2025-06,0,30599.0
Chicago,COLL,2025-05,2025-07,0,19836.0
Chicago,COLL,2025-05,2025-08,0,9249.0
Chicago,COLL,2025-06,2025-06,13,58884.0
Chicago,COLL,2025-06,2025-07,0,34272.0
Chicago,COLL,2025-06,2025-08,0,23741.0
Chicago,COLL,2025-06,2025-09,0,7054.0
Chicago,COLL,2025-07,2025-07,11,36099.0
Chicago,COLL,2025-07,2025-08,0,24628.0
Chicago,COLL,2025-07,2025-09,0,20894.0
Chicago,COLL,2025-07,2025-10,0,7378.0
Chicago,COLL,2025-08,2025-08,8,32083.0
Chicago,COLL,2025-08,2025-09,0,12396.0
Chicago,COLL,2025-08,2025-10,0,11967.0
Chicago,COLL,2025-08,2025-11,0,7526.0
Chicago,COLL,2025-09,2025-09,12,52931.0
Chicago,COLL,2025-09,2025-10,0,30999.0
Chicago,COLL,2025-09,2025-11,0,20750.0
Chicago,COLL,2025-09,2025-12,0,15156.0
Chicago,COLL,2025-10,2025-10,15,53901.0
Chicago,COLL,2025-10,2025-11,0,34361.0
Chicago,COLL,2025-10,2025-12,0,21130.0
Chicago,COLL,2025-11,2025-11,14,48323.0
Chicago,COLL,2025-11,2025-12,0,28519.0
Chicago,COLL,2025-12,2025-12,12,81467.0
Chicago,TPL_BI,2016-02,2016-05,2,5268.0
Chicago,TPL_BI,2016-02,2017-02,0,5786.0
Chicago,TPL_BI,2016-02,2018-02,0,4263.0
Chicago,TPL_BI,2016-02,2019-02,0,1346.0
Chicago,TPL_BI,2016-02,2020-02,0,925.0
Chicago,TPL_BI,2016-04,2016-07,1,4331.0
Chicago,TPL_BI,2016-04,2017-04,0,3599.0
Chicago,TPL_BI,2016-04,2018-04,0,262.0
Chicago,TPL_BI,2016-04,2019-04,0,2050.0
Chicago,TPL_BI,2016-04,2020-04,0,697.0
Chicago,TPL_BI,2016-05,2016-08,5,20078.0
Chicago,TPL_BI,2016-05,2017-05,0,21820.0
Chicago,TPL_BI,2016-05,2018-05,0,17013.0
Chicago,TPL_BI,2016-05,2019-05,0,7719.0
Chicago,TPL_BI,2016-05,2020-05,0,-7012.0
Chicago,TPL_BI,2016-06,2016-09,1,18597.0
Chicago,TPL_BI,2016-06,2017-06,0,12966.0
Chicago,TPL_BI,2016-06,2018-06,0,14342.0
Chicago,TPL_BI,2016-06,2019-06,0,7427.0
Chicago,TPL_BI,2016-06,2020-06,0,10233.0
Chicago,TPL_BI,2016-08,2016-11,2,10141.0
Chicago,TPL_BI,2016-08,2017-08,0,8986.0
Chicago,TPL_BI,2016-08,2018-08,0,7643.0
Chicago,TPL_BI,2016-08,2019-08,0,3646.0
Chicago,TPL_BI,2016-08,2020-08,0,4052.0
Chicago,TPL_BI,2016-11,2017-02,1,2299.0
Chicago,TPL_BI,2016-11,2017-11,0,1421.0
Chicago,TPL_BI,2016-11,2018-11,0,1553.0
Chicago,TPL_BI,2016-11,2019-11,0,1242.0
Chicago,TPL_BI,2016-11,2020-11,0,142.0
Chicago,TPL_BI,2017-01,2017-04,2,10100.0
Chicago,TPL_BI,2017-01,2018-01,0,11866.0
Chicago,TPL_BI,2017-01,2019-01,0,6837.0
Chicago,TPL_BI,2017-01,2020-01,0,2236.0
Chicago,TPL_BI,2017-01,2021-01,0,-1157.0
Chicago,TPL_BI,2017-02,2017-05,1,2915.0
Chicago,TPL_BI,2017-02,2018-02,0,2279.0
Chicago,TPL_BI,2017-02,2019-02,0,3512.0
Chicago,TPL_BI,2017-02,2020-02,0,756.0
Chicago,TPL_BI,2017-02,2021-02,0,1668.0
Chicago,TPL_BI,2017-03,2017-06,1,15193.0
Chicago,TPL_BI,2017-03,2018-03,0,16821.0
Chicago,TPL_BI,2017-03,2019-03,0,9783.0
Chicago,TPL_BI,2017-03,2020-03,0,15961.0
Chicago,TPL_BI,2017-03,2021-03,0,6790.0
Chicago,TPL_BI,2017-05,2017-08,1,7056.0
Chicago,TPL_BI,2017-05,2018-05,0,4524.0
Chicago,TPL_BI,2017-05,2019-05,0,7702.0
Chicago,TPL_BI,2017-05,2020-05,0,4486.0
Chicago,TPL_BI,2017-05,2021-05,0,-326.0
Chicago,TPL_BI,2017-07,2017-10,1,51784.0
Chicago,TPL_BI,2017-07,2018-07,0,56500.0
Chicago,TPL_BI,2017-07,2019-07,0,19932.0
Chicago,TPL_BI,2017-07,2020-07,0,13316.0
Chicago,TPL_BI,2017-07,2021-07,0,-16192.0
Chicago,TPL_BI,2017-08,2017-11,1,1798.0
Chicago,TPL_BI,2017-08,2018-08,0,1897.0
Chicago,TPL_BI,2017-08,2019-08,0,2059.0
Chicago,TPL_BI,2017-08,2020-08,0,433.0
Chicago,TPL_BI,2017-08,2021-08,0,-273.0
Chicago,TPL_BI,2017-11,2018-02,3,38026.0
Chicago,TPL_BI,2017-11,2018-11,0,38972.0
Chicago,TPL_BI,2017-11,2019-11,0,28739.0
Chicago,TPL_BI,2017-11,2020-11,0,11450.0
Chicago,TPL_BI,2017-11,2021-11,0,22896.0
Chicago,TPL_BI,2017-12,2018-03,1,4876.0
Chicago,TPL_BI,2017-12,2018-12,0,5156.0
Chicago,TPL_BI,2017-12,2019-12,0,3839.0
Chicago,TPL_BI,2017-12,2020-12,0,1136.0
Chicago,TPL_BI,2017-12,2021-12,0,226.0
Chicago,TPL_BI,2018-02,2018-05,1,2464.0
Chicago,TPL_BI,2018-02,2019-02,0,2338.0
Chicago,TPL_BI,2018-02,2020-02,0,2615.0
Chicago,TPL_BI,2018-02,2021-02,0,-324.0
Chicago,TPL_BI,2018-02,2022-02,0,30.0
Chicago,TPL_BI,2018-03,2018-06,2,17720.0
Chicago,TPL_BI,2018-03,2019-03,0,16073.0
Chicago,TPL_BI,2018-03,2020-03,0,13017.0
Chicago,TPL_BI,2018-03,2021-03,0,8739.0
Chicago,TPL_BI,2018-03,2022-03,0,-1502.0
Chicago,TPL_BI,2018-04,2018-07,2,12974.0
Chicago,TPL_BI,2018-04,2019-04,0,11687.0
Chicago,TPL_BI,2018-04,2020-04,0,11645.0
Chicago,TPL_BI,2018-04,2021-04,0,6760.0
Chicago,TPL_BI,2018-04,2022-04,0,5024.0
Chicago,TPL_BI,2018-07,2018-10,2,49345.0
Chicago,TPL_BI,2018-07,2019-07,0,58164.0
Chicago,TPL_BI,2018-07,2020-07,0,45345.0
Chicago,TPL_BI,2018-07,2021-07,0,1206.0
Chicago,TPL_BI,2018-07,2022-07,0,-7303.0
Chicago,TPL_BI,2018-08,2018-11,3,16616.0
Chicago,TPL_BI,2018-08,2019-08,0,15858.0
Chicago,TPL_BI,2018-08,2020-08,0,17021.0
Chicago,TPL_BI,2018-08,2021-08,0,11677.0
Chicago,TPL_BI,2018-08,2022-08,0,3327.0
Chicago,TPL_BI,2018-09,2018-12,1,3294.0
Chicago,TPL_BI,2018-09,2019-09,0,4091.0
Chicago,TPL_BI,2018-09,2020-09,0,2351.0
Chicago,TPL_BI,2018-09,2021-09,0,947.0
Chicago,TPL_BI,2018-09,2022-09,0,1912.0
Chicago,TPL_BI,2018-11,2019-02,1,6466.0
Chicago,TPL_BI,2018-11,2019-11,0,6685.0
Chicago,TPL_BI,2018-11,2020-11,0,6793.0
Chicago,TPL_BI,2018-11,2021-11,0,2741.0
Chicago,TPL_BI,2018-11,2022-11,0,-2346.0
Chicago,TPL_BI,2018-12,2019-03,1,8303.0
Chicago,TPL_BI,2018-12,2019-12,0,6633.0
Chicago,TPL_BI,2018-12,2020-12,0,4855.0
Chicago,TPL_BI,2018-12,2021-12,0,1078.0
Chicago,TPL_BI,2018-12,2022-12,0,-2821.0
Chicago,TPL_BI,2019-01,2019-04,1,7572.0
Chicago,TPL_BI,2019-01,2020-01,0,9348.0
Chicago,TPL_BI,2019-01,2021-01,0,9004.0
Chicago,TPL_BI,2019-01,2022-01,0,5581.0
Chicago,TPL_BI,2019-01,2023-01,0,3639.0
Chicago,TPL_BI,2019-03,2019-06,2,24009.0
Chicago,TPL_BI,2019-03,2020-03,0,22059.0
Chicago,TPL_BI,2019-03,2021-03,0,33169.0
Chicago,TPL_BI,2019-03,2022-03,0,11306.0
Chicago,TPL_BI,2019-03,2023-03,0,5287.0
Chicago,TPL_BI,2019-04,2019-07,1,1126.0
Chicago,TPL_BI,2019-04,2020-04,0,811.0
Chicago,TPL_BI,2019-04,2021-04,0,1047.0
Chicago,TPL_BI,2019-04,2022-04,0,378.0
Chicago,TPL_BI,2019-04,2023-04,0,298.0
Chicago,TPL_BI,2019-05,2019-08,2,19347.0
Chicago,TPL_BI,2019-05,2020-05,0,13483.0
Chicago,TPL_BI,2019-05,2021-05,0,15146.0
Chicago,TPL_BI,2019-05,2022-05,0,11200.0
Chicago,TPL_BI,2019-05,2023-05,0,4910.0
Chicago,TPL_BI,2019-06,2019-09,3,8152.0
Chicago,TPL_BI,2019-06,2020-06,0,7523.0
Chicago,TPL_BI,2019-06,2021-06,0,7642.0
Chicago,TPL_BI,2019-06,2022-06,0,1069.0
Chicago,TPL_BI,2019-06,2023-06,0,492.0
Chicago,TPL_BI,2019-07,2019-10,1,6653.0
Chicago,TPL_BI,2019-07,2020-07,0,5473.0
Chicago,TPL_BI,2019-07,2021-07,0,3934.0
Chicago,TPL_BI,2019-07,2022-07,0,7246.0
Chicago,TPL_BI,2019-07,2023-07,0,2568.0
Chicago,TPL_BI,2019-12,2020-03,1,16026.0
Chicago,TPL_BI,2019-12,2020-12,0,18407.0
Chicago,TPL_BI,2019-12,2021-12,0,25277.0
Chicago,TPL_BI,2019-12,2022-12,0,2585.0
Chicago,TPL_BI,2019-12,2023-12,0,4628.0
Chicago,TPL_BI,2020-01,2020-04,1,39530.0
Chicago,TPL_BI,2020-01,2021-01,0,39798.0
Chicago,TPL_BI,2020-01,2022-01,0,45299.0
Chicago,TPL_BI,2020-01,2023-01,0,31088.0
Chicago,TPL_BI,2020-01,2024-01,0,13966.0
Chicago,TPL_BI,2020-02,2020-05,1,12397.0
Chicago,TPL_BI,2020-02,2021-02,0,12078.0
Chicago,TPL_BI,2020-02,2022-02,0,12173.0
Chicago,TPL_BI,2020-02,2023-02,0,12419.0
Chicago,TPL_BI,2020-02,2024-02,0,3267.0
Chicago,TPL_BI,2020-05,2020-08,1,14992.0
Chicago,TPL_BI,2020-05,2021-05,0,18023.0
Chicago,TPL_BI,2020-05,2022-05,0,17855.0
Chicago,TPL_BI,2020-05,2023-05,0,10918.0
Chicago,TPL_BI,2020-05,2024-05,0,-7681.0
Chicago,TPL_BI,2020-06,2020-09,1,2243.0
Chicago,TPL_BI,2020-06,2021-06,0,2636.0
Chicago,TPL_BI,2020-06,2022-06,0,1742.0
Chicago,TPL_BI,2020-06,2023-06,0,1685.0
Chicago,TPL_BI,2020-06,2024-06,0,1062.0
Chicago,TPL_BI,2020-07,2020-10,1,1460.0
Chicago,TPL_BI,2020-07,2021-07,0,1619.0
Chicago,TPL_BI,2020-07,2022-07,0,1766.0
Chicago,TPL_BI,2020-07,2023-07,0,1055.0
Chicago,TPL_BI,2020-07,2024-07,0,692.0
Chicago,TPL_BI,2020-09,2020-12,1,3971.0
Chicago,TPL_BI,2020-09,2021-09,0,4725.0
Chicago,TPL_BI,2020-09,2022-09,0,4589.0
Chicago,TPL_BI,2020-09,2023-09,0,747.0
Chicago,TPL_BI,2020-09,2024-09,0,1160.0
Chicago,TPL_BI,2020-10,2021-01,1,8077.0
Chicago,TPL_BI,2020-10,2021-10,0,7207.0
Chicago,TPL_BI,2020-10,2022-10,0,4675.0
Chicago,TPL_BI,2020-10,2023-10,0,5580.0
Chicago,TPL_BI,2020-10,2024-10,0,-810.0
Chicago,TPL_BI,2020-11,2021-02,2,8398.0
Chicago,TPL_BI,2020-11,2021-11,0,7393.0
Chicago,TPL_BI,2020-11,2022-11,0,5180.0
Chicago,TPL_BI,2020-11,2023-11,0,5762.0
Chicago,TPL_BI,2020-11,2024-11,0,611.0
Chicago,TPL_BI,2020-12,2021-03,1,1923.0
Chicago,TPL_BI,2020-12,2021-12,0,2104.0
Chicago,TPL_BI,2020-12,2022-12,0,2479.0
Chicago,TPL_BI,2020-12,2023-12,0,817.0
Chicago,TPL_BI,2020-12,2024-12,0,1625.0
Chicago,TPL_BI,2021-01,2021-04,3,42064.0
Chicago,TPL_BI,2021-01,2022-01,0,49091.0
Chicago,TPL_BI,2021-01,2023-01,0,39042.0
Chicago,TPL_BI,2021-01,2024-01,0,54809.0
Chicago,TPL_BI,2021-01,2025-01,0,32218.0
Chicago,TPL_BI,2021-04,2021-07,1,100724.0
Chicago,TPL_BI,2021-04,2022-04,0,68982.0
Chicago,TPL_BI,2021-04,2023-04,0,94892.0
Chicago,TPL_BI,2021-04,2024-04,0,23398.0
Chicago,TPL_BI,2021-04,2025-04,0,-30693.0
Chicago,TPL_BI,2021-06,2021-09,3,25705.0
Chicago,TPL_BI,2021-06,2022-06,0,24497.0
Chicago,TPL_BI,2021-06,2023-06,0,30147.0
Chicago,TPL_BI,2021-06,2024-06,0,2495.0
Chicago,TPL_BI,2021-06,2025-06,0,1980.0
Chicago,TPL_BI,2021-07,2021-10,2,31973.0
Chicago,TPL_BI,2021-07,2022-07,0,32212.0
Chicago,TPL_BI,2021-07,2023-07,0,22903.0
Chicago,TPL_BI,2021-07,2024-07,0,14038.0
Chicago,TPL_BI,2021-07,2025-07,0,9163.0
Chicago,TPL_BI,2021-11,2022-02,3,50966.0
Chicago,TPL_BI,2021-11,2022-11,0,50160.0
Chicago,TPL_BI,2021-11,2023-11,0,48892.0
Chicago,TPL_BI,2021-11,2024-11,0,1904.0
Chicago,TPL_BI,2021-11,2025-11,0,20063.0
Chicago,TPL_BI,2021-12,2022-03,2,49920.0
Chicago,TPL_BI,2021-12,2022-12,0,46402.0
Chicago,TPL_BI,2021-12,2023-12,0,33190.0
Chicago,TPL_BI,2021-12,2024-12,0,17843.0
Chicago,TPL_BI,2021-12,2025-12,0,12614.0
Chicago,TPL_BI,2022-03,2022-06,1,7093.0
Chicago,TPL_BI,2022-03,2023-03,0,8221.0
Chicago,TPL_BI,2022-03,2024-03,0,7894.0
Chicago,TPL_BI,2022-03,2025-03,0,5852.0
Chicago,TPL_BI,2022-04,2022-07,1,15999.0
Chicago,TPL_BI,2022-04,2023-04,0,12662.0
Chicago,TPL_BI,2022-04,2024-04,0,5009.0
Chicago,TPL_BI,2022-04,2025-04,0,-330.0
Chicago,TPL_BI,2022-06,2022-09,4,54886.0
Chicago,TPL_BI,2022-06,2023-06,0,54105.0
Chicago,TPL_BI,2022-06,2024-06,0,55193.0
Chicago,TPL_BI,2022-06,2025-06,0,28087.0
Chicago,TPL_BI,2022-07,2022-10,2,3065.0
Chicago,TPL_BI,2022-07,2023-07,0,3164.0
Chicago,TPL_BI,2022-07,2024-07,0,4372.0
Chicago,TPL_BI,2022-07,2025-07,0,2455.0
Chicago,TPL_BI,2022-08,2022-11,1,1691.0
Chicago,TPL_BI,2022-08,2023-08,0,1806.0
Chicago,TPL_BI,2022-08,2024-08,0,1500.0
Chicago,TPL_BI,2022-08,2025-08,0,1127.0
Chicago,TPL_BI,2022-10,2023-01,3,36175.0
Chicago,TPL_BI,2022-10,2023-10,0,37333.0
Chicago,TPL_BI,2022-10,2024-10,0,34565.0
Chicago,TPL_BI,2022-10,2025-10,0,27102.0
Chicago,TPL_BI,2022-11,2023-02,1,7192.0
Chicago,TPL_BI,2022-11,2023-11,0,7322.0
Chicago,TPL_BI,2022-11,2024-11,0,8979.0
Chicago,TPL_BI,2022-11,2025-11,0,4811.0
Chicago,TPL_BI,2023-01,2023-04,1,5629.0
Chicago,TPL_BI,2023-01,2024-01,0,5697.0
Chicago,TPL_BI,2023-01,2025-01,0,4896.0
Chicago,TPL_BI,2023-02,2023-05,1,11536.0
Chicago,TPL_BI,2023-02,2024-02,0,14461.0
Chicago,TPL_BI,2023-02,2025-02,0,14957.0
Chicago,TPL_BI,2023-06,2023-09,1,16047.0
Chicago,TPL_BI,2023-06,2024-06,0,13387.0
Chicago,TPL_BI,2023-06,2025-06,0,13414.0
Chicago,TPL_BI,2023-07,2023-10,1,2804.0
Chicago,TPL_BI,2023-07,2024-07,0,2067.0
Chicago,TPL_BI,2023-07,2025-07,0,2879.0
Chicago,TPL_BI,2023-08,2023-11,1,50629.0
Chicago,TPL_BI,2023-08,2024-08,0,42346.0
Chicago,TPL_BI,2023-08,2025-08,0,47949.0
Chicago,TPL_BI,2023-09,2023-12,1,9159.0
Chicago,TPL_BI,2023-09,2024-09,0,5811.0
Chicago,TPL_BI,2023-09,2025-09,0,9658.0
Chicago,TPL_BI,2023-11,2024-02,2,77410.0
Chicago,TPL_BI,2023-11,2024-11,0,86091.0
Chicago,TPL_BI,2023-11,2025-11,0,105371.0
Chicago,TPL_BI,2023-12,2024-03,2,67349.0
Chicago,TPL_BI,2023-12,2024-12,0,70683.0
Chicago,TPL_BI,2023-12,2025-12,0,48929.0
Chicago,TPL_BI,2024-01,2024-04,1,8577.0
Chicago,TPL_BI,2024-01,2025-01,0,9224.0
Chicago,TPL_BI,2024-03,2024-06,2,44304.0
Chicago,TPL_BI,2024-03,2025-03,0,40220.0
Chicago,TPL_BI,2024-04,2024-07,2,10622.0
Chicago,TPL_BI,2024-04,2025-04,0,8316.0
Chicago,TPL_BI,2024-06,2024-09,1,3823.0
Chicago,TPL_BI,2024-06,2025-06,0,2012.0
Chicago,TPL_BI,2024-07,2024-10,2,15740.0
Chicago,TPL_BI,2024-07,2025-07,0,16090.0
Chicago,TPL_BI,2024-08,2024-11,1,5581.0
Chicago,TPL_BI,2024-08,2025-08,0,3619.0
Chicago,TPL_BI,2024-09,2024-12,1,3101.0
Chicago,TPL_BI,2024-09,2025-09,0,2970.0
Chicago,TPL_BI,2025-02,2025-05,1,2497.0
Chicago,TPL_BI,2025-04,2025-07,1,4381.0
Chicago,TPL_BI,2025-05,2025-08,2,99849.0
Chicago,TPL_BI,2025-06,2025-09,1,10345.0
Chicago,TPL_BI,2025-08,2025-11,3,67127.0
Chicago,TPL_BI,2025-09,2025-12,1,17167.0
Chicago,AB,2016-03,2016-06,1,7091.0
Chicago,AB,2016-03,2017-03,0,6093.0
Chicago,AB,2016-03,2018-03,0,7985.0
Chicago,AB,2016-03,2020-03,0,13805.0
Chicago,AB,2016-03,2022-03,0,5829.0
Chicago,AB,2016-03,2024-03,0,-1736.0
Chicago,AB,2016-05,2016-08,1,1669.0
Chicago,AB,2016-05,2017-05,0,2147.0
Chicago,AB,2016-05,2018-05,0,2743.0
Chicago,AB,2016-05,2020-05,0,2517.0
Chicago,AB,2016-05,2022-05,0,2015.0
Chicago,AB,2016-05,2024-05,0,-498.0
Chicago,AB,2016-06,2016-09,1,664.0
Chicago,AB,2016-06,2017-06,0,1186.0
Chicago,AB,2016-06,2018-06,0,1242.0
Chicago,AB,2016-06,2020-06,0,1232.0
Chicago,AB,2016-06,2022-06,0,856.0
Chicago,AB,2016-06,2024-06,0,1.0
Chicago,AB,2016-07,2016-10,1,1223.0
Chicago,AB,2016-07,2017-07,0,1301.0
Chicago,AB,2016-07,2018-07,0,2445.0
Chicago,AB,2016-07,2020-07,0,3163.0
Chicago,AB,2016-07,2022-07,0,2525.0
Chicago,AB,2016-07,2024-07,0,739.0
Chicago,AB,2016-09,2016-12,1,8677.0
Chicago,AB,2016-09,2017-09,0,11936.0
Chicago,AB,2016-09,2018-09,0,16128.0
Chicago,AB,2016-09,2020-09,0,20466.0
Chicago,AB,2016-09,2022-09,0,10604.0
Chicago,AB,2016-09,2024-09,0,1186.0
Chicago,AB,2016-11,2017-02,1,193.0
Chicago,AB,2016-11,2017-11,0,343.0
Chicago,AB,2016-11,2018-11,0,286.0
Chicago,AB,2016-11,2020-11,0,525.0
Chicago,AB,2016-11,2022-11,0,403.0
Chicago,AB,2016-11,2024-11,0,359.0
Chicago,AB,2016-12,2017-03,1,2700.0
Chicago,AB,2016-12,2017-12,0,3567.0
Chicago,AB,2016-12,2018-12,0,4577.0
Chicago,AB,2016-12,2020-12,0,3897.0
Chicago,AB,2016-12,2022-12,0,503.0
Chicago,AB,2016-12,2024-12,0,2397.0
Chicago,AB,2017-03,2017-06,1,1907.0
Chicago,AB,2017-03,2018-03,0,1551.0
Chicago,AB,2017-03,2019-03,0,1997.0
Chicago,AB,2017-03,2021-03,0,2805.0
Chicago,AB,2017-03,2023-03,0,843.0
Chicago,AB,2017-03,2025-03,0,-903.0
Chicago,AB,2017-07,2017-10,3,77993.0
Chicago,AB,2017-07,2018-07,0,99619.0
Chicago,AB,2017-07,2019-07,0,93883.0
Chicago,AB,2017-07,2021-07,0,122547.0
Chicago,AB,2017-07,2023-07,0,-20797.0
Chicago,AB,2017-07,2025-07,0,-21207.0
Chicago,AB,2017-10,2018-01,2,34105.0
Chicago,AB,2017-10,2018-10,0,50870.0
Chicago,AB,2017-10,2019-10,0,91264.0
Chicago,AB,2017-10,2021-10,0,88187.0
Chicago,AB,2017-10,2023-10,0,7174.0
Chicago,AB,2017-10,2025-10,0,-2177.0
Chicago,AB,2018-01,2018-04,1,4128.0
Chicago,AB,2018-01,2019-01,0,4566.0
Chicago,AB,2018-01,2020-01,0,9669.0
Chicago,AB,2018-01,2022-01,0,7071.0
Chicago,AB,2018-01,2024-01,0,3471.0
Chicago,AB,2018-06,2018-09,1,1049.0
Chicago,AB,2018-06,2019-06,0,1273.0
Chicago,AB,2018-06,2020-06,0,2240.0
Chicago,AB,2018-06,2022-06,0,1329.0
Chicago,AB,2018-06,2024-06,0,1104.0
Chicago,AB,2018-09,2018-12,1,2517.0
Chicago,AB,2018-09,2019-09,0,3430.0
Chicago,AB,2018-09,2020-09,0,6155.0
Chicago,AB,2018-09,2022-09,0,8233.0
Chicago,AB,2018-09,2024-09,0,-3461.0
Chicago,AB,2019-01,2019-04,1,12096.0
Chicago,AB,2019-01,2020-01,0,18048.0
Chicago,AB,2019-01,2021-01,0,26161.0
Chicago,AB,2019-01,2023-01,0,17857.0
Chicago,AB,2019-01,2025-01,0,5552.0
Chicago,AB,2019-02,2019-05,1,1558.0
Chicago,AB,2019-02,2020-02,0,1778.0
Chicago,AB,2019-02,2021-02,0,2653.0
Chicago,AB,2019-02,2023-02,0,3061.0
Chicago,AB,2019-02,2025-02,0,1253.0
Chicago,AB,2019-06,2019-09,1,2470.0
Chicago,AB,2019-06,2020-06,0,4321.0
Chicago,AB,2019-06,2021-06,0,6988.0
Chicago,AB,2019-06,2023-06,0,6542.0
Chicago,AB,2019-06,2025-06,0,4073.0
Chicago,AB,2019-07,2019-10,1,22487.0
Chicago,AB,2019-07,2020-07,0,20639.0
Chicago,AB,2019-07,2021-07,0,24894.0
Chicago,AB,2019-07,2023-07,0,32294.0
Chicago,AB,2019-07,2025-07,0,-20720.0
Chicago,AB,2019-09,2019-12,1,3400.0
Chicago,AB,2019-09,2020-09,0,5061.0
Chicago,AB,2019-09,2021-09,0,4788.0
Chicago,AB,2019-09,2023-09,0,6007.0
Chicago,AB,2019-09,2025-09,0,2883.0
Chicago,AB,2019-10,2020-01,2,2566.0
Chicago,AB,2019-10,2020-10,0,3755.0
Chicago,AB,2019-10,2021-10,0,5182.0
Chicago,AB,2019-10,2023-10,0,5876.0
Chicago,AB,2019-10,2025-10,0,3267.0
Chicago,AB,2019-11,2020-02,1,4012.0
Chicago,AB,2019-11,2020-11,0,5034.0
Chicago,AB,2019-11,2021-11,0,7460.0
Chicago,AB,2019-11,2023-11,0,9516.0
Chicago,AB,2019-11,2025-11,0,6877.0
Chicago,AB,2019-12,2020-03,1,1237.0
Chicago,AB,2019-12,2020-12,0,1352.0
Chicago,AB,2019-12,2021-12,0,1986.0
Chicago,AB,2019-12,2023-12,0,1716.0
Chicago,AB,2019-12,2025-12,0,1490.0
Chicago,AB,2020-03,2020-06,1,4279.0
Chicago,AB,2020-03,2021-03,0,6907.0
Chicago,AB,2020-03,2022-03,0,9600.0
Chicago,AB,2020-03,2024-03,0,6348.0
Chicago,AB,2020-04,2020-07,1,1625.0
Chicago,AB,2020-04,2021-04,0,2385.0
Chicago,AB,2020-04,2022-04,0,2977.0
Chicago,AB,2020-04,2024-04,0,3624.0
Chicago,AB,2020-05,2020-08,1,263.0
Chicago,AB,2020-05,2021-05,0,285.0
Chicago,AB,2020-05,2022-05,0,576.0
Chicago,AB,2020-05,2024-05,0,321.0
Chicago,AB,2020-06,2020-09,1,586.0
Chicago,AB,2020-06,2021-06,0,572.0
Chicago,AB,2020-06,2022-06,0,1065.0
Chicago,AB,2020-06,2024-06,0,1053.0
Chicago,AB,2021-02,2021-05,2,37520.0
Chicago,AB,2021-02,2022-02,0,61461.0
Chicago,AB,2021-02,2023-02,0,71202.0
Chicago,AB,2021-02,2025-02,0,86491.0
Chicago,AB,2021-03,2021-06,1,795.0
Chicago,AB,2021-03,2022-03,0,896.0
Chicago,AB,2021-03,2023-03,0,1222.0
Chicago,AB,2021-03,2025-03,0,882.0
Chicago,AB,2021-04,2021-07,1,6982.0
Chicago,AB,2021-04,2022-04,0,9907.0
Chicago,AB,2021-04,2023-04,0,10811.0
Chicago,AB,2021-04,2025-04,0,3942.0
Chicago,AB,2021-05,2021-08,2,51820.0
Chicago,AB,2021-05,2022-05,0,66293.0
Chicago,AB,2021-05,2023-05,0,127925.0
Chicago,AB,2021-05,2025-05,0,82824.0
Chicago,AB,2021-06,2021-09,1,2075.0
Chicago,AB,2021-06,2022-06,0,2773.0
Chicago,AB,2021-06,2023-06,0,4871.0
Chicago,AB,2021-06,2025-06,0,3152.0
Chicago,AB,2021-09,2021-12,1,5058.0
Chicago,AB,2021-09,2022-09,0,6743.0
Chicago,AB,2021-09,2023-09,0,6102.0
Chicago,AB,2021-09,2025-09,0,3409.0
Chicago,AB,2021-10,2022-01,1,72395.0
Chicago,AB,2021-10,2022-10,0,136166.0
Chicago,AB,2021-10,2023-10,0,128238.0
Chicago,AB,2021-10,2025-10,0,97183.0
Chicago,AB,2022-02,2022-05,1,14889.0
Chicago,AB,2022-02,2023-02,0,13867.0
Chicago,AB,2022-02,2024-02,0,18226.0
Chicago,AB,2022-03,2022-06,1,197.0
Chicago,AB,2022-03,2023-03,0,249.0
Chicago,AB,2022-03,2024-03,0,217.0
Chicago,AB,2022-05,2022-08,2,7639.0
Chicago,AB,2022-05,2023-05,0,7897.0
Chicago,AB,2022-05,2024-05,0,11399.0
Chicago,AB,2022-06,2022-09,1,9832.0
Chicago,AB,2022-06,2023-06,0,14187.0
Chicago,AB,2022-06,2024-06,0,23009.0
Chicago,AB,2022-08,2022-11,2,2523.0
Chicago,AB,2022-08,2023-08,0,3488.0
Chicago,AB,2022-08,2024-08,0,5525.0
Chicago,AB,2022-10,2023-01,1,903.0
Chicago,AB,2022-10,2023-10,0,1356.0
Chicago,AB,2022-10,2024-10,0,1656.0
Chicago,AB,2022-11,2023-02,1,14379.0
Chicago,AB,2022-11,2023-11,0,19989.0
Chicago,AB,2022-11,2024-11,0,21798.0
Chicago,AB,2022-12,2023-03,1,15373.0
Chicago,AB,2022-12,2023-12,0,17421.0
Chicago,AB,2022-12,2024-12,0,27020.0
Chicago,AB,2023-01,2023-04,1,20967.0
Chicago,AB,2023-01,2024-01,0,30138.0
Chicago,AB,2023-01,2025-01,0,26175.0
Chicago,AB,2023-02,2023-05,1,5234.0
Chicago,AB,2023-02,2024-02,0,5335.0
Chicago,AB,2023-02,2025-02,0,8453.0
Chicago,AB,2023-03,2023-06,1,27873.0
Chicago,AB,2023-03,2024-03,0,24824.0
Chicago,AB,2023-03,2025-03,0,49194.0
Chicago,AB,2023-11,2024-02,2,8846.0
Chicago,AB,2023-11,2024-11,0,10410.0
Chicago,AB,2023-11,2025-11,0,16617.0
Chicago,AB,2023-12,2024-03,1,436.0
Chicago,AB,2023-12,2024-12,0,645.0
Chicago,AB,2023-12,2025-12,0,693.0
Chicago,AB,2024-01,2024-04,1,4472.0
Chicago,AB,2024-01,2025-01,0,8020.0
Chicago,AB,2024-05,2024-08,2,37142.0
Chicago,AB,2024-05,2025-05,0,47243.0
Chicago,AB,2024-09,2024-12,1,8703.0
Chicago,AB,2024-09,2025-09,0,8855.0
Chicago,AB,2025-02,2025-05,2,61536.0
Chicago,AB,2025-07,2025-10,1,4009.0
Atlanta,COLL,2016-01,2016-01,8,17598.0
Atlanta,COLL,2016-01,2016-02,0,12849.0
Atlanta,COLL,2016-01,2016-03,0,7640.0
Atlanta,COLL,2016-01,2016-04,0,1703.0
Atlanta,COLL,2016-02,2016-02,15,30972.0
Atlanta,COLL,2016-02,2016-03,0,16053.0
Atlanta,COLL,2016-02,2016-04,0,15416.0
Atlanta,COLL,2016-02,2016-05,0,4312.0
Atlanta,COLL,2016-03,2016-03,12,30957.0
Atlanta,COLL,2016-03,2016-04,0,16008.0
Atlanta,COLL,2016-03,2016-05,0,14593.0
Atlanta,COLL,2016-03,2016-06,0,4598.0
Atlanta,COLL,2016-04,2016-04,17,50998.0
Atlanta,COLL,2016-04,2016-05,0,27495.0
Atlanta,COLL,2016-04,2016-06,0,19243.0
Atlanta,COLL,2016-04,2016-07,0,2749.0
Atlanta,COLL,2016-05,2016-05,9,26683.0
Atlanta,COLL,2016-05,2016-06,0,17343.0
Atlanta,COLL,2016-05,2016-07,0,11252.0
Atlanta,COLL,2016-05,2016-08,0,852.0
Atlanta,COLL,2016-06,2016-06,12,18510.0
Atlanta,COLL,2016-06,2016-07,0,11869.0
Atlanta,COLL,2016-06,2016-08,0,8313.0
Atlanta,COLL,2016-06,2016-09,0,2655.0
Atlanta,COLL,2016-07,2016-07,8,18467.0
Atlanta,COLL,2016-07,2016-08,0,9219.0
Atlanta,COLL,2016-07,2016-09,0,9229.0
Atlanta,COLL,2016-07,2016-10,0,1395.0
Atlanta,COLL,2016-08,2016-08,14,30395.0
Atlanta,COLL,2016-08,2016-09,0,19537.0
Atlanta,COLL,2016-08,2016-10,0,16312.0
Atlanta,COLL,2016-08,2016-11,0,4742.0
Atlanta,COLL,2016-09,2016-09,10,13293.0
Atlanta,COLL,2016-09,2016-10,0,8758.0
Atlanta,COLL,2016-09,2016-11,0,8129.0
Atlanta,COLL,2016-09,2016-12,0,1701.0
Atlanta,COLL,2016-10,2016-10,11,23974.0
Atlanta,COLL,2016-10,2016-11,0,15056.0
Atlanta,COLL,2016-10,2016-12,0,13750.0
Atlanta,COLL,2016-10,2017-01,0,2563.0
Atlanta,COLL,2016-11,2016-11,11,19286.0
Atlanta,COLL,2016-11,2016-12,0,12673.0
Atlanta,COLL,2016-11,2017-01,0,11759.0
Atlanta,COLL,2016-11,2017-02,0,2209.0
Atlanta,COLL,2016-12,2016-12,15,61009.0
Atlanta,COLL,2016-12,2017-01,0,28993.0
Atlanta,COLL,2016-12,2017-02,0,28784.0
Atlanta,COLL,2016-12,2017-03,0,2160.0
Atlanta,COLL,2017-01,2017-01,11,24508.0
Atlanta,COLL,2017-01,2017-02,0,15896.0
Atlanta,COLL,2017-01,2017-03,0,9021.0
Atlanta,COLL,2017-01,2017-04,0,3008.0
Atlanta,COLL,2017-02,2017-02,8,19579.0
Atlanta,COLL,2017-02,2017-03,0,11739.0
Atlanta,COLL,2017-02,2017-04,0,7776.0
Atlanta,COLL,2017-02,2017-05,0,3099.0
Atlanta,COLL,2017-03,2017-03,10,32119.0
Atlanta,COLL,2017-03,2017-04,0,20749.0
Atlanta,COLL,2017-03,2017-05,0,18710.0
Atlanta,COLL,2017-03,2017-06,0,4644.0
Atlanta,COLL,2017-04,2017-04,11,33467.0
Atlanta,COLL,2017-04,2017-05,0,19881.0
Atlanta,COLL,2017-04,2017-06,0,14660.0
Atlanta,COLL,2017-04,2017-07,0,1154.0
Atlanta,COLL,2017-05,2017-05,8,16241.0
Atlanta,COLL,2017-05,2017-06,0,7520.0
Atlanta,COLL,2017-05,2017-07,0,6624.0
Atlanta,COLL,2017-05,2017-08,0,933.0
Atlanta,COLL,2017-06,2017-06,6,11747.0
Atlanta,COLL,2017-06,2017-07,0,7555.0
Atlanta,COLL,2017-06,2017-08,0,6342.0
Atlanta,COLL,2017-06,2017-09,0,221.0
Atlanta,COLL,2017-07,2017-07,13,29043.0
Atlanta,COLL,2017-07,2017-08,0,18964.0
Atlanta,COLL,2017-07,2017-09,0,14175.0
Atlanta,COLL,2017-07,2017-10,0,2793.0
Atlanta,COLL,2017-08,2017-08,15,37633.0
Atlanta,COLL,2017-08,2017-09,0,18484.0
Atlanta,COLL,2017-08,2017-10,0,15321.0
Atlanta,COLL,2017-08,2017-11,0,3463.0
Atlanta,COLL,2017-09,2017-09,9,17611.0
Atlanta,COLL,2017-09,2017-10,0,11162.0
Atlanta,COLL,2017-09,2017-11,0,8460.0
Atlanta,COLL,2017-09,2017-12,0,897.0
Atlanta,COLL,2017-10,2017-10,16,44304.0
Atlanta,COLL,2017-10,2017-11,0,30499.0
Atlanta,COLL,2017-10,2017-12,0,26787.0
Atlanta,COLL,2017-10,2018-01,0,4200.0
Atlanta,COLL,2017-11,2017-11,10,26492.0
Atlanta,COLL,2017-11,2017-12,0,16124.0
Atlanta,COLL,2017-11,2018-01,0,14837.0
Atlanta,COLL,2017-11,2018-02,0,4766.0
Atlanta,COLL,2017-12,2017-12,14,28474.0
Atlanta,COLL,2017-12,2018-01,0,16691.0
Atlanta,COLL,2017-12,2018-02,0,13463.0
Atlanta,COLL,2017-12,2018-03,0,3679.0
Atlanta,COLL,2018-01,2018-01,13,35353.0
Atlanta,COLL,2018-01,2018-02,0,18744.0
Atlanta,COLL,2018-01,2018-03,0,14095.0
Atlanta,COLL,2018-01,2018-04,0,1450.0
Atlanta,COLL,2018-02,2018-02,9,45377.0
Atlanta,COLL,2018-02,2018-03,0,28435.0
Atlanta,COLL,2018-02,2018-04,0,16795.0
Atlanta,COLL,2018-02,2018-05,0,62.0
Atlanta,COLL,2018-03,2018-03,8,34693.0
Atlanta,COLL,2018-03,2018-04,0,22706.0
Atlanta,COLL,2018-03,2018-05,0,10336.0
Atlanta,COLL,2018-03,2018-06,0,11278.0
Atlanta,COLL,2018-04,2018-04,12,34472.0
Atlanta,COLL,2018-04,2018-05,0,19828.0
Atlanta,COLL,2018-04,2018-06,0,21233.0
Atlanta,COLL,2018-04,2018-07,0,6101.0
Atlanta,COLL,2018-05,2018-05,19,33165.0
Atlanta,COLL,2018-05,2018-06,0,18713.0
Atlanta,COLL,2018-05,2018-07,0,14631.0
Atlanta,COLL,2018-05,2018-08,0,5186.0
Atlanta,COLL,2018-06,2018-06,8,20302.0
Atlanta,COLL,2018-06,2018-07,0,13276.0
Atlanta,COLL,2018-06,2018-08,0,7211.0
Atlanta,COLL,2018-06,2018-09,0,223.0
Atlanta,COLL,2018-07,2018-07,8,14900.0
Atlanta,COLL,2018-07,2018-08,0,9703.0
Atlanta,COLL,2018-07,2018-09,0,8114.0
Atlanta,COLL,2018-07,2018-10,0,-39.0
Atlanta,COLL,2018-08,2018-08,13,42014.0
Atlanta,COLL,2018-08,2018-09,0,23671.0
Atlanta,COLL,2018-08,2018-10,0,19729.0
Atlanta,COLL,2018-08,2018-11,0,7587.0
Atlanta,COLL,2018-09,2018-09,14,33364.0
Atlanta,COLL,2018-09,2018-10,0,18470.0
Atlanta,COLL,2018-09,2018-11,0,13811.0
Atlanta,COLL,2018-09,2018-12,0,763.0
Atlanta,COLL,2018-10,2018-10,9,31507.0
Atlanta,COLL,2018-10,2018-11,0,16427.0
Atlanta,COLL,2018-10,2018-12,0,12761.0
Atlanta,COLL,2018-10,2019-01,0,1958.0
Atlanta,COLL,2018-11,2018-11,10,29041.0
Atlanta,COLL,2018-11,2018-12,0,15937.0
Atlanta,COLL,2018-11,2019-01,0,15543.0
Atlanta,COLL,2018-11,2019-02,0,500.0
Atlanta,COLL,2018-12,2018-12,6,24176.0
Atlanta,COLL,2018-12,2019-01,0,9460.0
Atlanta,COLL,2018-12,2019-02,0,5440.0
Atlanta,COLL,2018-12,2019-03,0,825.0
Atlanta,COLL,2019-01,2019-01,4,7834.0
Atlanta,COLL,2019-01,2019-02,0,4812.0
Atlanta,COLL,2019-01,2019-03,0,5553.0
Atlanta,COLL,2019-01,2019-04,0,428.0
Atlanta,COLL,2019-02,2019-02,9,16792.0
Atlanta,COLL,2019-02,2019-03,0,9962.0
Atlanta,COLL,2019-02,2019-04,0,6389.0
Atlanta,COLL,2019-02,2019-05,0,1086.0
Atlanta,COLL,2019-03,2019-03,10,39087.0
Atlanta,COLL,2019-03,2019-04,0,27181.0
Atlanta,COLL,2019-03,2019-05,0,24309.0
Atlanta,COLL,2019-03,2019-06,0,7294.0
Atlanta,COLL,2019-04,2019-04,13,30009.0
Atlanta,COLL,2019-04,2019-05,0,19911.0
Atlanta,COLL,2019-04,2019-06,0,15689.0
Atlanta,COLL,2019-04,2019-07,0,4225.0
Atlanta,COLL,2019-05,2019-05,8,15096.0
Atlanta,COLL,2019-05,2019-06,0,7685.0
Atlanta,COLL,2019-05,2019-07,0,7925.0
Atlanta,COLL,2019-05,2019-08,0,3017.0
Atlanta,COLL,2019-06,2019-06,8,22770.0
Atlanta,COLL,2019-06,2019-07,0,12550.0
Atlanta,COLL,2019-06,2019-08,0,11639.0
Atlanta,COLL,2019-06,2019-09,0,7.0
Atlanta,COLL,2019-07,2019-07,8,35971.0
Atlanta,COLL,2019-07,2019-08,0,25346.0
Atlanta,COLL,2019-07,2019-09,0,19498.0
Atlanta,COLL,2019-07,2019-10,0,-696.0
Atlanta,COLL,2019-08,2019-08,11,31113.0
Atlanta,COLL,2019-08,2019-09,0,19629.0
Atlanta,COLL,2019-08,2019-10,0,17007.0
Atlanta,COLL,2019-08,2019-11,0,-525.0
Atlanta,COLL,2019-09,2019-09,9,24412.0
Atlanta,COLL,2019-09,2019-10,0,14900.0
Atlanta,COLL,2019-09,2019-11,0,14553.0
Atlanta,COLL,2019-09,2019-12,0,-1146.0
Atlanta,COLL,2019-10,2019-10,16,35417.0
Atlanta,COLL,2019-10,2019-11,0,18147.0
Atlanta,COLL,2019-10,2019-12,0,13041.0
Atlanta,COLL,2019-10,2020-01,0,4743.0
Atlanta,COLL,2019-11,2019-11,7,21030.0
Atlanta,COLL,2019-11,2019-12,0,10967.0
Atlanta,COLL,2019-11,2020-01,0,9068.0
Atlanta,COLL,2019-11,2020-02,0,4204.0
Atlanta,COLL,2019-12,2019-12,15,29981.0
Atlanta,COLL,2019-12,2020-01,0,17060.0
Atlanta,COLL,2019-12,2020-02,0,15029.0
Atlanta,COLL,2019-12,2020-03,0,-153.0
Atlanta,COLL,2020-01,2020-01,8,21133.0
Atlanta,COLL,2020-01,2020-02,0,9676.0
Atlanta,COLL,2020-01,2020-03,0,11014.0
Atlanta,COLL,2020-01,2020-04,0,1118.0
Atlanta,COLL,2020-02,2020-02,10,33121.0
Atlanta,COLL,2020-02,2020-03,0,18830.0
Atlanta,COLL,2020-02,2020-04,0,11069.0
Atlanta,COLL,2020-02,2020-05,0,2419.0
Atlanta,COLL,2020-03,2020-03,15,60202.0
Atlanta,COLL,2020-03,2020-04,0,34101.0
Atlanta,COLL,2020-03,2020-05,0,17703.0
Atlanta,COLL,2020-03,2020-06,0,8485.0
Atlanta,COLL,2020-04,2020-04,11,37587.0
Atlanta,COLL,2020-04,2020-05,0,18224.0
Atlanta,COLL,2020-04,2020-06,0,16911.0
Atlanta,COLL,2020-04,2020-07,0,-2130.0
Atlanta,COLL,2020-05,2020-05,18,60392.0
Atlanta,COLL,2020-05,2020-06,0,37092.0
Atlanta,COLL,2020-05,2020-07,0,25303.0
Atlanta,COLL,2020-05,2020-08,0,-1562.0
Atlanta,COLL,2020-06,2020-06,7,22161.0
Atlanta,COLL,2020-06,2020-07,0,11884.0
Atlanta,COLL,2020-06,2020-08,0,9021.0
Atlanta,COLL,2020-06,2020-09,0,397.0
Atlanta,COLL,2020-07,2020-07,12,32636.0
Atlanta,COLL,2020-07,2020-08,0,19807.0
Atlanta,COLL,2020-07,2020-09,0,14902.0
Atlanta,COLL,2020-07,2020-10,0,4733.0
Atlanta,COLL,2020-08,2020-08,14,33537.0
Atlanta,COLL,2020-08,2020-09,0,20452.0
Atlanta,COLL,2020-08,2020-10,0,17707.0
Atlanta,COLL,2020-08,2020-11,0,3628.0
Atlanta,COLL,2020-09,2020-09,7,24387.0
Atlanta,COLL,2020-09,2020-10,0,12627.0
Atlanta,COLL,2020-09,2020-11,0,11493.0
Atlanta,COLL,2020-09,2020-12,0,368.0
Atlanta,COLL,2020-10,2020-10,14,37824.0
Atlanta,COLL,2020-10,2020-11,0,21828.0
Atlanta,COLL,2020-10,2020-12,0,21904.0
Atlanta,COLL,2020-10,2021-01,0,2430.0
Atlanta,COLL,2020-11,2020-11,9,29908.0
Atlanta,COLL,2020-11,2020-12,0,16890.0
Atlanta,COLL,2020-11,2021-01,0,12655.0
Atlanta,COLL,2020-11,2021-02,0,-187.0
Atlanta,COLL,2020-12,2020-12,18,42955.0
Atlanta,COLL,2020-12,2021-01,0,26189.0
Atlanta,COLL,2020-12,2021-02,0,22983.0
Atlanta,COLL,2020-12,2021-03,0,3388.0
Atlanta,COLL,2021-01,2021-01,9,50542.0
Atlanta,COLL,2021-01,2021-02,0,28133.0
Atlanta,COLL,2021-01,2021-03,0,34202.0
Atlanta,COLL,2021-01,2021-04,0,7675.0
Atlanta,COLL,2021-02,2021-02,13,32436.0
Atlanta,COLL,2021-02,2021-03,0,21907.0
Atlanta,COLL,2021-02,2021-04,0,16760.0
Atlanta,COLL,2021-02,2021-05,0,-583.0
Atlanta,COLL,2021-03,2021-03,9,22561.0
Atlanta,COLL,2021-03,2021-04,0,13632.0
Atlanta,COLL,2021-03,2021-05,0,6976.0
Atlanta,COLL,2021-03,2021-06,0,-1955.0
Atlanta,COLL,2021-04,2021-04,6,12080.0
Atlanta,COLL,2021-04,2021-05,0,7116.0
Atlanta,COLL,2021-04,2021-06,0,5956.0
Atlanta,COLL,2021-04,2021-07,0,1895.0
Atlanta,COLL,2021-05,2021-05,4,17674.0
Atlanta,COLL,2021-05,2021-06,0,13497.0
Atlanta,COLL,2021-05,2021-07,0,5991.0
Atlanta,COLL,2021-05,2021-08,0,-1058.0
Atlanta,COLL,2021-06,2021-06,9,40462.0
Atlanta,COLL,2021-06,2021-07,0,25219.0
Atlanta,COLL,2021-06,2021-08,0,18650.0
Atlanta,COLL,2021-06,2021-09,0,-1509.0
Atlanta,COLL,2021-07,2021-07,16,46194.0
Atlanta,COLL,2021-07,2021-08,0,31482.0
Atlanta,COLL,2021-07,2021-09,0,16658.0
Atlanta,COLL,2021-07,2021-10,0,5517.0
Atlanta,COLL,2021-08,2021-08,10,17976.0
Atlanta,COLL,2021-08,2021-09,0,9914.0
Atlanta,COLL,2021-08,2021-10,0,9627.0
Atlanta,COLL,2021-08,2021-11,0,4061.0
Atlanta,COLL,2021-09,2021-09,4,6925.0
Atlanta,COLL,2021-09,2021-10,0,4017.0
Atlanta,COLL,2021-09,2021-11,0,2800.0
Atlanta,COLL,2021-09,2021-12,0,287.0
Atlanta,COLL,2021-10,2021-10,16,47239.0
Atlanta,COLL,2021-10,2021-11,0,25418.0
Atlanta,COLL,2021-10,2021-12,0,20004.0
Atlanta,COLL,2021-10,2022-01,0,7247.0
Atlanta,COLL,2021-11,2021-11,11,31302.0
Atlanta,COLL,2021-11,2021-12,0,22236.0
Atlanta,COLL,2021-11,2022-01,0,11639.0
Atlanta,COLL,2021-11,2022-02,0,5049.0
Atlanta,COLL,2021-12,2021-12,8,41426.0
Atlanta,COLL,2021-12,2022-01,0,20413.0
Atlanta,COLL,2021-12,2022-02,0,18280.0
Atlanta,COLL,2021-12,2022-03,0,4197.0
Atlanta,COLL,2022-01,2022-01,9,39305.0
Atlanta,COLL,2022-01,2022-02,0,20964.0
Atlanta,COLL,2022-01,2022-03,0,20511.0
Atlanta,COLL,2022-01,2022-04,0,5864.0
Atlanta,COLL,2022-02,2022-02,5,10922.0
Atlanta,COLL,2022-02,2022-03,0,7337.0
Atlanta,COLL,2022-02,2022-04,0,3489.0
Atlanta,COLL,2022-02,2022-05,0,2084.0
Atlanta,COLL,2022-03,2022-03,16,47307.0
Atlanta,COLL,2022-03,2022-04,0,27941.0
Atlanta,COLL,2022-03,2022-05,0,22593.0
Atlanta,COLL,2022-03,2022-06,0,7350.0
Atlanta,COLL,2022-04,2022-04,8,42763.0
Atlanta,COLL,2022-04,2022-05,0,25757.0
Atlanta,COLL,2022-04,2022-06,0,12419.0
Atlanta,COLL,2022-04,2022-07,0,675.0
Atlanta,COLL,2022-05,2022-05,11,44735.0
Atlanta,COLL,2022-05,2022-06,0,27812.0
Atlanta,COLL,2022-05,2022-07,0,19785.0
Atlanta,COLL,2022-05,2022-08,0,3755.0
Atlanta,COLL,2022-06,2022-06,13,26734.0
Atlanta,COLL,2022-06,2022-07,0,16092.0
Atlanta,COLL,2022-06,2022-08,0,13768.0
Atlanta,COLL,2022-06,2022-09,0,1437.0
Atlanta,COLL,2022-07,2022-07,18,62886.0
Atlanta,COLL,2022-07,2022-08,0,34861.0
Atlanta,COLL,2022-07,2022-09,0,31735.0
Atlanta,COLL,2022-07,2022-10,0,10065.0
Atlanta,COLL,2022-08,2022-08,13,30855.0
Atlanta,COLL,2022-08,2022-09,0,18634.0
Atlanta,COLL,2022-08,2022-10,0,15957.0
Atlanta,COLL,2022-08,2022-11,0,2864.0
Atlanta,COLL,2022-09,2022-09,9,23347.0
Atlanta,COLL,2022-09,2022-10,0,14305.0
Atlanta,COLL,2022-09,2022-11,0,8989.0
Atlanta,COLL,2022-09,2022-12,0,2818.0
Atlanta,COLL,2022-10,2022-10,13,41693.0
Atlanta,COLL,2022-10,2022-11,0,24025.0
Atlanta,COLL,2022-10,2022-12,0,16117.0
Atlanta,COLL,2022-10,2023-01,0,10444.0
Atlanta,COLL,2022-11,2022-11,13,47569.0
Atlanta,COLL,2022-11,2022-12,0,29954.0
Atlanta,COLL,2022-11,2023-01,0,26846.0
Atlanta,COLL,2022-11,2023-02,0,-2565.0
Atlanta,COLL,2022-12,2022-12,15,47551.0
Atlanta,COLL,2022-12,2023-01,0,30098.0
Atlanta,COLL,2022-12,2023-02,0,21736.0
Atlanta,COLL,2022-12,2023-03,0,5919.0
Atlanta,COLL,2023-01,2023-01,13,39826.0
Atlanta,COLL,2023-01,2023-02,0,23020.0
Atlanta,COLL,2023-01,2023-03,0,12745.0
Atlanta,COLL,2023-01,2023-04,0,-6506.0
Atlanta,COLL,2023-02,2023-02,9,47789.0
Atlanta,COLL,2023-02,2023-03,0,30452.0
Atlanta,COLL,2023-02,2023-04,0,16001.0
Atlanta,COLL,2023-02,2023-05,0,381.0
Atlanta,COLL,2023-03,2023-03,14,53632.0
Atlanta,COLL,2023-03,2023-04,0,35805.0
Atlanta,COLL,2023-03,2023-05,0,22199.0
Atlanta,COLL,2023-03,2023-06,0,5093.0
Atlanta,COLL,2023-04,2023-04,10,20061.0
Atlanta,COLL,2023-04,2023-05,0,11651.0
Atlanta,COLL,2023-04,2023-06,0,10360.0
Atlanta,COLL,2023-04,2023-07,0,1600.0
Atlanta,COLL,2023-05,2023-05,14,54740.0
Atlanta,COLL,2023-05,2023-06,0,33268.0
Atlanta,COLL,2023-05,2023-07,0,38171.0
Atlanta,COLL,2023-05,2023-08,0,4018.0
Atlanta,COLL,2023-06,2023-06,13,40224.0
Atlanta,COLL,2023-06,2023-07,0,20809.0
Atlanta,COLL,2023-06,2023-08,0,16843.0
Atlanta,COLL,2023-06,2023-09,0,980.0
Atlanta,COLL,2023-07,2023-07,4,10716.0
Atlanta,COLL,2023-07,2023-08,0,7241.0
Atlanta,COLL,2023-07,2023-09,0,4980.0
Atlanta,COLL,2023-07,2023-10,0,2188.0
Atlanta,COLL,2023-08,2023-08,15,37025.0
Atlanta,COLL,2023-08,2023-09,0,24255.0
Atlanta,COLL,2023-08,2023-10,0,23121.0
Atlanta,COLL,2023-08,2023-11,0,2823.0
Atlanta,COLL,2023-09,2023-09,10,38595.0
Atlanta,COLL,2023-09,2023-10,0,22583.0
Atlanta,COLL,2023-09,2023-11,0,20912.0
Atlanta,COLL,2023-09,2023-12,0,-1889.0
Atlanta,COLL,2023-10,2023-10,13,34087.0
Atlanta,COLL,2023-10,2023-11,0,17692.0
Atlanta,COLL,2023-10,2023-12,0,15143.0
Atlanta,COLL,2023-10,2024-01,0,6635.0
Atlanta,COLL,2023-11,2023-11,7,13106.0
Atlanta,COLL,2023-11,2023-12,0,6983.0
Atlanta,COLL,2023-11,2024-01,0,6902.0
Atlanta,COLL,2023-11,2024-02,0,2159.0
Atlanta,COLL,2023-12,2023-12,12,52430.0
Atlanta,COLL,2023-12,2024-01,0,31042.0
Atlanta,COLL,2023-12,2024-02,0,20806.0
Atlanta,COLL,2023-12,2024-03,0,6945.0
Atlanta,COLL,2024-01,2024-01,19,77202.0
Atlanta,COLL,2024-01,2024-02,0,38053.0
Atlanta,COLL,2024-01,2024-03,0,30038.0
Atlanta,COLL,2024-01,2024-04,0,15817.0
Atlanta,COLL,2024-02,2024-02,11,39987.0
Atlanta,COLL,2024-02,2024-03,0,20946.0
Atlanta,COLL,2024-02,2024-04,0,10560.0
Atlanta,COLL,2024-02,2024-05,0,1029.0
Atlanta,COLL,2024-03,2024-03,14,48004.0
Atlanta,COLL,2024-03,2024-04,0,27955.0
Atlanta,COLL,2024-03,2024-05,0,19332.0
Atlanta,COLL,2024-03,2024-06,0,2175.0
Atlanta,COLL,2024-04,2024-04,13,37919.0
Atlanta,COLL,2024-04,2024-05,0,21537.0
Atlanta,COLL,2024-04,2024-06,0,18758.0
Atlanta,COLL,2024-04,2024-07,0,3607.0
Atlanta,COLL,2024-05,2024-05,16,61492.0
Atlanta,COLL,2024-05,2024-06,0,35706.0
Atlanta,COLL,2024-05,2024-07,0,25766.0
Atlanta,COLL,2024-05,2024-08,0,4931.0
Atlanta,COLL,2024-06,2024-06,14,47113.0
Atlanta,COLL,2024-06,2024-07,0,27309.0
Atlanta,COLL,2024-06,2024-08,0,22246.0
Atlanta,COLL,2024-06,2024-09,0,5910.0
Atlanta,COLL,2024-07,2024-07,7,31324.0
Atlanta,COLL,2024-07,2024-08,0,18383.0
Atlanta,COLL,2024-07,2024-09,0,9813.0
Atlanta,COLL,2024-07,2024-10,0,-765.0
Atlanta,COLL,2024-08,2024-08,11,22322.0
Atlanta,COLL,2024-08,2024-09,0,13687.0
Atlanta,COLL,2024-08,2024-10,0,13226.0
Atlanta,COLL,2024-08,2024-11,0,3987.0
Atlanta,COLL,2024-09,2024-09,7,29676.0
Atlanta,COLL,2024-09,2024-10,0,18615.0
Atlanta,COLL,2024-09,2024-11,0,10347.0
Atlanta,COLL,2024-09,2024-12,0,-2014.0
Atlanta,COLL,2024-10,2024-10,10,42304.0
Atlanta,COLL,2024-10,2024-11,0,24252.0
Atlanta,COLL,2024-10,2024-12,0,15537.0
Atlanta,COLL,2024-10,2025-01,0,3603.0
Atlanta,COLL,2024-11,2024-11,14,77318.0
Atlanta,COLL,2024-11,2024-12,0,51691.0
Atlanta,COLL,2024-11,2025-01,0,44555.0
Atlanta,COLL,2024-11,2025-02,0,10208.0
Atlanta,COLL,2024-12,2024-12,16,54736.0
Atlanta,COLL,2024-12,2025-01,0,31501.0
Atlanta,COLL,2024-12,2025-02,0,26605.0
Atlanta,COLL,2024-12,2025-03,0,-221.0
Atlanta,COLL,2025-01,2025-01,6,35952.0
Atlanta,COLL,2025-01,2025-02,0,17831.0
Atlanta,COLL,2025-01,2025-03,0,17732.0
Atlanta,COLL,2025-01,2025-04,0,5900.0
Atlanta,COLL,2025-02,2025-02,6,17223.0
Atlanta,COLL,2025-02,2025-03,0,11018.0
Atlanta,COLL,2025-02,2025-04,0,11684.0
Atlanta,COLL,2025-02,2025-05,0,129.0
Atlanta,COLL,2025-03,2025-03,12,31295.0
Atlanta,COLL,2025-03,2025-04,0,17849.0
Atlanta,COLL,2025-03,2025-05,0,13285.0
Atlanta,COLL,2025-03,2025-06,0,-984.0
Atlanta,COLL,2025-04,2025-04,11,30923.0
Atlanta,COLL,2025-04,2025-05,0,18662.0
Atlanta,COLL,2025-04,2025-06,0,13908.0
Atlanta,COLL,2025-04,2025-07,0,3583.0
Atlanta,COLL,2025-05,2025-05,11,24353.0
Atlanta,COLL,2025-05,2025-06,0,12248.0
Atlanta,COLL,2025-05,2025-07,0,12572.0
Atlanta,COLL,2025-05,2025-08,0,4598.0
Atlanta,COLL,2025-06,2025-06,10,37452.0
Atlanta,COLL,2025-06,2025-07,0,18843.0
Atlanta,COLL,2025-06,2025-08,0,13697.0
Atlanta,COLL,2025-06,2025-09,0,744.0
Atlanta,COLL,2025-07,2025-07,16,81898.0
Atlanta,COLL,2025-07,2025-08,0,39731.0
Atlanta,COLL,2025-07,2025-09,0,35928.0
Atlanta,COLL,2025-07,2025-10,0,6512.0
Atlanta,COLL,2025-08,2025-08,15,60907.0
Atlanta,COLL,2025-08,2025-09,0,31594.0
Atlanta,COLL,2025-08,2025-10,0,29526.0
Atlanta,COLL,2025-08,2025-11,0,3787.0
Atlanta,COLL,2025-09,2025-09,19,47769.0
Atlanta,COLL,2025-09,2025-10,0,27375.0
Atlanta,COLL,2025-09,2025-11,0,21021.0
Atlanta,COLL,2025-09,2025-12,0,7523.0
Atlanta,COLL,2025-10,2025-10,16,63333.0
Atlanta,COLL,2025-10,2025-11,0,40051.0
Atlanta,COLL,2025-10,2025-12,0,26820.0
Atlanta,COLL,2025-11,2025-11,7,24143.0
Atlanta,COLL,2025-11,2025-12,0,17583.0
Atlanta,COLL,2025-12,2025-12,9,47898.0
Atlanta,TPL_BI,2016-01,2016-04,1,2679.0
Atlanta,TPL_BI,2016-01,2017-01,0,3089.0
Atlanta,TPL_BI,2016-01,2018-01,0,1984.0
Atlanta,TPL_BI,2016-01,2019-01,0,2549.0
Atlanta,TPL_BI,2016-01,2020-01,0,93.0
Atlanta,TPL_BI,2016-02,2016-05,1,4653.0
Atlanta,TPL_BI,2016-02,2017-02,0,4715.0
Atlanta,TPL_BI,2016-02,2018-02,0,3584.0
Atlanta,TPL_BI,2016-02,2019-02,0,-2429.0
Atlanta,TPL_BI,2016-02,2020-02,0,1710.0
Atlanta,TPL_BI,2016-03,2016-06,3,10546.0
Atlanta,TPL_BI,2016-03,2017-03,0,12275.0
Atlanta,TPL_BI,2016-03,2018-03,0,9063.0
Atlanta,TPL_BI,2016-03,2019-03,0,9863.0
Atlanta,TPL_BI,2016-03,2020-03,0,4813.0
Atlanta,TPL_BI,2016-04,2016-07,1,2610.0
Atlanta,TPL_BI,2016-04,2017-04,0,2307.0
Atlanta,TPL_BI,2016-04,2018-04,0,1133.0
Atlanta,TPL_BI,2016-04,2019-04,0,2178.0
Atlanta,TPL_BI,2016-04,2020-04,0,1231.0
Atlanta,TPL_BI,2016-05,2016-08,2,8789.0
Atlanta,TPL_BI,2016-05,2017-05,0,10080.0
Atlanta,TPL_BI,2016-05,2018-05,0,11524.0
Atlanta,TPL_BI,2016-05,2019-05,0,-777.0
Atlanta,TPL_BI,2016-05,2020-05,0,4034.0
Atlanta,TPL_BI,2016-06,2016-09,1,3045.0
Atlanta,TPL_BI,2016-06,2017-06,0,3668.0
Atlanta,TPL_BI,2016-06,2018-06,0,5049.0
Atlanta,TPL_BI,2016-06,2019-06,0,1616.0
Atlanta,TPL_BI,2016-06,2020-06,0,1783.0
Atlanta,TPL_BI,2016-07,2016-10,2,25603.0
Atlanta,TPL_BI,2016-07,2017-07,0,19015.0
Atlanta,TPL_BI,2016-07,2018-07,0,18604.0
Atlanta,TPL_BI,2016-07,2019-07,0,14801.0
Atlanta,TPL_BI,2016-07,2020-07,0,519.0
Atlanta,TPL_BI,2016-09,2016-12,3,70664.0
Atlanta,TPL_BI,2016-09,2017-09,0,77163.0
Atlanta,TPL_BI,2016-09,2018-09,0,89091.0
Atlanta,TPL_BI,2016-09,2019-09,0,23995.0
Atlanta,TPL_BI,2016-09,2020-09,0,-28659.0
Atlanta,TPL_BI,2016-10,2017-01,1,18453.0
Atlanta,TPL_BI,2016-10,2017-10,0,19544.0
Atlanta,TPL_BI,2016-10,2018-10,0,20270.0
Atlanta,TPL_BI,2016-10,2019-10,0,4704.0
Atlanta,TPL_BI,2016-10,2020-10,0,3876.0
Atlanta,TPL_BI,2016-12,2017-03,2,3360.0
Atlanta,TPL_BI,2016-12,2017-12,0,3521.0
Atlanta,TPL_BI,2016-12,2018-12,0,3333.0
Atlanta,TPL_BI,2016-12,2019-12,0,1263.0
Atlanta,TPL_BI,2016-12,2020-12,0,1473.0
Atlanta,TPL_BI,2017-01,2017-04,1,7781.0
Atlanta,TPL_BI,2017-01,2018-01,0,8203.0
Atlanta,TPL_BI,2017-01,2019-01,0,8069.0
Atlanta,TPL_BI,2017-01,2020-01,0,2496.0
Atlanta,TPL_BI,2017-01,2021-01,0,4186.0
Atlanta,TPL_BI,2017-02,2017-05,2,10101.0
Atlanta,TPL_BI,2017-02,2018-02,0,10722.0
Atlanta,TPL_BI,2017-02,2019-02,0,14067.0
Atlanta,TPL_BI,2017-02,2020-02,0,5623.0
Atlanta,TPL_BI,2017-02,2021-02,0,429.0
Atlanta,TPL_BI,2017-03,2017-06,1,23568.0
Atlanta,TPL_BI,2017-03,2018-03,0,15236.0
Atlanta,TPL_BI,2017-03,2019-03,0,19142.0
Atlanta,TPL_BI,2017-03,2020-03,0,6643.0
Atlanta,TPL_BI,2017-03,2021-03,0,6260.0
Atlanta,TPL_BI,2017-05,2017-08,1,23953.0
Atlanta,TPL_BI,2017-05,2018-05,0,14268.0
Atlanta,TPL_BI,2017-05,2019-05,0,10652.0
Atlanta,TPL_BI,2017-05,2020-05,0,12255.0
Atlanta,TPL_BI,2017-05,2021-05,0,2578.0
Atlanta,TPL_BI,2017-06,2017-09,1,3544.0
Atlanta,TPL_BI,2017-06,2018-06,0,4567.0
Atlanta,TPL_BI,2017-06,2019-06,0,3297.0
Atlanta,TPL_BI,2017-06,2020-06,0,1611.0
Atlanta,TPL_BI,2017-06,2021-06,0,573.0
Atlanta,TPL_BI,2017-07,2017-10,1,4541.0
Atlanta,TPL_BI,2017-07,2018-07,0,5299.0
Atlanta,TPL_BI,2017-07,2019-07,0,5940.0
Atlanta,TPL_BI,2017-07,2020-07,0,3371.0
Atlanta,TPL_BI,2017-07,2021-07,0,857.0
Atlanta,TPL_BI,2017-08,2017-11,2,9586.0
Atlanta,TPL_BI,2017-08,2018-08,0,8698.0
Atlanta,TPL_BI,2017-08,2019-08,0,8031.0
Atlanta,TPL_BI,2017-08,2020-08,0,2830.0
Atlanta,TPL_BI,2017-08,2021-08,0,-1557.0
Atlanta,TPL_BI,2017-10,2018-01,2,33022.0
Atlanta,TPL_BI,2017-10,2018-10,0,22395.0
Atlanta,TPL_BI,2017-10,2019-10,0,27722.0
Atlanta,TPL_BI,2017-10,2020-10,0,5267.0
Atlanta,TPL_BI,2017-10,2021-10,0,244.0
Atlanta,TPL_BI,2018-01,2018-04,2,7960.0
Atlanta,TPL_BI,2018-01,2019-01,0,6373.0
Atlanta,TPL_BI,2018-01,2020-01,0,9060.0
Atlanta,TPL_BI,2018-01,2021-01,0,9226.0
Atlanta,TPL_BI,2018-01,2022-01,0,53.0
Atlanta,TPL_BI,2018-03,2018-06,1,570.0
Atlanta,TPL_BI,2018-03,2019-03,0,660.0
Atlanta,TPL_BI,2018-03,2020-03,0,596.0
Atlanta,TPL_BI,2018-03,2021-03,0,399.0
Atlanta,TPL_BI,2018-03,2022-03,0,208.0
Atlanta,TPL_BI,2018-05,2018-08,3,17760.0
Atlanta,TPL_BI,2018-05,2019-05,0,15904.0
Atlanta,TPL_BI,2018-05,2020-05,0,19966.0
Atlanta,TPL_BI,2018-05,2021-05,0,10774.0
Atlanta,TPL_BI,2018-05,2022-05,0,11453.0
Atlanta,TPL_BI,2018-06,2018-09,1,15289.0
Atlanta,TPL_BI,2018-06,2019-06,0,12238.0
Atlanta,TPL_BI,2018-06,2020-06,0,14940.0
Atlanta,TPL_BI,2018-06,2021-06,0,9854.0
Atlanta,TPL_BI,2018-06,2022-06,0,4915.0
Atlanta,TPL_BI,2018-07,2018-10,1,1347.0
Atlanta,TPL_BI,2018-07,2019-07,0,1626.0
Atlanta,TPL_BI,2018-07,2020-07,0,2284.0
Atlanta,TPL_BI,2018-07,2021-07,0,959.0
Atlanta,TPL_BI,2018-07,2022-07,0,565.0
Atlanta,TPL_BI,2018-08,2018-11,1,13294.0
Atlanta,TPL_BI,2018-08,2019-08,0,15030.0
Atlanta,TPL_BI,2018-08,2020-08,0,15698.0
Atlanta,TPL_BI,2018-08,2021-08,0,11938.0
Atlanta,TPL_BI,2018-08,2022-08,0,-835.0
Atlanta,TPL_BI,2018-09,2018-12,2,20381.0
Atlanta,TPL_BI,2018-09,2019-09,0,21349.0
Atlanta,TPL_BI,2018-09,2020-09,0,21850.0
Atlanta,TPL_BI,2018-09,2021-09,0,11021.0
Atlanta,TPL_BI,2018-09,2022-09,0,-894.0
Atlanta,TPL_BI,2019-01,2019-04,1,8919.0
Atlanta,TPL_BI,2019-01,2020-01,0,7199.0
Atlanta,TPL_BI,2019-01,2021-01,0,8673.0
Atlanta,TPL_BI,2019-01,2022-01,0,7746.0
Atlanta,TPL_BI,2019-01,2023-01,0,-238.0
Atlanta,TPL_BI,2019-02,2019-05,1,23599.0
Atlanta,TPL_BI,2019-02,2020-02,0,17999.0
Atlanta,TPL_BI,2019-02,2021-02,0,10120.0
Atlanta,TPL_BI,2019-02,2022-02,0,4949.0
Atlanta,TPL_BI,2019-02,2023-02,0,2546.0
Atlanta,TPL_BI,2019-03,2019-06,2,11872.0
Atlanta,TPL_BI,2019-03,2020-03,0,10878.0
Atlanta,TPL_BI,2019-03,2021-03,0,6921.0
Atlanta,TPL_BI,2019-03,2022-03,0,2719.0
Atlanta,TPL_BI,2019-03,2023-03,0,326.0
Atlanta,TPL_BI,2019-06,2019-09,2,22646.0
Atlanta,TPL_BI,2019-06,2020-06,0,23116.0
Atlanta,TPL_BI,2019-06,2021-06,0,33461.0
Atlanta,TPL_BI,2019-06,2022-06,0,19229.0
Atlanta,TPL_BI,2019-06,2023-06,0,-2558.0
Atlanta,TPL_BI,2019-08,2019-11,1,24784.0
Atlanta,TPL_BI,2019-08,2020-08,0,32405.0
Atlanta,TPL_BI,2019-08,2021-08,0,29498.0
Atlanta,TPL_BI,2019-08,2022-08,0,-6663.0
Atlanta,TPL_BI,2019-08,2023-08,0,10316.0
Atlanta,TPL_BI,2019-10,2020-01,2,7495.0
Atlanta,TPL_BI,2019-10,2020-10,0,8132.0
Atlanta,TPL_BI,2019-10,2021-10,0,7883.0
Atlanta,TPL_BI,2019-10,2022-10,0,1519.0
Atlanta,TPL_BI,2019-10,2023-10,0,1970.0
Atlanta,TPL_BI,2019-12,2020-03,2,37000.0
Atlanta,TPL_BI,2019-12,2020-12,0,24606.0
Atlanta,TPL_BI,2019-12,2021-12,0,23237.0
Atlanta,TPL_BI,2019-12,2022-12,0,13224.0
Atlanta,TPL_BI,2019-12,2023-12,0,-11414.0
Atlanta,TPL_BI,2020-01,2020-04,2,14704.0
Atlanta,TPL_BI,2020-01,2021-01,0,10652.0
Atlanta,TPL_BI,2020-01,2022-01,0,12772.0
Atlanta,TPL_BI,2020-01,2023-01,0,4802.0
Atlanta,TPL_BI,2020-01,2024-01,0,4661.0
Atlanta,TPL_BI,2020-02,2020-05,1,13907.0
Atlanta,TPL_BI,2020-02,2021-02,0,11984.0
Atlanta,TPL_BI,2020-02,2022-02,0,15248.0
Atlanta,TPL_BI,2020-02,2023-02,0,16882.0
Atlanta,TPL_BI,2020-02,2024-02,0,6715.0
Atlanta,TPL_BI,2020-03,2020-06,1,12799.0
Atlanta,TPL_BI,2020-03,2021-03,0,14265.0
Atlanta,TPL_BI,2020-03,2022-03,0,14844.0
Atlanta,TPL_BI,2020-03,2023-03,0,7466.0
Atlanta,TPL_BI,2020-03,2024-03,0,-2275.0
Atlanta,TPL_BI,2020-04,2020-07,1,7959.0
Atlanta,TPL_BI,2020-04,2021-04,0,9309.0
Atlanta,TPL_BI,2020-04,2022-04,0,9362.0
Atlanta,TPL_BI,2020-04,2023-04,0,44.0
Atlanta,TPL_BI,2020-04,2024-04,0,529.0
Atlanta,TPL_BI,2020-05,2020-08,2,76424.0
Atlanta,TPL_BI,2020-05,2021-05,0,56770.0
Atlanta,TPL_BI,2020-05,2022-05,0,75485.0
Atlanta,TPL_BI,2020-05,2023-05,0,13639.0
Atlanta,TPL_BI,2020-05,2024-05,0,23357.0
Atlanta,TPL_BI,2020-06,2020-09,1,3771.0
Atlanta,TPL_BI,2020-06,2021-06,0,3594.0
Atlanta,TPL_BI,2020-06,2022-06,0,4552.0
Atlanta,TPL_BI,2020-06,2023-06,0,1843.0
Atlanta,TPL_BI,2020-06,2024-06,0,-2557.0
Atlanta,TPL_BI,2020-07,2020-10,4,233999.0
Atlanta,TPL_BI,2020-07,2021-07,0,230904.0
Atlanta,TPL_BI,2020-07,2022-07,0,130511.0
Atlanta,TPL_BI,2020-07,2023-07,0,259698.0
Atlanta,TPL_BI,2020-07,2024-07,0,-85285.0
Atlanta,TPL_BI,2020-08,2020-11,2,26697.0
Atlanta,TPL_BI,2020-08,2021-08,0,26139.0
Atlanta,TPL_BI,2020-08,2022-08,0,29292.0
Atlanta,TPL_BI,2020-08,2023-08,0,-2800.0
Atlanta,TPL_BI,2020-08,2024-08,0,15382.0
Atlanta,TPL_BI,2020-09,2020-12,2,19445.0
Atlanta,TPL_BI,2020-09,2021-09,0,17787.0
Atlanta,TPL_BI,2020-09,2022-09,0,27408.0
Atlanta,TPL_BI,2020-09,2023-09,0,3745.0
Atlanta,TPL_BI,2020-09,2024-09,0,810.0
Atlanta,TPL_BI,2020-10,2021-01,2,11235.0
Atlanta,TPL_BI,2020-10,2021-10,0,12564.0
Atlanta,TPL_BI,2020-10,2022-10,0,9410.0
Atlanta,TPL_BI,2020-10,2023-10,0,10105.0
Atlanta,TPL_BI,2020-10,2024-10,0,33.0
Atlanta,TPL_BI,2020-12,2021-03,1,52566.0
Atlanta,TPL_BI,2020-12,2021-12,0,52234.0
Atlanta,TPL_BI,2020-12,2022-12,0,42785.0
Atlanta,TPL_BI,2020-12,2023-12,0,1781.0
Atlanta,TPL_BI,2020-12,2024-12,0,15674.0
Atlanta,TPL_BI,2021-01,2021-04,1,2716.0
Atlanta,TPL_BI,2021-01,2022-01,0,3083.0
Atlanta,TPL_BI,2021-01,2023-01,0,4380.0
Atlanta,TPL_BI,2021-01,2024-01,0,2092.0
Atlanta,TPL_BI,2021-01,2025-01,0,1750.0
Atlanta,TPL_BI,2021-03,2021-06,1,647.0
Atlanta,TPL_BI,2021-03,2022-03,0,735.0
Atlanta,TPL_BI,2021-03,2023-03,0,710.0
Atlanta,TPL_BI,2021-03,2024-03,0,748.0
Atlanta,TPL_BI,2021-03,2025-03,0,-219.0
Atlanta,TPL_BI,2021-04,2021-07,1,2053.0
Atlanta,TPL_BI,2021-04,2022-04,0,2150.0
Atlanta,TPL_BI,2021-04,2023-04,0,2031.0
Atlanta,TPL_BI,2021-04,2024-04,0,27.0
Atlanta,TPL_BI,2021-04,2025-04,0,-227.0
Atlanta,TPL_BI,2021-05,2021-08,1,27900.0
Atlanta,TPL_BI,2021-05,2022-05,0,35665.0
Atlanta,TPL_BI,2021-05,2023-05,0,40779.0
Atlanta,TPL_BI,2021-05,2024-05,0,-8370.0
Atlanta,TPL_BI,2021-05,2025-05,0,13305.0
Atlanta,TPL_BI,2021-07,2021-10,1,16620.0
Atlanta,TPL_BI,2021-07,2022-07,0,23363.0
Atlanta,TPL_BI,2021-07,2023-07,0,11862.0
Atlanta,TPL_BI,2021-07,2024-07,0,1699.0
Atlanta,TPL_BI,2021-07,2025-07,0,5645.0
Atlanta,TPL_BI,2021-08,2021-11,2,8516.0
Atlanta,TPL_BI,2021-08,2022-08,0,8559.0
Atlanta,TPL_BI,2021-08,2023-08,0,4885.0
Atlanta,TPL_BI,2021-08,2024-08,0,2410.0
Atlanta,TPL_BI,2021-08,2025-08,0,1755.0
Atlanta,TPL_BI,2021-09,2021-12,1,19919.0
Atlanta,TPL_BI,2021-09,2022-09,0,20946.0
Atlanta,TPL_BI,2021-09,2023-09,0,14851.0
Atlanta,TPL_BI,2021-09,2024-09,0,7894.0
Atlanta,TPL_BI,2021-09,2025-09,0,2696.0
Atlanta,TPL_BI,2021-10,2022-01,1,7890.0
Atlanta,TPL_BI,2021-10,2022-10,0,9228.0
Atlanta,TPL_BI,2021-10,2023-10,0,9988.0
Atlanta,TPL_BI,2021-10,2024-10,0,3696.0
Atlanta,TPL_BI,2021-10,2025-10,0,2106.0
Atlanta,TPL_BI,2021-11,2022-02,2,8364.0
Atlanta,TPL_BI,2021-11,2022-11,0,8216.0
Atlanta,TPL_BI,2021-11,2023-11,0,8580.0
Atlanta,TPL_BI,2021-11,2024-11,0,1418.0
Atlanta,TPL_BI,2021-11,2025-11,0,1866.0
Atlanta,TPL_BI,2022-02,2022-05,3,42385.0
Atlanta,TPL_BI,2022-02,2023-02,0,35234.0
Atlanta,TPL_BI,2022-02,2024-02,0,27809.0
Atlanta,TPL_BI,2022-02,2025-02,0,10613.0
Atlanta,TPL_BI,2022-04,2022-07,1,3792.0
Atlanta,TPL_BI,2022-04,2023-04,0,5143.0
Atlanta,TPL_BI,2022-04,2024-04,0,1951.0
Atlanta,TPL_BI,2022-04,2025-04,0,3080.0
Atlanta,TPL_BI,2022-05,2022-08,1,15750.0
Atlanta,TPL_BI,2022-05,2023-05,0,17835.0
Atlanta,TPL_BI,2022-05,2024-05,0,9743.0
Atlanta,TPL_BI,2022-05,2025-05,0,3437.0
Atlanta,TPL_BI,2022-06,2022-09,1,11315.0
Atlanta,TPL_BI,2022-06,2023-06,0,13191.0
Atlanta,TPL_BI,2022-06,2024-06,0,15725.0
Atlanta,TPL_BI,2022-06,2025-06,0,12128.0
Atlanta,TPL_BI,2022-07,2022-10,1,15005.0
Atlanta,TPL_BI,2022-07,2023-07,0,12264.0
Atlanta,TPL_BI,2022-07,2024-07,0,18127.0
Atlanta,TPL_BI,2022-07,2025-07,0,16887.0
Atlanta,TPL_BI,2022-08,2022-11,1,6326.0
Atlanta,TPL_BI,2022-08,2023-08,0,5755.0
Atlanta,TPL_BI,2022-08,2024-08,0,5570.0
Atlanta,TPL_BI,2022-08,2025-08,0,5683.0
Atlanta,TPL_BI,2022-09,2022-12,1,2879.0
Atlanta,TPL_BI,2022-09,2023-09,0,3151.0
Atlanta,TPL_BI,2022-09,2024-09,0,3600.0
Atlanta,TPL_BI,2022-09,2025-09,0,1324.0
Atlanta,TPL_BI,2022-10,2023-01,1,6935.0
Atlanta,TPL_BI,2022-10,2023-10,0,8863.0
Atlanta,TPL_BI,2022-10,2024-10,0,9416.0
Atlanta,TPL_BI,2022-10,2025-10,0,7530.0
Atlanta,TPL_BI,2022-11,2023-02,1,38504.0
Atlanta,TPL_BI,2022-11,2023-11,0,55118.0
Atlanta,TPL_BI,2022-11,2024-11,0,55830.0
Atlanta,TPL_BI,2022-11,2025-11,0,44091.0
Atlanta,TPL_BI,2022-12,2023-03,1,2308.0
Atlanta,TPL_BI,2022-12,2023-12,0,2592.0
Atlanta,TPL_BI,2022-12,2024-12,0,1848.0
Atlanta,TPL_BI,2022-12,2025-12,0,-702.0
Atlanta,TPL_BI,2023-01,2023-04,2,21084.0
Atlanta,TPL_BI,2023-01,2024-01,0,18735.0
Atlanta,TPL_BI,2023-01,2025-01,0,25500.0
Atlanta,TPL_BI,2023-02,2023-05,1,5380.0
Atlanta,TPL_BI,2023-02,2024-02,0,2736.0
Atlanta,TPL_BI,2023-02,2025-02,0,3725.0
Atlanta,TPL_BI,2023-04,2023-07,1,6468.0
Atlanta,TPL_BI,2023-04,2024-04,0,7321.0
Atlanta,TPL_BI,2023-04,2025-04,0,6673.0
Atlanta,TPL_BI,2023-05,2023-08,2,12321.0
Atlanta,TPL_BI,2023-05,2024-05,0,8954.0
Atlanta,TPL_BI,2023-05,2025-05,0,12694.0
Atlanta,TPL_BI,2023-07,2023-10,1,20562.0
Atlanta,TPL_BI,2023-07,2024-07,0,16158.0
Atlanta,TPL_BI,2023-07,2025-07,0,13517.0
Atlanta,TPL_BI,2023-09,2023-12,2,49496.0
Atlanta,TPL_BI,2023-09,2024-09,0,37532.0
Atlanta,TPL_BI,2023-09,2025-09,0,38597.0
Atlanta,TPL_BI,2023-11,2024-02,1,9932.0
Atlanta,TPL_BI,2023-11,2024-11,0,6822.0
Atlanta,TPL_BI,2023-11,2025-11,0,10284.0
Atlanta,TPL_BI,2023-12,2024-03,3,77208.0
Atlanta,TPL_BI,2023-12,2024-12,0,78020.0
Atlanta,TPL_BI,2023-12,2025-12,0,86814.0
Atlanta,TPL_BI,2024-04,2024-07,2,3835.0
Atlanta,TPL_BI,2024-04,2025-04,0,4145.0
Atlanta,TPL_BI,2024-05,2024-08,1,6827.0
Atlanta,TPL_BI,2024-05,2025-05,0,8229.0
Atlanta,TPL_BI,2024-06,2024-09,3,18222.0
Atlanta,TPL_BI,2024-06,2025-06,0,16392.0
Atlanta,TPL_BI,2024-07,2024-10,1,17382.0
Atlanta,TPL_BI,2024-07,2025-07,0,17867.0
Atlanta,TPL_BI,2024-08,2024-11,1,2470.0
Atlanta,TPL_BI,2024-08,2025-08,0,2606.0
Atlanta,TPL_BI,2024-10,2025-01,1,5837.0
Atlanta,TPL_BI,2024-10,2025-10,0,5056.0
Atlanta,TPL_BI,2024-12,2025-03,1,1272.0
Atlanta,TPL_BI,2024-12,2025-12,0,810.0
Atlanta,TPL_BI,2025-01,2025-04,2,122849.0
Atlanta,TPL_BI,2025-02,2025-05,1,27037.0
Atlanta,TPL_BI,2025-03,2025-06,1,971.0
Atlanta,TPL_BI,2025-04,2025-07,1,9773.0
Atlanta,TPL_BI,2025-05,2025-08,2,35510.0
Atlanta,TPL_BI,2025-06,2025-09,1,2764.0
Atlanta,TPL_BI,2025-07,2025-10,1,16931.0
Atlanta,TPL_BI,2025-08,2025-11,2,41500.0
Atlanta,AB,2016-01,2016-04,1,694.0
Atlanta,AB,2016-01,2017-01,0,701.0
Atlanta,AB,2016-01,2018-01,0,1611.0
Atlanta,AB,2016-01,2020-01,0,1703.0
Atlanta,AB,2016-01,2022-01,0,-133.0
Atlanta,AB,2016-01,2024-01,0,233.0
Atlanta,AB,2016-02,2016-05,1,67.0
Atlanta,AB,2016-02,2017-02,0,93.0
Atlanta,AB,2016-02,2018-02,0,161.0
Atlanta,AB,2016-02,2020-02,0,125.0
Atlanta,AB,2016-02,2022-02,0,52.0
Atlanta,AB,2016-02,2024-02,0,-28.0
Atlanta,AB,2016-04,2016-07,1,95058.0
Atlanta,AB,2016-04,2017-04,0,125073.0
Atlanta,AB,2016-04,2018-04,0,196243.0
Atlanta,AB,2016-04,2020-04,0,131548.0
Atlanta,AB,2016-04,2022-04,0,97086.0
Atlanta,AB,2016-04,2024-04,0,-53464.0
Atlanta,AB,2016-05,2016-08,3,11461.0
Atlanta,AB,2016-05,2017-05,0,16857.0
Atlanta,AB,2016-05,2018-05,0,19289.0
Atlanta,AB,2016-05,2020-05,0,13503.0
Atlanta,AB,2016-05,2022-05,0,2599.0
Atlanta,AB,2016-05,2024-05,0,3818.0
Atlanta,AB,2016-10,2017-01,1,10717.0
Atlanta,AB,2016-10,2017-10,0,10549.0
Atlanta,AB,2016-10,2018-10,0,24700.0
Atlanta,AB,2016-10,2020-10,0,25318.0
Atlanta,AB,2016-10,2022-10,0,15365.0
Atlanta,AB,2016-10,2024-10,0,-1595.0
Atlanta,AB,2016-11,2017-02,1,298.0
Atlanta,AB,2016-11,2017-11,0,492.0
Atlanta,AB,2016-11,2018-11,0,802.0
Atlanta,AB,2016-11,2020-11,0,420.0
Atlanta,AB,2016-11,2022-11,0,303.0
Atlanta,AB,2016-11,2024-11,0,-40.0
Atlanta,AB,2016-12,2017-03,2,5186.0
Atlanta,AB,2016-12,2017-12,0,5434.0
Atlanta,AB,2016-12,2018-12,0,5402.0
Atlanta,AB,2016-12,2020-12,0,5631.0
Atlanta,AB,2016-12,2022-12,0,1594.0
Atlanta,AB,2016-12,2024-12,0,-81.0
Atlanta,AB,2017-01,2017-04,1,2926.0
Atlanta,AB,2017-01,2018-01,0,2732.0
Atlanta,AB,2017-01,2019-01,0,4154.0
Atlanta,AB,2017-01,2021-01,0,4520.0
Atlanta,AB,2017-01,2023-01,0,945.0
Atlanta,AB,2017-01,2025-01,0,1466.0
Atlanta,AB,2017-02,2017-05,2,2272.0
Atlanta,AB,2017-02,2018-02,0,3301.0
Atlanta,AB,2017-02,2019-02,0,4511.0
Atlanta,AB,2017-02,2021-02,0,3637.0
Atlanta,AB,2017-02,2023-02,0,3942.0
Atlanta,AB,2017-02,2025-02,0,2348.0
Atlanta,AB,2017-03,2017-06,1,37175.0
Atlanta,AB,2017-03,2018-03,0,61049.0
Atlanta,AB,2017-03,2019-03,0,41800.0
Atlanta,AB,2017-03,2021-03,0,64631.0
Atlanta,AB,2017-03,2023-03,0,-16880.0
Atlanta,AB,2017-03,2025-03,0,35512.0
Atlanta,AB,2017-07,2017-10,1,707.0
Atlanta,AB,2017-07,2018-07,0,945.0
Atlanta,AB,2017-07,2019-07,0,1218.0
Atlanta,AB,2017-07,2021-07,0,1469.0
Atlanta,AB,2017-07,2023-07,0,10.0
Atlanta,AB,2017-07,2025-07,0,1128.0
Atlanta,AB,2017-10,2018-01,1,28658.0
Atlanta,AB,2017-10,2018-10,0,36204.0
Atlanta,AB,2017-10,2019-10,0,35249.0
Atlanta,AB,2017-10,2021-10,0,11979.0
Atlanta,AB,2017-10,2023-10,0,19294.0
Atlanta,AB,2017-10,2025-10,0,20236.0
Atlanta,AB,2018-03,2018-06,1,2151.0
Atlanta,AB,2018-03,2019-03,0,2530.0
Atlanta,AB,2018-03,2020-03,0,4388.0
Atlanta,AB,2018-03,2022-03,0,2845.0
Atlanta,AB,2018-03,2024-03,0,1367.0
Atlanta,AB,2018-05,2018-08,1,4521.0
Atlanta,AB,2018-05,2019-05,0,6008.0
Atlanta,AB,2018-05,2020-05,0,6828.0
Atlanta,AB,2018-05,2022-05,0,4635.0
Atlanta,AB,2018-05,2024-05,0,2577.0
Atlanta,AB,2018-07,2018-10,1,6052.0
Atlanta,AB,2018-07,2019-07,0,7965.0
Atlanta,AB,2018-07,2020-07,0,14062.0
Atlanta,AB,2018-07,2022-07,0,11444.0
Atlanta,AB,2018-07,2024-07,0,9268.0
Atlanta,AB,2018-09,2018-12,1,4121.0
Atlanta,AB,2018-09,2019-09,0,7021.0
Atlanta,AB,2018-09,2020-09,0,11104.0
Atlanta,AB,2018-09,2022-09,0,14756.0
Atlanta,AB,2018-09,2024-09,0,13250.0
Atlanta,AB,2018-10,2019-01,1,89.0
Atlanta,AB,2018-10,2019-10,0,81.0
Atlanta,AB,2018-10,2020-10,0,120.0
Atlanta,AB,2018-10,2022-10,0,95.0
Atlanta,AB,2018-10,2024-10,0,55.0
Atlanta,AB,2018-11,2019-02,1,3453.0
Atlanta,AB,2018-11,2019-11,0,4301.0
Atlanta,AB,2018-11,2020-11,0,8408.0
Atlanta,AB,2018-11,2022-11,0,8130.0
Atlanta,AB,2018-11,2024-11,0,2989.0
Atlanta,AB,2018-12,2019-03,1,10868.0
Atlanta,AB,2018-12,2019-12,0,11646.0
Atlanta,AB,2018-12,2020-12,0,21944.0
Atlanta,AB,2018-12,2022-12,0,22243.0
Atlanta,AB,2018-12,2024-12,0,-1918.0
Atlanta,AB,2019-02,2019-05,1,6261.0
Atlanta,AB,2019-02,2020-02,0,10112.0
Atlanta,AB,2019-02,2021-02,0,16020.0
Atlanta,AB,2019-02,2023-02,0,8888.0
Atlanta,AB,2019-02,2025-02,0,3740.0
Atlanta,AB,2019-03,2019-06,2,18215.0
Atlanta,AB,2019-03,2020-03,0,21346.0
Atlanta,AB,2019-03,2021-03,0,31975.0
Atlanta,AB,2019-03,2023-03,0,24426.0
Atlanta,AB,2019-03,2025-03,0,1431.0
Atlanta,AB,2019-10,2020-01,1,988.0
Atlanta,AB,2019-10,2020-10,0,875.0
Atlanta,AB,2019-10,2021-10,0,1174.0
Atlanta,AB,2019-10,2023-10,0,1326.0
Atlanta,AB,2019-10,2025-10,0,384.0
Atlanta,AB,2019-11,2020-02,1,2074.0
Atlanta,AB,2019-11,2020-11,0,3215.0
Atlanta,AB,2019-11,2021-11,0,3736.0
Atlanta,AB,2019-11,2023-11,0,4993.0
Atlanta,AB,2019-11,2025-11,0,800.0
Atlanta,AB,2020-05,2020-08,2,10791.0
Atlanta,AB,2020-05,2021-05,0,13543.0
Atlanta,AB,2020-05,2022-05,0,19008.0
Atlanta,AB,2020-05,2024-05,0,20490.0
Atlanta,AB,2020-07,2020-10,1,13238.0
Atlanta,AB,2020-07,2021-07,0,14712.0
Atlanta,AB,2020-07,2022-07,0,20659.0
Atlanta,AB,2020-07,2024-07,0,20162.0
Atlanta,AB,2020-08,2020-11,1,1431.0
Atlanta,AB,2020-08,2021-08,0,2455.0
Atlanta,AB,2020-08,2022-08,0,2281.0
Atlanta,AB,2020-08,2024-08,0,739.0
Atlanta,AB,2020-09,2020-12,1,5145.0
Atlanta,AB,2020-09,2021-09,0,6305.0
Atlanta,AB,2020-09,2022-09,0,8776.0
Atlanta,AB,2020-09,2024-09,0,7365.0
Atlanta,AB,2020-10,2021-01,1,20846.0
Atlanta,AB,2020-10,2021-10,0,26827.0
Atlanta,AB,2020-10,2022-10,0,49383.0
Atlanta,AB,2020-10,2024-10,0,45408.0
Atlanta,AB,2020-11,2021-02,1,7825.0
Atlanta,AB,2020-11,2021-11,0,11376.0
Atlanta,AB,2020-11,2022-11,0,14650.0
Atlanta,AB,2020-11,2024-11,0,16610.0
Atlanta,AB,2021-05,2021-08,1,1345.0
Atlanta,AB,2021-05,2022-05,0,1935.0
Atlanta,AB,2021-05,2023-05,0,2378.0
Atlanta,AB,2021-05,2025-05,0,1664.0
Atlanta,AB,2021-07,2021-10,2,28997.0
Atlanta,AB,2021-07,2022-07,0,39740.0
Atlanta,AB,2021-07,2023-07,0,51130.0
Atlanta,AB,2021-07,2025-07,0,68603.0
Atlanta,AB,2021-09,2021-12,1,13808.0
Atlanta,AB,2021-09,2022-09,0,18953.0
Atlanta,AB,2021-09,2023-09,0,23784.0
Atlanta,AB,2021-09,2025-09,0,23577.0
Atlanta,AB,2021-11,2022-02,1,4156.0
Atlanta,AB,2021-11,2022-11,0,5186.0
Atlanta,AB,2021-11,2023-11,0,7274.0
Atlanta,AB,2021-11,2025-11,0,1942.0
Atlanta,AB,2022-01,2022-04,2,30023.0
Atlanta,AB,2022-01,2023-01,0,45342.0
Atlanta,AB,2022-01,2024-01,0,58787.0
Atlanta,AB,2022-03,2022-06,2,11793.0
Atlanta,AB,2022-03,2023-03,0,13627.0
Atlanta,AB,2022-03,2024-03,0,14566.0
Atlanta,AB,2022-04,2022-07,1,2403.0
Atlanta,AB,2022-04,2023-04,0,3301.0
Atlanta,AB,2022-04,2024-04,0,5764.0
Atlanta,AB,2022-05,2022-08,1,2539.0
Atlanta,AB,2022-05,2023-05,0,2393.0
Atlanta,AB,2022-05,2024-05,0,4938.0
Atlanta,AB,2022-07,2022-10,1,22968.0
Atlanta,AB,2022-07,2023-07,0,31623.0
Atlanta,AB,2022-07,2024-07,0,53779.0
Atlanta,AB,2022-12,2023-03,1,4639.0
Atlanta,AB,2022-12,2023-12,0,5928.0
Atlanta,AB,2022-12,2024-12,0,9703.0
Atlanta,AB,2023-05,2023-08,1,11078.0
Atlanta,AB,2023-05,2024-05,0,13279.0
Atlanta,AB,2023-05,2025-05,0,19502.0
Atlanta,AB,2023-07,2023-10,1,1130.0
Atlanta,AB,2023-07,2024-07,0,1390.0
Atlanta,AB,2023-07,2025-07,0,1402.0
Atlanta,AB,2023-08,2023-11,1,308.0
Atlanta,AB,2023-08,2024-08,0,436.0
Atlanta,AB,2023-08,2025-08,0,466.0
Atlanta,AB,2023-09,2023-12,2,3584.0
Atlanta,AB,2023-09,2024-09,0,4396.0
Atlanta,AB,2023-09,2025-09,0,7296.0
Atlanta,AB,2023-11,2024-02,2,44132.0
Atlanta,AB,2023-11,2024-11,0,49687.0
Atlanta,AB,2023-11,2025-11,0,72185.0
Atlanta,AB,2023-12,2024-03,1,3346.0
Atlanta,AB,2023-12,2024-12,0,5298.0
Atlanta,AB,2023-12,2025-12,0,5316.0
Atlanta,AB,2024-01,2024-04,1,2133.0
Atlanta,AB,2024-01,2025-01,0,2877.0
Atlanta,AB,2024-04,2024-07,1,8488.0
Atlanta,AB,2024-04,2025-04,0,11102.0
Atlanta,AB,2024-05,2024-08,1,2433.0
Atlanta,AB,2024-05,2025-05,0,3212.0
Atlanta,AB,2024-09,2024-12,1,2380.0
Atlanta,AB,2024-09,2025-09,0,3071.0
Atlanta,AB,2025-01,2025-04,1,14460.0
Atlanta,AB,2025-03,2025-06,1,17200.0
Atlanta,AB,2025-05,2025-08,1,7397.0
Atlanta,AB,2025-06,2025-09,1,4856.0
