,origin,development,loss,exposure
0,1993,1993,1058.823529,7000
1,1994,1994,1333.333333,8000
2,1995,1995,2000.0,9000
3,1996,1996,2000.0,10000
4,1997,1997,2800.0,11000
5,1993,1994,1905.8823530000002,7000
6,1994,1995,2400.0,8000
7,1995,1996,3600.0,9000
8,1996,1997,3600.0,10000
9,1993,1995,2541.176471,7000
10,1994,1996,3200.0,8000
11,1995,1997,4800.0,9000
12,1993,1996,3176.4705879999997,7000
13,1994,1997,4000.0,8000
14,1993,1997,3600.0,7000
