origin,development,reportedCount,closedPaidCount,Paid,Incurred
2008-01,2008-02,1.0,,,
2008-01,2008-03,7.0,5.0,46915.015123000005,46915.015123000005
2008-01,2008-04,4.0,4.0,19898.778972,19898.778972
2008-01,2008-05,7.0,6.0,57215.983936,57215.983936
2008-01,2008-06,14.0,13.0,89783.258084,89783.258084
2008-01,2008-07,4.0,4.0,18301.827646,18301.827646
2008-01,2008-08,10.0,10.0,95054.43289400001,95054.43289400001
2008-01,2008-09,5.0,2.0,10332.363153,10332.363153
2008-01,2008-10,11.0,11.0,91772.229823,91772.229823
2008-01,2008-11,8.0,8.0,50403.2561,50403.2561
2008-01,2008-12,6.0,5.0,25904.392469000002,25904.392469000002
2008-01,2009-01,5.0,4.0,20363.039990999998,20363.039990999998
2008-01,2009-02,8.0,7.0,53973.8270764,53973.8270764
2008-01,2009-03,4.0,4.0,42845.725397,42845.725397
2008-01,2009-04,6.0,6.0,72887.347019,72887.347019
2008-01,2009-05,7.0,6.0,45247.565785,45247.565785
2008-01,2009-06,7.0,6.0,41837.701048,41837.701048
2008-01,2009-07,1.0,1.0,19000.0,19000.0
2008-01,2009-08,4.0,4.0,20681.84901,20681.84901
2008-01,2009-09,1.0,1.0,7437.519458,7437.519458
2008-01,2009-10,6.0,5.0,66622.7335,66622.7335
2008-01,2009-11,4.0,4.0,277594.08222,277594.08222
2008-01,2009-12,4.0,3.0,21437.716875,21437.716875
2008-01,2010-01,5.0,5.0,31795.146380000002,31795.146380000002
2008-01,2010-02,12.0,11.0,818091.638041,818091.638041
2008-01,2010-03,4.0,3.0,377558.99032000004,377558.99032000004
2008-01,2010-04,5.0,5.0,623121.2821000001,623121.2821000001
2008-01,2010-05,7.0,5.0,496192.266162,496192.266162
2008-01,2010-06,7.0,5.0,372963.8717319999,372963.8717319999
2008-01,2010-07,16.0,11.0,1613041.44363707,1613041.44363707
2008-01,2010-08,10.0,9.0,1510690.47509,1510690.47509
2008-01,2010-09,10.0,10.0,1463859.943298,1463859.943298
2008-01,2010-10,18.0,15.0,2705437.3773149997,2705437.3773149997
2008-01,2010-11,14.0,8.0,1258599.37634,1258599.37634
2008-01,2010-12,6.0,3.0,615495.7892,615495.7892
2008-01,2011-01,6.0,2.0,366247.02538999997,366247.02538999997
2008-01,2011-02,2.0,2.0,285689.92624,285689.92624
2008-01,2011-03,2.0,2.0,187000.0,187000.0
2008-01,2011-04,1.0,,,
2008-01,2011-05,1.0,1.0,8733.822202,8733.822202
2008-01,2011-07,1.0,1.0,7324.582575,7324.582575
2008-01,2012-02,1.0,1.0,6908.747829000001,6908.747829000001
2008-01,2012-10,1.0,1.0,5659.301493999999,5659.301493999999
2008-01,2013-01,1.0,1.0,7509.548931,7509.548931
2008-02,2008-03,5.0,5.0,28749.365091,28749.365091
2008-02,2008-04,4.0,3.0,22109.176517,22109.176517
2008-02,2008-05,9.0,9.0,79032.630204,79032.630204
2008-02,2008-06,7.0,7.0,63454.689223999994,63454.689223999994
2008-02,2008-07,8.0,8.0,59993.109001000004,59993.109001000004
2008-02,2008-08,8.0,8.0,64682.696457000005,64682.696457000005
2008-02,2008-09,11.0,10.0,68501.669363,68501.669363
2008-02,2008-10,6.0,4.0,33694.528307,33694.528307
2008-02,2008-11,9.0,9.0,71670.163132,71670.163132
2008-02,2008-12,3.0,2.0,10845.932008,10845.932008
2008-02,2009-01,9.0,9.0,76992.30667399999,76992.30667399999
2008-02,2009-02,9.0,7.0,45118.69594899999,45118.69594899999
2008-02,2009-03,4.0,4.0,31260.402970000003,31260.402970000003
2008-02,2009-04,6.0,5.0,31628.854135999998,31628.854135999998
2008-02,2009-05,5.0,5.0,44746.068059,44746.068059
2008-02,2009-06,3.0,2.0,5437.649534,5437.649534
2008-02,2009-07,4.0,4.0,28559.09976,28559.09976
2008-02,2009-08,4.0,3.0,20605.070884,20605.070884
2008-02,2009-09,6.0,5.0,23776.507583000002,23776.507583000002
2008-02,2009-10,6.0,6.0,243735.61628100002,243735.61628100002
2008-02,2009-11,6.0,5.0,127662.21975400002,127662.21975400002
2008-02,2009-12,3.0,2.0,63657.136032,63657.136032
2008-02,2010-01,5.0,4.0,23716.146264,23716.146264
2008-02,2010-02,7.0,5.0,341144.98777300003,341144.98777300003
2008-02,2010-03,9.0,8.0,963831.51104,963831.51104
2008-02,2010-04,8.0,8.0,1269554.266412,1269554.266412
2008-02,2010-05,9.0,7.0,774844.650547,774844.650547
2008-02,2010-06,10.0,9.0,963040.056102,963040.056102
2008-02,2010-07,16.0,11.0,1733777.563258,1733777.563258
2008-02,2010-08,11.0,9.0,1207841.910743,1207841.910743
2008-02,2010-09,8.0,6.0,1042253.53768,1042253.53768
2008-02,2010-10,14.0,8.0,1637605.6206999999,1637605.6206999999
2008-02,2010-11,10.0,5.0,755215.35935,755215.35935
2008-02,2010-12,6.0,4.0,883582.0555,883582.0555
2008-02,2011-01,6.0,4.0,839951.23946,839951.23946
2008-02,2011-02,3.0,1.0,180000.0,180000.0
2008-02,2011-03,2.0,1.0,180000.0,180000.0
2008-02,2011-04,2.0,2.0,360000.0,360000.0
2008-02,2011-06,1.0,1.0,14000.0,14000.0
2008-02,2011-10,1.0,1.0,7000.0,7000.0
2008-02,2011-12,2.0,2.0,13471.002738,13471.002738
2008-02,2012-01,2.0,2.0,9292.483535,9292.483535
2008-02,2012-03,1.0,1.0,2696.680976,2696.680976
2008-02,2012-07,1.0,1.0,4607.561736,4607.561736
2008-02,2012-08,1.0,1.0,19000.0,19000.0
2008-02,2012-10,2.0,2.0,29395.358079999998,29395.358079999998
2008-02,2013-09,1.0,1.0,5688.953874,5688.953874
2008-02,2013-12,1.0,1.0,6803.3099010000005,6803.3099010000005
2008-03,2008-04,4.0,4.0,48805.786934,48805.786934
2008-03,2008-05,5.0,5.0,27949.453343,27949.453343
2008-03,2008-06,12.0,11.0,90412.57492300001,90412.57492300001
2008-03,2008-07,7.0,7.0,54556.680460999996,54556.680460999996
2008-03,2008-08,12.0,12.0,83507.36963,83507.36963
2008-03,2008-09,3.0,3.0,12591.483468999999,12591.483468999999
2008-03,2008-10,6.0,6.0,72035.009198,72035.009198
2008-03,2008-11,9.0,8.0,70352.890543,70352.890543
2008-03,2008-12,7.0,6.0,35222.888014,35222.888014
2008-03,2009-01,8.0,8.0,52924.695857,52924.695857
2008-03,2009-02,8.0,8.0,51321.624646,51321.624646
2008-03,2009-03,10.0,10.0,72800.67583200001,72800.67583200001
2008-03,2009-04,7.0,6.0,49987.284069,49987.284069
2008-03,2009-05,7.0,7.0,55533.845242,55533.845242
2008-03,2009-06,7.0,7.0,51487.533042999996,51487.533042999996
2008-03,2009-07,6.0,5.0,62122.202241000006,62122.202241000006
2008-03,2009-08,6.0,5.0,60517.179547,60517.179547
2008-03,2009-09,10.0,10.0,87292.81631499999,87292.81631499999
2008-03,2009-10,2.0,1.0,568.0511584,568.0511584
2008-03,2009-11,5.0,5.0,209542.083952,209542.083952
2008-03,2009-12,6.0,5.0,195077.956939,195077.956939
2008-03,2010-01,4.0,4.0,27905.427801,27905.427801
2008-03,2010-02,4.0,4.0,38143.270556999996,38143.270556999996
2008-03,2010-03,7.0,7.0,531267.4271920001,531267.4271920001
2008-03,2010-04,2.0,1.0,4534.961367,4534.961367
2008-03,2010-05,7.0,7.0,588113.4868160001,588113.4868160001
2008-03,2010-06,15.0,14.0,1934318.2481300002,1934318.2481300002
2008-03,2010-07,8.0,4.0,467943.04076999996,467943.04076999996
2008-03,2010-08,11.0,9.0,793931.7550069999,793931.7550069999
2008-03,2010-09,3.0,2.0,139759.41973700002,139759.41973700002
2008-03,2010-10,16.0,8.0,1446579.47861,1446579.47861
2008-03,2010-11,17.0,16.0,2451659.123207,2451659.123207
2008-03,2010-12,8.0,2.0,73088.335547,73088.335547
2008-03,2011-01,7.0,6.0,880437.58071,880437.58071
2008-03,2011-02,9.0,3.0,575613.4103000001,575613.4103000001
2008-03,2011-03,4.0,4.0,493000.0,493000.0
2008-03,2011-04,1.0,1.0,1881.612725,1881.612725
2008-03,2011-05,1.0,,,
2008-03,2011-07,1.0,1.0,1000.853922,1000.853922
2008-03,2011-08,1.0,1.0,8969.105379,8969.105379
2008-03,2011-09,2.0,2.0,24471.371758,24471.371758
2008-03,2011-11,1.0,1.0,11748.31437,11748.31437
2008-03,2012-04,2.0,2.0,26000.0,26000.0
2008-03,2012-07,1.0,,,
2008-03,2013-08,1.0,1.0,6619.249157,6619.249157
2008-03,2016-04,1.0,1.0,2005.192531,2005.192531
2008-04,2008-05,6.0,5.0,30758.035988,30758.035988
2008-04,2008-06,2.0,2.0,17762.893769000002,17762.893769000002
2008-04,2008-07,11.0,8.0,70872.089511,70872.089511
2008-04,2008-08,9.0,8.0,30232.607725,30232.607725
2008-04,2008-09,7.0,6.0,39494.326673999996,39494.326673999996
2008-04,2008-10,8.0,8.0,66729.041632,66729.041632
2008-04,2008-11,15.0,14.0,122100.008971,122100.008971
2008-04,2008-12,5.0,4.0,20997.801217,20997.801217
2008-04,2009-01,8.0,7.0,38218.309668,38218.309668
2008-04,2009-02,3.0,3.0,25099.184168,25099.184168
2008-04,2009-03,9.0,8.0,57116.1907373,57116.1907373
2008-04,2009-04,3.0,2.0,15314.140055,15314.140055
2008-04,2009-05,8.0,6.0,40254.31509,40254.31509
2008-04,2009-06,5.0,4.0,19133.327261,19133.327261
2008-04,2009-07,2.0,2.0,26000.0,26000.0
2008-04,2009-08,3.0,3.0,18733.664985,18733.664985
2008-04,2009-09,6.0,6.0,53368.88673399999,53368.88673399999
2008-04,2009-10,6.0,4.0,21912.843431,21912.843431
2008-04,2009-11,3.0,2.0,10306.440238,10306.440238
2008-04,2009-12,6.0,6.0,225171.438288,225171.438288
2008-04,2010-01,4.0,4.0,29537.71902,29537.71902
2008-04,2010-02,3.0,2.0,14847.002433,14847.002433
2008-04,2010-03,2.0,2.0,166675.11102299998,166675.11102299998
2008-04,2010-04,7.0,5.0,364661.417892,364661.417892
2008-04,2010-05,2.0,1.0,124019.1161,124019.1161
2008-04,2010-06,6.0,5.0,499075.743369,499075.743369
2008-04,2010-07,5.0,4.0,389854.83551,389854.83551
2008-04,2010-08,11.0,9.0,1030187.7674400001,1030187.7674400001
2008-04,2010-09,7.0,3.0,80785.767684,80785.767684
2008-04,2010-10,11.0,9.0,1331031.236446,1331031.236446
2008-04,2010-11,4.0,3.0,227087.85111,227087.85111
2008-04,2010-12,21.0,16.0,1562218.206022,1562218.206022
2008-04,2011-01,8.0,5.0,751910.1505999999,751910.1505999999
2008-04,2011-02,7.0,6.0,1079334.236296,1079334.236296
2008-04,2011-03,6.0,4.0,861241.352,861241.352
2008-04,2011-04,4.0,4.0,628571.599201,628571.599201
2008-04,2011-05,2.0,2.0,16939.659046,16939.659046
2008-04,2011-06,1.0,1.0,7050.342612,7050.342612
2008-04,2011-09,2.0,2.0,15151.60409,15151.60409
2008-04,2012-01,2.0,2.0,14180.136129,14180.136129
2008-04,2012-02,1.0,1.0,5380.837759,5380.837759
2008-04,2012-04,1.0,1.0,7000.0,7000.0
2008-04,2012-05,1.0,1.0,4562.797748,4562.797748
2008-04,2012-08,1.0,1.0,3112.936227,3112.936227
2008-04,2013-02,1.0,1.0,2965.995285,2965.995285
2008-04,2014-07,1.0,1.0,6905.158619,6905.158619
2008-05,2008-05,1.0,,,
2008-05,2008-06,6.0,6.0,38672.002824,38672.002824
2008-05,2008-07,11.0,10.0,86973.993208,86973.993208
2008-05,2008-08,4.0,4.0,20482.7420476,20482.7420476
2008-05,2008-09,8.0,7.0,58399.893977,58399.893977
2008-05,2008-10,16.0,15.0,112014.62796099999,112014.62796099999
2008-05,2008-11,7.0,5.0,31353.769533000002,31353.769533000002
2008-05,2008-12,4.0,4.0,22456.706600999998,22456.706600999998
2008-05,2009-01,8.0,7.0,53777.576031,53777.576031
2008-05,2009-02,8.0,8.0,93303.380912,93303.380912
2008-05,2009-03,10.0,9.0,67147.804506,67147.804506
2008-05,2009-04,7.0,7.0,56185.46322700001,56185.46322700001
2008-05,2009-05,7.0,7.0,57445.177874,57445.177874
2008-05,2009-06,8.0,7.0,47567.761935,47567.761935
2008-05,2009-07,7.0,7.0,42031.695289999996,42031.695289999996
2008-05,2009-08,7.0,6.0,50712.485157,50712.485157
2008-05,2009-09,12.0,11.0,92748.951997,92748.951997
2008-05,2009-10,4.0,4.0,37002.772744999995,37002.772744999995
2008-05,2009-11,7.0,7.0,54789.026507,54789.026507
2008-05,2009-12,3.0,3.0,15321.048402,15321.048402
2008-05,2010-01,5.0,5.0,56936.887566000005,56936.887566000005
2008-05,2010-02,1.0,1.0,3998.701612,3998.701612
2008-05,2010-03,2.0,2.0,189215.389182,189215.389182
2008-05,2010-04,4.0,4.0,288549.786772,288549.786772
2008-05,2010-05,5.0,5.0,368151.510701,368151.510701
2008-05,2010-06,6.0,3.0,426318.812473,426318.812473
2008-05,2010-07,6.0,3.0,332071.635486,332071.635486
2008-05,2010-08,11.0,8.0,942277.960005,942277.960005
2008-05,2010-09,9.0,7.0,917024.97737,917024.97737
2008-05,2010-10,9.0,6.0,845214.9846480001,845214.9846480001
2008-05,2010-11,14.0,8.0,1317951.3538,1317951.3538
2008-05,2010-12,19.0,13.0,1964766.76468,1964766.76468
2008-05,2011-01,15.0,11.0,1529699.561749,1529699.561749
2008-05,2011-02,10.0,6.0,474820.135094,474820.135094
2008-05,2011-03,14.0,12.0,2556626.8353,2556626.8353
2008-05,2011-04,14.0,7.0,1219732.557002,1219732.557002
2008-05,2011-05,3.0,2.0,294681.366,294681.366
2008-05,2011-06,6.0,5.0,481628.417071,481628.417071
2008-05,2011-07,5.0,4.0,298689.472237,298689.472237
2008-05,2011-09,1.0,1.0,5988.91075,5988.91075
2008-05,2011-10,1.0,1.0,4224.881746999999,4224.881746999999
2008-05,2011-11,1.0,1.0,7000.0,7000.0
2008-05,2011-12,1.0,1.0,1167.332199,1167.332199
2008-05,2012-02,1.0,1.0,4868.954823,4868.954823
2008-05,2012-10,1.0,1.0,3970.064758,3970.064758
2008-05,2013-01,1.0,1.0,2521.327635,2521.327635
2008-05,2014-08,1.0,1.0,7051.450295000001,7051.450295000001
2008-05,2015-07,1.0,1.0,19000.0,19000.0
2008-06,2008-07,6.0,5.0,56788.951887,56788.951887
2008-06,2008-08,7.0,7.0,73350.983156,73350.983156
2008-06,2008-09,12.0,12.0,97840.01275500002,97840.01275500002
2008-06,2008-10,10.0,9.0,64816.23016,64816.23016
2008-06,2008-11,10.0,10.0,61083.172325,61083.172325
2008-06,2008-12,6.0,6.0,41685.2469427,41685.2469427
2008-06,2009-01,12.0,11.0,87171.77955400001,87171.77955400001
2008-06,2009-02,6.0,5.0,61417.669199,61417.669199
2008-06,2009-03,13.0,10.0,63097.186796,63097.186796
2008-06,2009-04,4.0,3.0,20006.680765,20006.680765
2008-06,2009-05,7.0,7.0,47075.459591000006,47075.459591000006
2008-06,2009-06,8.0,7.0,52287.664795,52287.664795
2008-06,2009-07,5.0,3.0,14270.298674999998,14270.298674999998
2008-06,2009-08,3.0,2.0,22736.166918000003,22736.166918000003
2008-06,2009-09,4.0,3.0,16373.506088999999,16373.506088999999
2008-06,2009-10,5.0,5.0,40118.505861,40118.505861
2008-06,2009-11,4.0,4.0,23743.675639,23743.675639
2008-06,2009-12,6.0,6.0,87540.885935,87540.885935
2008-06,2010-01,3.0,3.0,16206.638929,16206.638929
2008-06,2010-02,5.0,5.0,101835.079064,101835.079064
2008-06,2010-03,2.0,2.0,7739.420104000001,7739.420104000001
2008-06,2010-04,5.0,5.0,78864.383048,78864.383048
2008-06,2010-05,4.0,4.0,24880.985746,24880.985746
2008-06,2010-06,2.0,2.0,9783.481826,9783.481826
2008-06,2010-07,4.0,3.0,189213.21579,189213.21579
2008-06,2010-08,4.0,3.0,169656.694876,169656.694876
2008-06,2010-09,9.0,8.0,860586.0935849999,860586.0935849999
2008-06,2010-10,11.0,11.0,1287993.68041,1287993.68041
2008-06,2010-11,16.0,14.0,1455948.217495,1455948.217495
2008-06,2010-12,12.0,8.0,1199910.192045,1199910.192045
2008-06,2011-01,7.0,6.0,716663.40249,716663.40249
2008-06,2011-02,18.0,11.0,1401693.997465,1401693.997465
2008-06,2011-03,9.0,8.0,1448055.072177,1448055.072177
2008-06,2011-04,6.0,5.0,833359.6347059999,833359.6347059999
2008-06,2011-05,7.0,5.0,799005.2151,799005.2151
2008-06,2011-06,2.0,1.0,201034.885,201034.885
2008-06,2011-07,1.0,,,
2008-06,2011-08,1.0,1.0,180000.0,180000.0
2008-06,2011-09,2.0,1.0,5151.64882,5151.64882
2008-06,2011-11,3.0,3.0,11330.047576,11330.047576
2008-06,2012-03,1.0,1.0,15855.14541,15855.14541
2008-06,2012-04,1.0,1.0,5406.788588,5406.788588
2008-06,2012-07,1.0,1.0,7000.0,7000.0
2008-06,2013-03,1.0,1.0,12078.35718,12078.35718
2008-06,2014-04,1.0,1.0,4755.551245000001,4755.551245000001
2008-07,2008-08,5.0,4.0,27867.438009999998,27867.438009999998
2008-07,2008-09,8.0,7.0,45803.748629,45803.748629
2008-07,2008-10,8.0,8.0,61495.4150659,61495.4150659
2008-07,2008-11,12.0,10.0,73279.254948,73279.254948
2008-07,2008-12,14.0,12.0,71590.75831,71590.75831
2008-07,2009-01,14.0,14.0,111807.12177099999,111807.12177099999
2008-07,2009-02,9.0,8.0,80249.149104,80249.149104
2008-07,2009-03,6.0,6.0,40631.887383,40631.887383
2008-07,2009-04,5.0,4.0,32433.954204,32433.954204
2008-07,2009-05,6.0,6.0,51969.431011999994,51969.431011999994
2008-07,2009-06,5.0,4.0,34789.100369,34789.100369
2008-07,2009-07,8.0,7.0,53686.757541,53686.757541
2008-07,2009-08,6.0,6.0,42535.242123,42535.242123
2008-07,2009-09,4.0,4.0,40374.942262,40374.942262
2008-07,2009-10,2.0,2.0,14232.975097,14232.975097
2008-07,2009-11,3.0,2.0,19539.866707999998,19539.866707999998
2008-07,2009-12,4.0,4.0,22674.709098,22674.709098
2008-07,2010-01,3.0,3.0,8906.188985,8906.188985
2008-07,2010-02,7.0,5.0,30519.478914,30519.478914
2008-07,2010-03,5.0,4.0,20927.523404,20927.523404
2008-07,2010-04,1.0,1.0,6712.888031999999,6712.888031999999
2008-07,2010-05,4.0,4.0,28262.207381,28262.207381
2008-07,2010-06,5.0,4.0,96652.054565,96652.054565
2008-07,2010-07,3.0,2.0,14000.0,14000.0
2008-07,2010-08,5.0,3.0,134978.920716,134978.920716
2008-07,2010-09,9.0,6.0,443332.46666499996,443332.46666499996
2008-07,2010-10,14.0,10.0,1383381.1116110003,1383381.1116110003
2008-07,2010-11,5.0,3.0,510869.32884,510869.32884
2008-07,2010-12,15.0,13.0,1345167.2721140003,1345167.2721140003
2008-07,2011-01,10.0,3.0,464884.0096,464884.0096
2008-07,2011-02,12.0,8.0,734677.426643,734677.426643
2008-07,2011-03,13.0,13.0,1967013.4937800001,1967013.4937800001
2008-07,2011-04,10.0,7.0,1052090.6428,1052090.6428
2008-07,2011-05,7.0,6.0,1032362.632028,1032362.632028
2008-07,2011-06,5.0,5.0,702263.477654,702263.477654
2008-07,2011-07,3.0,3.0,189606.139028,189606.139028
2008-07,2011-08,1.0,1.0,7000.0,7000.0
2008-07,2011-09,1.0,1.0,3502.156729,3502.156729
2008-07,2011-10,1.0,,,
2008-07,2011-11,1.0,,,
2008-07,2011-12,3.0,2.0,10745.962575000001,10745.962575000001
2008-07,2012-03,3.0,3.0,29601.305897,29601.305897
2008-07,2012-04,2.0,2.0,10635.267238,10635.267238
2008-07,2012-05,1.0,1.0,2254.875111,2254.875111
2008-07,2012-06,1.0,1.0,10118.6033,10118.6033
2008-07,2012-08,1.0,1.0,1030.151109,1030.151109
2008-07,2012-11,1.0,1.0,7571.562484,7571.562484
2008-07,2013-01,2.0,2.0,5988.307359,5988.307359
2008-07,2013-07,1.0,1.0,1578.971749,1578.971749
2008-07,2014-06,1.0,1.0,13274.48413,13274.48413
2008-07,2015-06,1.0,1.0,7000.0,7000.0
2008-08,2008-08,1.0,1.0,4832.347658,4832.347658
2008-08,2008-09,4.0,4.0,23831.004511,23831.004511
2008-08,2008-10,6.0,4.0,52510.97298,52510.97298
2008-08,2008-11,7.0,6.0,62649.428819999994,62649.428819999994
2008-08,2008-12,6.0,6.0,45955.021135999996,45955.021135999996
2008-08,2009-01,16.0,15.0,133133.17695599998,133133.17695599998
2008-08,2009-02,12.0,10.0,81732.67639400001,81732.67639400001
2008-08,2009-03,8.0,4.0,39709.453582,39709.453582
2008-08,2009-04,13.0,12.0,112115.389608,112115.389608
2008-08,2009-05,2.0,2.0,21367.124066,21367.124066
2008-08,2009-06,4.0,3.0,19386.667046000002,19386.667046000002
2008-08,2009-07,10.0,7.0,36759.36058,36759.36058
2008-08,2009-08,5.0,5.0,31528.994879,31528.994879
2008-08,2009-09,7.0,4.0,41324.515512,41324.515512
2008-08,2009-10,4.0,1.0,10346.95139,10346.95139
2008-08,2009-11,5.0,4.0,24925.025056,24925.025056
2008-08,2009-12,1.0,1.0,5431.34194,5431.34194
2008-08,2010-01,6.0,5.0,30605.798472000002,30605.798472000002
2008-08,2010-02,6.0,6.0,35527.671787700005,35527.671787700005
2008-08,2010-03,4.0,4.0,21604.104854999998,21604.104854999998
2008-08,2010-04,3.0,3.0,14842.51153,14842.51153
2008-08,2010-05,6.0,6.0,150119.276167,150119.276167
2008-08,2010-06,8.0,7.0,163004.785907,163004.785907
2008-08,2010-07,2.0,2.0,9975.491207,9975.491207
2008-08,2010-08,8.0,7.0,36263.8763004,36263.8763004
2008-08,2010-09,4.0,2.0,263532.61744,263532.61744
2008-08,2010-10,8.0,7.0,767559.7113900001,767559.7113900001
2008-08,2010-11,6.0,4.0,547081.54767,547081.54767
2008-08,2010-12,9.0,5.0,545933.5925360001,545933.5925360001
2008-08,2011-01,16.0,9.0,1100809.214789,1100809.214789
2008-08,2011-02,14.0,9.0,1150538.52958,1150538.52958
2008-08,2011-03,12.0,6.0,1119739.7604,1119739.7604
2008-08,2011-04,16.0,11.0,1638545.6475000002,1638545.6475000002
2008-08,2011-05,9.0,5.0,674971.6151080001,674971.6151080001
2008-08,2011-06,8.0,8.0,1608071.4764699999,1608071.4764699999
2008-08,2011-07,5.0,3.0,487301.8178,487301.8178
2008-08,2011-08,4.0,3.0,561061.7191999999,561061.7191999999
2008-08,2011-09,1.0,1.0,163780.1356,163780.1356
2008-08,2011-10,1.0,,,
2008-08,2011-11,1.0,1.0,11623.02959,11623.02959
2008-08,2012-03,1.0,1.0,14000.0,14000.0
2008-08,2012-05,2.0,2.0,17870.504328000003,17870.504328000003
2008-08,2013-03,1.0,1.0,7413.416076,7413.416076
2008-09,2008-09,1.0,,,
2008-09,2008-10,7.0,7.0,43464.271322,43464.271322
2008-09,2008-11,8.0,8.0,86156.783771,86156.783771
2008-09,2008-12,6.0,6.0,52664.111596,52664.111596
2008-09,2009-01,9.0,9.0,89928.13504200001,89928.13504200001
2008-09,2009-02,12.0,9.0,88738.316556,88738.316556
2008-09,2009-03,12.0,10.0,55617.430853,55617.430853
2008-09,2009-04,4.0,4.0,26599.214109,26599.214109
2008-09,2009-05,10.0,10.0,69521.599239,69521.599239
2008-09,2009-06,6.0,6.0,46788.360092999996,46788.360092999996
2008-09,2009-07,11.0,11.0,118862.882889,118862.882889
2008-09,2009-08,5.0,5.0,41956.949936000005,41956.949936000005
2008-09,2009-09,7.0,6.0,37001.390416,37001.390416
2008-09,2009-10,3.0,3.0,23008.928445999998,23008.928445999998
2008-09,2009-11,5.0,4.0,44061.076102,44061.076102
2008-09,2009-12,6.0,6.0,69775.279709,69775.279709
2008-09,2010-01,3.0,2.0,16980.732775,16980.732775
2008-09,2010-02,5.0,4.0,51150.53577,51150.53577
2008-09,2010-03,5.0,3.0,32458.566343,32458.566343
2008-09,2010-04,1.0,,,
2008-09,2010-05,3.0,3.0,11811.942998,11811.942998
2008-09,2010-06,6.0,4.0,26888.471654,26888.471654
2008-09,2010-07,2.0,2.0,11780.700614000001,11780.700614000001
2008-09,2010-08,6.0,3.0,195646.102028,195646.102028
2008-09,2010-09,5.0,5.0,377533.779015,377533.779015
2008-09,2010-10,12.0,11.0,658631.3575009999,658631.3575009999
2008-09,2010-11,5.0,3.0,98964.22293599999,98964.22293599999
2008-09,2010-12,7.0,7.0,764541.022496,764541.022496
2008-09,2011-01,8.0,6.0,724482.9264099998,724482.9264099998
2008-09,2011-02,16.0,11.0,1237786.21294,1237786.21294
2008-09,2011-03,5.0,2.0,419811.2592,419811.2592
2008-09,2011-04,12.0,10.0,1511841.75829,1511841.75829
2008-09,2011-05,10.0,8.0,1600791.4704999998,1600791.4704999998
2008-09,2011-06,9.0,9.0,1453320.024859,1453320.024859
2008-09,2011-07,10.0,6.0,738274.3319580001,738274.3319580001
2008-09,2011-08,3.0,3.0,543432.65696,543432.65696
2008-09,2011-09,3.0,3.0,365185.98459300003,365185.98459300003
2008-09,2011-10,4.0,3.0,462156.24939,462156.24939
2008-09,2011-11,1.0,1.0,4760.959323,4760.959323
2008-09,2012-02,1.0,1.0,9714.680902,9714.680902
2008-09,2012-04,2.0,1.0,5463.344138,5463.344138
2008-09,2013-01,1.0,1.0,12781.63041,12781.63041
2008-09,2013-02,1.0,1.0,3819.54627,3819.54627
2008-09,2013-04,1.0,1.0,2569.502182,2569.502182
2008-09,2013-08,1.0,1.0,14000.0,14000.0
2008-09,2017-06,1.0,1.0,7000.0,7000.0
2008-10,2008-11,5.0,3.0,12487.697844999999,12487.697844999999
2008-10,2008-12,4.0,3.0,21939.09397,21939.09397
2008-10,2009-01,11.0,9.0,53387.901664,53387.901664
2008-10,2009-02,7.0,7.0,52414.633498999996,52414.633498999996
2008-10,2009-03,11.0,9.0,92085.830208,92085.830208
2008-10,2009-04,5.0,5.0,45780.59238,45780.59238
2008-10,2009-05,9.0,6.0,72242.152596,72242.152596
2008-10,2009-06,11.0,10.0,83359.42361599999,83359.42361599999
2008-10,2009-07,9.0,8.0,47594.115342000005,47594.115342000005
2008-10,2009-08,8.0,6.0,48843.809489,48843.809489
2008-10,2009-09,3.0,2.0,9119.705633,9119.705633
2008-10,2009-10,6.0,6.0,38617.176529000004,38617.176529000004
2008-10,2009-11,8.0,8.0,65675.75403699999,65675.75403699999
2008-10,2009-12,12.0,11.0,93119.93783299999,93119.93783299999
2008-10,2010-01,4.0,3.0,13257.633515,13257.633515
2008-10,2010-02,7.0,7.0,66116.511243,66116.511243
2008-10,2010-03,7.0,7.0,53554.223333999995,53554.223333999995
2008-10,2010-04,6.0,6.0,44766.285466,44766.285466
2008-10,2010-05,3.0,3.0,34460.085413,34460.085413
2008-10,2010-06,2.0,1.0,7000.0,7000.0
2008-10,2010-07,4.0,4.0,26839.191902,26839.191902
2008-10,2010-08,7.0,4.0,23450.012771,23450.012771
2008-10,2010-09,4.0,2.0,283927.984779,283927.984779
2008-10,2010-10,5.0,1.0,143802.402,143802.402
2008-10,2010-11,4.0,3.0,100402.91363,100402.91363
2008-10,2010-12,6.0,6.0,461351.66062,461351.66062
2008-10,2011-01,5.0,4.0,558265.8141,558265.8141
2008-10,2011-02,7.0,6.0,615723.1518689999,615723.1518689999
2008-10,2011-03,7.0,5.0,512740.150667,512740.150667
2008-10,2011-04,15.0,11.0,1210594.8523,1210594.8523
2008-10,2011-05,15.0,12.0,1494158.89891,1494158.89891
2008-10,2011-06,18.0,12.0,1497014.9358699997,1497014.9358699997
2008-10,2011-07,11.0,9.0,1599174.8905999998,1599174.8905999998
2008-10,2011-08,9.0,9.0,1363296.67164,1363296.67164
2008-10,2011-09,4.0,4.0,542868.05388,542868.05388
2008-10,2011-10,2.0,2.0,519773.6666,519773.6666
2008-10,2011-11,3.0,3.0,315117.728016,315117.728016
2008-10,2011-12,1.0,,,
2008-10,2012-03,1.0,1.0,5082.916416,5082.916416
2008-10,2012-11,1.0,1.0,7375.38064,7375.38064
2008-10,2013-02,1.0,1.0,4936.722648,4936.722648
2008-10,2013-09,1.0,1.0,9948.002936,9948.002936
2008-10,2014-12,1.0,1.0,19000.0,19000.0
2008-10,2015-08,1.0,1.0,5182.60652,5182.60652
2008-10,2016-04,1.0,1.0,10406.17676,10406.17676
2008-11,2008-12,9.0,7.0,45472.755295,45472.755295
2008-11,2009-01,3.0,1.0,9415.617959,9415.617959
2008-11,2009-02,11.0,10.0,78967.025155,78967.025155
2008-11,2009-03,13.0,12.0,84826.273711,84826.273711
2008-11,2009-04,6.0,5.0,39548.905384,39548.905384
2008-11,2009-05,7.0,4.0,41010.734986,41010.734986
2008-11,2009-06,10.0,10.0,73999.69863900001,73999.69863900001
2008-11,2009-07,9.0,7.0,33256.841532,33256.841532
2008-11,2009-08,7.0,7.0,35802.072139,35802.072139
2008-11,2009-09,4.0,4.0,18807.273945,18807.273945
2008-11,2009-10,7.0,6.0,30132.1841538,30132.1841538
2008-11,2009-11,6.0,5.0,40017.913484,40017.913484
2008-11,2009-12,7.0,7.0,58925.091208000005,58925.091208000005
2008-11,2010-01,9.0,8.0,81300.124564,81300.124564
2008-11,2010-02,3.0,3.0,22216.288422999998,22216.288422999998
2008-11,2010-03,5.0,4.0,36111.692876999994,36111.692876999994
2008-11,2010-04,8.0,8.0,46413.421083,46413.421083
2008-11,2010-05,8.0,7.0,50966.207115,50966.207115
2008-11,2010-06,4.0,3.0,22597.547986999998,22597.547986999998
2008-11,2010-07,3.0,3.0,59558.492419,59558.492419
2008-11,2010-08,2.0,2.0,14272.128099,14272.128099
2008-11,2010-09,1.0,1.0,13331.85622,13331.85622
2008-11,2010-10,7.0,7.0,294053.992358,294053.992358
2008-11,2010-11,5.0,4.0,54907.641971000005,54907.641971000005
2008-11,2010-12,6.0,6.0,400968.9514789999,400968.9514789999
2008-11,2011-01,1.0,1.0,8172.736409999999,8172.736409999999
2008-11,2011-02,9.0,8.0,892062.82532,892062.82532
2008-11,2011-03,8.0,6.0,830307.3065,830307.3065
2008-11,2011-04,14.0,9.0,1007591.6256439998,1007591.6256439998
2008-11,2011-05,14.0,10.0,1615218.210435,1615218.210435
2008-11,2011-06,13.0,12.0,1990094.2036100004,1990094.2036100004
2008-11,2011-07,13.0,11.0,1814454.9424490002,1814454.9424490002
2008-11,2011-08,14.0,8.0,1166802.408864,1166802.408864
2008-11,2011-09,14.0,9.0,1357262.4909919999,1357262.4909919999
2008-11,2011-10,6.0,5.0,669935.4592899999,669935.4592899999
2008-11,2011-11,6.0,4.0,313452.998288,313452.998288
2008-11,2011-12,3.0,3.0,566727.819353,566727.819353
2008-11,2012-01,1.0,1.0,14000.0,14000.0
2008-11,2012-03,1.0,1.0,8082.004540999999,8082.004540999999
2008-11,2012-04,1.0,,,
2008-11,2012-09,1.0,1.0,7000.0,7000.0
2008-11,2012-11,1.0,1.0,3712.052711,3712.052711
2008-11,2013-02,1.0,,,
2008-11,2013-11,1.0,1.0,5932.496097,5932.496097
2008-11,2013-12,1.0,1.0,16132.72379,16132.72379
2008-11,2014-04,1.0,1.0,1105.273466,1105.273466
2008-11,2015-05,1.0,1.0,4751.868062,4751.868062
2008-12,2008-12,2.0,1.0,3639.502909,3639.502909
2008-12,2009-01,1.0,1.0,9904.705552,9904.705552
2008-12,2009-02,10.0,10.0,54791.83966599999,54791.83966599999
2008-12,2009-03,10.0,10.0,87057.30264800003,87057.30264800003
2008-12,2009-04,8.0,8.0,70686.46348600001,70686.46348600001
2008-12,2009-05,10.0,9.0,54775.095737,54775.095737
2008-12,2009-06,4.0,3.0,31412.351511,31412.351511
2008-12,2009-07,6.0,5.0,44057.0090385,44057.0090385
2008-12,2009-08,9.0,9.0,59447.553597,59447.553597
2008-12,2009-09,6.0,5.0,31642.731145,31642.731145
2008-12,2009-10,8.0,7.0,44981.97431800001,44981.97431800001
2008-12,2009-11,8.0,6.0,49241.534981,49241.534981
2008-12,2009-12,6.0,6.0,50550.067015,50550.067015
2008-12,2010-01,5.0,5.0,32998.974483,32998.974483
2008-12,2010-02,8.0,7.0,38815.052817,38815.052817
2008-12,2010-03,4.0,2.0,14061.8354561,14061.8354561
2008-12,2010-04,5.0,5.0,42444.998823,42444.998823
2008-12,2010-05,8.0,8.0,52539.777324,52539.777324
2008-12,2010-06,4.0,4.0,24604.214211,24604.214211
2008-12,2010-07,5.0,4.0,30103.121286999998,30103.121286999998
2008-12,2010-08,5.0,5.0,38331.855839,38331.855839
2008-12,2010-09,5.0,5.0,151506.77427300002,151506.77427300002
2008-12,2010-10,4.0,4.0,31851.110429,31851.110429
2008-12,2010-11,4.0,3.0,127434.335432,127434.335432
2008-12,2010-12,9.0,8.0,769881.805806,769881.805806
2008-12,2011-01,3.0,2.0,14689.466165000002,14689.466165000002
2008-12,2011-02,5.0,5.0,525272.037563,525272.037563
2008-12,2011-03,7.0,6.0,204451.54902700003,204451.54902700003
2008-12,2011-04,7.0,6.0,667080.1379000001,667080.1379000001
2008-12,2011-05,5.0,4.0,416453.03178,416453.03178
2008-12,2011-06,12.0,10.0,1327358.5096979998,1327358.5096979998
2008-12,2011-07,11.0,7.0,815327.3685050001,815327.3685050001
2008-12,2011-08,19.0,15.0,2672236.9683400006,2672236.9683400006
2008-12,2011-09,10.0,7.0,1168033.2050700001,1168033.2050700001
2008-12,2011-10,11.0,6.0,771295.500644,771295.500644
2008-12,2011-11,2.0,1.0,131114.8199,131114.8199
2008-12,2011-12,3.0,3.0,535890.1243,535890.1243
2008-12,2012-01,1.0,1.0,280000.0,280000.0
2008-12,2012-02,2.0,,,
2008-12,2012-05,2.0,2.0,15987.937817999999,15987.937817999999
2008-12,2012-10,1.0,1.0,3655.608395,3655.608395
2008-12,2012-11,1.0,1.0,12068.02699,12068.02699
2008-12,2013-01,1.0,1.0,6381.875725,6381.875725
2008-12,2013-04,1.0,1.0,5820.930431000001,5820.930431000001
2008-12,2013-08,1.0,1.0,9361.35091,9361.35091
2008-12,2013-09,1.0,1.0,19000.0,19000.0
2008-12,2014-02,1.0,1.0,8351.518321,8351.518321
2008-12,2014-04,2.0,2.0,15702.46898,15702.46898
2009-01,2009-02,2.0,2.0,14021.486014999999,14021.486014999999
2009-01,2009-03,7.0,7.0,45349.95877,45349.95877
2009-01,2009-04,10.0,9.0,51207.625889,51207.625889
2009-01,2009-05,6.0,4.0,35519.703108999995,35519.703108999995
2009-01,2009-06,12.0,12.0,81654.827332,81654.827332
2009-01,2009-07,7.0,7.0,54274.757805,54274.757805
2009-01,2009-08,8.0,6.0,41537.842914999994,41537.842914999994
2009-01,2009-09,7.0,7.0,74129.345419,74129.345419
2009-01,2009-10,8.0,6.0,47961.81162400001,47961.81162400001
2009-01,2009-11,9.0,8.0,55931.794611000005,55931.794611000005
2009-01,2009-12,9.0,8.0,65393.3550894,65393.3550894
2009-01,2010-01,8.0,7.0,63990.393783,63990.393783
2009-01,2010-02,5.0,5.0,54510.390801999994,54510.390801999994
2009-01,2010-03,6.0,6.0,62821.018364,62821.018364
2009-01,2010-04,6.0,6.0,47640.001894,47640.001894
2009-01,2010-06,3.0,3.0,30595.4072,30595.4072
2009-01,2010-07,6.0,6.0,38253.062912,38253.062912
2009-01,2010-08,2.0,2.0,12150.695023,12150.695023
2009-01,2010-09,4.0,4.0,31359.932877,31359.932877
2009-01,2010-10,3.0,2.0,12381.498748,12381.498748
2009-01,2010-11,6.0,6.0,36191.084471,36191.084471
2009-01,2010-12,6.0,6.0,42117.710111,42117.710111
2009-01,2011-01,1.0,1.0,5203.5869,5203.5869
2009-01,2011-02,4.0,4.0,215735.419436,215735.419436
2009-01,2011-03,12.0,8.0,423457.24499599996,423457.24499599996
2009-01,2011-04,8.0,6.0,455650.9227190001,455650.9227190001
2009-01,2011-05,20.0,11.0,1491302.702263,1491302.702263
2009-01,2011-06,15.0,12.0,1553167.41009,1553167.41009
2009-01,2011-07,10.0,7.0,950719.346456,950719.346456
2009-01,2011-08,16.0,10.0,1153460.5108969999,1153460.5108969999
2009-01,2011-09,10.0,7.0,1055257.56211,1055257.56211
2009-01,2011-10,16.0,12.0,1779968.3616470003,1779968.3616470003
2009-01,2011-11,10.0,10.0,1256993.015715,1256993.015715
2009-01,2011-12,8.0,7.0,1449228.8528,1449228.8528
2009-01,2012-01,6.0,3.0,436476.6669,436476.6669
2009-01,2012-02,1.0,1.0,167457.0043,167457.0043
2009-01,2012-03,1.0,1.0,7000.0,7000.0
2009-01,2012-04,2.0,2.0,19059.15455,19059.15455
2009-01,2012-05,1.0,1.0,7000.0,7000.0
2009-01,2012-06,1.0,1.0,14000.0,14000.0
2009-01,2012-08,1.0,1.0,2398.895599,2398.895599
2009-01,2012-09,1.0,1.0,11721.17502,11721.17502
2009-01,2012-12,1.0,1.0,6398.230585,6398.230585
2009-01,2013-08,1.0,1.0,7806.579459999999,7806.579459999999
2009-01,2013-09,1.0,1.0,3462.412866,3462.412866
2009-01,2014-08,1.0,1.0,6443.641925,6443.641925
2009-02,2009-02,2.0,1.0,10305.32865,10305.32865
2009-02,2009-03,3.0,3.0,35026.087228000004,35026.087228000004
2009-02,2009-04,6.0,6.0,37289.360701,37289.360701
2009-02,2009-05,10.0,9.0,58772.862351,58772.862351
2009-02,2009-06,7.0,7.0,67578.656242,67578.656242
2009-02,2009-07,10.0,8.0,57589.155509,57589.155509
2009-02,2009-08,15.0,15.0,115083.138899,115083.138899
2009-02,2009-09,8.0,8.0,57141.535432000004,57141.535432000004
2009-02,2009-10,9.0,8.0,65314.767135999995,65314.767135999995
2009-02,2009-11,10.0,7.0,55018.740665000005,55018.740665000005
2009-02,2009-12,11.0,9.0,46827.20544400001,46827.20544400001
2009-02,2010-01,9.0,9.0,84549.756228,84549.756228
2009-02,2010-02,6.0,6.0,41518.527224000005,41518.527224000005
2009-02,2010-03,12.0,12.0,107302.72605300002,107302.72605300002
2009-02,2010-04,4.0,3.0,27287.257791,27287.257791
2009-02,2010-05,9.0,9.0,71879.383307,71879.383307
2009-02,2010-06,8.0,8.0,70201.8785236,70201.8785236
2009-02,2010-07,4.0,3.0,12388.106040000002,12388.106040000002
2009-02,2010-08,5.0,4.0,20004.288464,20004.288464
2009-02,2010-09,5.0,5.0,30820.218730999997,30820.218730999997
2009-02,2010-10,5.0,4.0,47529.340387000004,47529.340387000004
2009-02,2010-11,3.0,3.0,20510.361505,20510.361505
2009-02,2010-12,1.0,1.0,4280.230328000001,4280.230328000001
2009-02,2011-01,4.0,4.0,24908.093308,24908.093308
2009-02,2011-02,4.0,4.0,278428.34276,278428.34276
2009-02,2011-03,5.0,4.0,223126.478814,223126.478814
2009-02,2011-04,6.0,6.0,126022.90789200002,126022.90789200002
2009-02,2011-05,9.0,7.0,851658.4073359999,851658.4073359999
2009-02,2011-06,6.0,3.0,223650.01916,223650.01916
2009-02,2011-07,13.0,12.0,1088652.1367229999,1088652.1367229999
2009-02,2011-08,12.0,12.0,1692662.977455,1692662.977455
2009-02,2011-09,27.0,22.0,3114646.824754,3114646.824754
2009-02,2011-10,15.0,12.0,1899003.4428500005,1899003.4428500005
2009-02,2011-11,19.0,14.0,2877255.5172900003,2877255.5172900003
2009-02,2011-12,14.0,11.0,1970326.56504,1970326.56504
2009-02,2012-01,3.0,3.0,406211.58427,406211.58427
2009-02,2012-02,4.0,2.0,185738.143744,185738.143744
2009-02,2012-03,2.0,2.0,560000.0,560000.0
2009-02,2012-04,1.0,1.0,280000.0,280000.0
2009-02,2012-05,1.0,1.0,280000.0,280000.0
2009-02,2013-01,1.0,1.0,9510.774733,9510.774733
2009-02,2013-03,1.0,1.0,15446.20228,15446.20228
2009-02,2013-05,1.0,1.0,9422.621237,9422.621237
2009-02,2016-03,1.0,1.0,7000.0,7000.0
2009-03,2009-04,6.0,6.0,48359.661508,48359.661508
2009-03,2009-05,6.0,5.0,40501.642129,40501.642129
2009-03,2009-06,9.0,7.0,74341.59077499999,74341.59077499999
2009-03,2009-07,8.0,7.0,64538.460957999996,64538.460957999996
2009-03,2009-08,12.0,7.0,49778.061879,49778.061879
2009-03,2009-09,10.0,10.0,85591.07050199999,85591.07050199999
2009-03,2009-10,9.0,9.0,82581.73011199999,82581.73011199999
2009-03,2009-11,10.0,9.0,56448.629776999995,56448.629776999995
2009-03,2009-12,11.0,10.0,88306.670986,88306.670986
2009-03,2010-01,8.0,7.0,37339.160534999995,37339.160534999995
2009-03,2010-02,7.0,7.0,37238.2426498,37238.2426498
2009-03,2010-03,11.0,10.0,64941.693521,64941.693521
2009-03,2010-04,3.0,3.0,19615.120357,19615.120357
2009-03,2010-05,9.0,8.0,51738.278808,51738.278808
2009-03,2010-06,4.0,4.0,32380.409175,32380.409175
2009-03,2010-07,3.0,2.0,12315.138876,12315.138876
2009-03,2010-08,3.0,3.0,11907.680294999998,11907.680294999998
2009-03,2010-09,3.0,3.0,25096.257202,25096.257202
2009-03,2010-10,6.0,5.0,33268.5426016,33268.5426016
2009-03,2010-11,11.0,9.0,167773.99658600002,167773.99658600002
2009-03,2010-12,5.0,5.0,31252.424751,31252.424751
2009-03,2011-01,4.0,3.0,170759.352641,170759.352641
2009-03,2011-02,3.0,3.0,220344.770209,220344.770209
2009-03,2011-04,8.0,6.0,245847.83050100002,245847.83050100002
2009-03,2011-05,7.0,5.0,464552.257904,464552.257904
2009-03,2011-06,8.0,4.0,865305.37691,865305.37691
2009-03,2011-07,7.0,6.0,470234.92533,470234.92533
2009-03,2011-08,20.0,14.0,1578951.6364495002,1578951.6364495002
2009-03,2011-09,13.0,9.0,1113484.3562349998,1113484.3562349998
2009-03,2011-10,12.0,10.0,1235065.2724020001,1235065.2724020001
2009-03,2011-11,18.0,13.0,1552155.04613,1552155.04613
2009-03,2011-12,11.0,9.0,1409447.064592,1409447.064592
2009-03,2012-01,10.0,7.0,979787.4854870001,979787.4854870001
2009-03,2012-02,7.0,5.0,700623.5795,700623.5795
2009-03,2012-03,6.0,6.0,600168.011255,600168.011255
2009-03,2012-04,2.0,,,
2009-03,2012-05,1.0,1.0,3256.439019,3256.439019
2009-03,2012-08,2.0,1.0,9850.143773,9850.143773
2009-03,2012-09,1.0,1.0,4029.644327,4029.644327
2009-03,2012-10,1.0,1.0,1743.357659,1743.357659
2009-03,2012-11,1.0,1.0,2280.260513,2280.260513
2009-03,2013-04,1.0,1.0,3103.729481,3103.729481
2009-03,2014-03,1.0,1.0,10024.03017,10024.03017
2009-03,2015-04,1.0,1.0,1656.505479,1656.505479
2009-04,2009-05,5.0,5.0,40942.691388,40942.691388
2009-04,2009-06,7.0,6.0,47516.510326,47516.510326
2009-04,2009-07,9.0,8.0,64023.849431999995,64023.849431999995
2009-04,2009-08,5.0,4.0,27573.317741999996,27573.317741999996
2009-04,2009-09,7.0,7.0,62633.817013,62633.817013
2009-04,2009-10,9.0,7.0,54051.457318,54051.457318
2009-04,2009-11,6.0,6.0,63305.440547,63305.440547
2009-04,2009-12,11.0,10.0,61338.52058999999,61338.52058999999
2009-04,2010-01,12.0,12.0,70405.57801499999,70405.57801499999
2009-04,2010-02,7.0,5.0,29280.483127,29280.483127
2009-04,2010-03,10.0,9.0,59966.184608,59966.184608
2009-04,2010-04,13.0,13.0,85135.739436,85135.739436
2009-04,2010-05,12.0,12.0,89581.81412199998,89581.81412199998
2009-04,2010-06,9.0,9.0,77030.940746,77030.940746
2009-04,2010-07,5.0,5.0,34218.516286,34218.516286
2009-04,2010-08,7.0,7.0,52175.903114,52175.903114
2009-04,2010-09,3.0,2.0,15446.557842999999,15446.557842999999
2009-04,2010-10,8.0,5.0,41696.888025,41696.888025
2009-04,2010-11,6.0,5.0,42236.622294,42236.622294
2009-04,2010-12,6.0,6.0,49149.086337,49149.086337
2009-04,2011-01,5.0,5.0,38448.910559,38448.910559
2009-04,2011-02,4.0,3.0,410022.60348,410022.60348
2009-04,2011-03,4.0,3.0,184705.770445,184705.770445
2009-04,2011-04,9.0,8.0,277321.183959,277321.183959
2009-04,2011-05,3.0,3.0,35168.738956,35168.738956
2009-04,2011-06,3.0,2.0,183787.484469,183787.484469
2009-04,2011-07,6.0,6.0,1001027.9454620001,1001027.9454620001
2009-04,2011-08,12.0,12.0,1510768.9564399999,1510768.9564399999
2009-04,2011-09,11.0,8.0,1174703.034852,1174703.034852
2009-04,2011-10,9.0,4.0,409787.37569,409787.37569
2009-04,2011-11,14.0,11.0,1868509.68167,1868509.68167
2009-04,2011-12,18.0,12.0,1405131.339213,1405131.339213
2009-04,2012-01,10.0,9.0,1450534.094322,1450534.094322
2009-04,2012-02,8.0,6.0,1123168.62717,1123168.62717
2009-04,2012-03,7.0,4.0,873388.0346,873388.0346
2009-04,2012-04,7.0,6.0,1422935.1944000002,1422935.1944000002
2009-04,2012-05,3.0,1.0,210328.9097,210328.9097
2009-04,2012-07,2.0,2.0,14045.482591,14045.482591
2009-04,2013-03,1.0,1.0,4200.940026,4200.940026
2009-04,2013-04,2.0,2.0,8251.501581,8251.501581
2009-04,2013-10,2.0,2.0,6136.531656,6136.531656
2009-04,2013-11,1.0,1.0,1598.084634,1598.084634
2009-05,2009-06,3.0,2.0,16943.995031,16943.995031
2009-05,2009-07,9.0,8.0,74478.242459,74478.242459
2009-05,2009-08,9.0,7.0,63855.539150000004,63855.539150000004
2009-05,2009-09,10.0,10.0,59265.593006999996,59265.593006999996
2009-05,2009-10,13.0,12.0,79706.60297800001,79706.60297800001
2009-05,2009-11,9.0,7.0,63856.836070000005,63856.836070000005
2009-05,2009-12,9.0,7.0,59326.108361,59326.108361
2009-05,2010-01,13.0,11.0,88816.892056,88816.892056
2009-05,2010-02,8.0,7.0,50656.356437,50656.356437
2009-05,2010-03,4.0,4.0,16468.936181999998,16468.936181999998
2009-05,2010-04,10.0,9.0,54606.471531999996,54606.471531999996
2009-05,2010-05,8.0,7.0,56285.689395999994,56285.689395999994
2009-05,2010-06,9.0,8.0,54501.41238,54501.41238
2009-05,2010-07,7.0,6.0,39204.891411,39204.891411
2009-05,2010-08,10.0,9.0,55043.582889,55043.582889
2009-05,2010-09,3.0,2.0,14824.233779,14824.233779
2009-05,2010-10,3.0,3.0,19296.33637,19296.33637
2009-05,2010-11,4.0,4.0,97064.14158600001,97064.14158600001
2009-05,2010-12,3.0,2.0,11665.204267000001,11665.204267000001
2009-05,2011-01,2.0,2.0,15774.383915,15774.383915
2009-05,2011-02,8.0,7.0,58285.167059,58285.167059
2009-05,2011-03,6.0,6.0,334128.443775,334128.443775
2009-05,2011-04,6.0,6.0,372661.596975,372661.596975
2009-05,2011-05,7.0,3.0,186203.137037,186203.137037
2009-05,2011-06,3.0,2.0,15317.365194,15317.365194
2009-05,2011-07,6.0,3.0,210909.28438,210909.28438
2009-05,2011-08,11.0,9.0,1021600.859901,1021600.859901
2009-05,2011-09,14.0,9.0,1385303.7996891,1385303.7996891
2009-05,2011-10,17.0,11.0,1460935.7461759998,1460935.7461759998
2009-05,2011-11,13.0,7.0,907510.1933999999,907510.1933999999
2009-05,2011-12,9.0,5.0,505862.02744,505862.02744
2009-05,2012-01,12.0,10.0,1701956.0414500001,1701956.0414500001
2009-05,2012-02,9.0,8.0,1204963.3217999998,1204963.3217999998
2009-05,2012-03,13.0,10.0,1178720.734104,1178720.734104
2009-05,2012-04,7.0,5.0,587295.05795,587295.05795
2009-05,2012-05,4.0,4.0,358107.026802,358107.026802
2009-05,2012-06,2.0,1.0,280000.0,280000.0
2009-05,2012-07,1.0,1.0,19000.0,19000.0
2009-05,2012-08,1.0,1.0,8575.963441,8575.963441
2009-05,2012-09,1.0,1.0,7000.0,7000.0
2009-05,2012-10,1.0,1.0,19000.0,19000.0
2009-05,2012-12,1.0,1.0,19000.0,19000.0
2009-05,2013-03,1.0,1.0,4911.05884,4911.05884
2009-05,2013-05,1.0,1.0,6602.332175,6602.332175
2009-05,2013-10,1.0,,,
2009-05,2014-07,1.0,1.0,12347.91746,12347.91746
2009-06,2009-06,1.0,1.0,9654.757434,9654.757434
2009-06,2009-07,7.0,7.0,43719.60430500001,43719.60430500001
2009-06,2009-08,2.0,2.0,12805.301797,12805.301797
2009-06,2009-09,14.0,14.0,79404.338896,79404.338896
2009-06,2009-10,10.0,8.0,46219.066253000005,46219.066253000005
2009-06,2009-11,9.0,9.0,46868.116246,46868.116246
2009-06,2009-12,8.0,7.0,36234.030744,36234.030744
2009-06,2010-01,6.0,6.0,35654.114578,35654.114578
2009-06,2010-02,6.0,5.0,24675.636004000004,24675.636004000004
2009-06,2010-03,6.0,6.0,26640.52177,26640.52177
2009-06,2010-04,14.0,13.0,120500.149514,120500.149514
2009-06,2010-05,14.0,13.0,130785.78592299997,130785.78592299997
2009-06,2010-06,9.0,9.0,88835.276111,88835.276111
2009-06,2010-07,7.0,6.0,69010.377414,69010.377414
2009-06,2010-08,3.0,3.0,18825.884445000003,18825.884445000003
2009-06,2010-09,3.0,2.0,13578.428686,13578.428686
2009-06,2010-10,4.0,4.0,24940.729415,24940.729415
2009-06,2010-11,4.0,3.0,18968.703518000002,18968.703518000002
2009-06,2010-12,7.0,7.0,72606.365984,72606.365984
2009-06,2011-01,4.0,4.0,24196.856922,24196.856922
2009-06,2011-02,6.0,6.0,42464.243567,42464.243567
2009-06,2011-03,6.0,4.0,83259.915777,83259.915777
2009-06,2011-04,3.0,3.0,133399.59069699998,133399.59069699998
2009-06,2011-05,4.0,2.0,14557.287196,14557.287196
2009-06,2011-06,5.0,5.0,684745.768337,684745.768337
2009-06,2011-07,8.0,8.0,660426.76008,660426.76008
2009-06,2011-08,4.0,4.0,591419.86868,591419.86868
2009-06,2011-09,6.0,2.0,191713.97602,191713.97602
2009-06,2011-10,14.0,9.0,1322641.8321500001,1322641.8321500001
2009-06,2011-11,10.0,7.0,806069.91857,806069.91857
2009-06,2011-12,12.0,8.0,977996.886279,977996.886279
2009-06,2012-01,12.0,9.0,1523065.018442,1523065.018442
2009-06,2012-02,6.0,6.0,918406.0003600001,918406.0003600001
2009-06,2012-03,13.0,8.0,982164.3203750001,982164.3203750001
2009-06,2012-04,6.0,3.0,337042.51196,337042.51196
2009-06,2012-05,10.0,8.0,781011.6096389999,781011.6096389999
2009-06,2012-06,5.0,4.0,505131.481574,505131.481574
2009-06,2013-02,2.0,2.0,8817.56128,8817.56128
2009-06,2013-03,1.0,1.0,7000.0,7000.0
2009-06,2013-04,2.0,2.0,24368.11599,24368.11599
2009-06,2013-07,1.0,,,
2009-06,2014-05,1.0,1.0,3911.686172,3911.686172
2009-06,2015-09,1.0,1.0,14594.42227,14594.42227
2009-07,2009-08,2.0,2.0,14828.43322,14828.43322
2009-07,2009-09,8.0,6.0,48605.38955199999,48605.38955199999
2009-07,2009-10,15.0,13.0,90527.21031200001,90527.21031200001
2009-07,2009-11,9.0,8.0,54507.856171,54507.856171
2009-07,2009-12,9.0,8.0,57880.639978,57880.639978
2009-07,2010-01,9.0,8.0,64905.152368999996,64905.152368999996
2009-07,2010-02,3.0,2.0,16716.815358,16716.815358
2009-07,2010-03,7.0,6.0,46879.745968,46879.745968
2009-07,2010-04,8.0,8.0,89720.55635,89720.55635
2009-07,2010-05,11.0,11.0,80448.6651601,80448.6651601
2009-07,2010-06,11.0,11.0,86833.008647,86833.008647
2009-07,2010-07,6.0,6.0,41363.874722,41363.874722
2009-07,2010-08,3.0,3.0,8838.980533999998,8838.980533999998
2009-07,2010-09,8.0,6.0,32138.549591,32138.549591
2009-07,2010-10,4.0,4.0,44824.40286,44824.40286
2009-07,2010-11,2.0,2.0,24816.86094,24816.86094
2009-07,2010-12,5.0,4.0,39136.491362,39136.491362
2009-07,2011-01,1.0,1.0,10804.88307,10804.88307
2009-07,2011-02,9.0,8.0,270710.10383,270710.10383
2009-07,2011-03,4.0,3.0,58427.971765,58427.971765
2009-07,2011-04,2.0,1.0,2853.941431,2853.941431
2009-07,2011-05,3.0,2.0,14129.517971000001,14129.517971000001
2009-07,2011-06,3.0,3.0,108724.687538,108724.687538
2009-07,2011-07,5.0,5.0,270301.195335,270301.195335
2009-07,2011-08,2.0,2.0,253031.881287,253031.881287
2009-07,2011-09,4.0,2.0,185560.75664,185560.75664
2009-07,2011-10,7.0,3.0,211129.594527,211129.594527
2009-07,2011-11,11.0,8.0,1260124.6001000002,1260124.6001000002
2009-07,2011-12,19.0,13.0,1819532.113059,1819532.113059
2009-07,2012-01,17.0,12.0,1913239.2593450001,1913239.2593450001
2009-07,2012-02,18.0,7.0,1033420.69004,1033420.69004
2009-07,2012-03,15.0,8.0,911097.1152,911097.1152
2009-07,2012-04,16.0,11.0,2235271.60382,2235271.60382
2009-07,2012-05,6.0,5.0,846005.4794,846005.4794
2009-07,2012-06,6.0,3.0,611154.156,611154.156
2009-07,2012-07,2.0,2.0,174314.6305,174314.6305
2009-07,2012-08,3.0,1.0,7205.396117,7205.396117
2009-07,2012-10,2.0,2.0,21539.58896,21539.58896
2009-07,2012-11,1.0,1.0,4952.706520000001,4952.706520000001
2009-07,2012-12,2.0,2.0,8711.749424,8711.749424
2009-07,2013-03,1.0,1.0,5071.535061,5071.535061
2009-07,2013-05,2.0,2.0,22058.263684,22058.263684
2009-07,2013-06,1.0,1.0,9111.096311,9111.096311
2009-07,2013-07,1.0,1.0,3140.978309,3140.978309
2009-07,2014-09,1.0,1.0,2222.591893,2222.591893
2009-07,2015-06,1.0,1.0,2041.114146,2041.114146
2009-07,2017-04,1.0,1.0,5349.086903,5349.086903
2009-08,2009-09,5.0,5.0,42060.879472,42060.879472
2009-08,2009-10,5.0,5.0,32247.327549,32247.327549
2009-08,2009-11,11.0,11.0,64174.498643700004,64174.498643700004
2009-08,2009-12,10.0,10.0,63443.122516200005,63443.122516200005
2009-08,2010-01,14.0,9.0,65427.906647,65427.906647
2009-08,2010-02,13.0,12.0,95432.07808699999,95432.07808699999
2009-08,2010-03,12.0,12.0,91809.214301,91809.214301
2009-08,2010-04,14.0,13.0,131904.057229,131904.057229
2009-08,2010-05,8.0,7.0,67283.724818,67283.724818
2009-08,2010-06,4.0,4.0,24179.672293999996,24179.672293999996
2009-08,2010-07,10.0,10.0,81154.342447,81154.342447
2009-08,2010-08,6.0,5.0,31741.147788000002,31741.147788000002
2009-08,2010-09,8.0,6.0,23056.323818,23056.323818
2009-08,2010-10,13.0,12.0,80899.206277,80899.206277
2009-08,2010-11,4.0,4.0,26770.453636000006,26770.453636000006
2009-08,2010-12,5.0,4.0,31456.984149,31456.984149
2009-08,2011-01,3.0,3.0,17354.05841,17354.05841
2009-08,2011-02,5.0,4.0,43454.005475,43454.005475
2009-08,2011-03,4.0,4.0,37394.9243655,37394.9243655
2009-08,2011-05,4.0,4.0,28765.629484,28765.629484
2009-08,2011-06,1.0,1.0,180000.0,180000.0
2009-08,2011-07,7.0,7.0,224239.12987430004,224239.12987430004
2009-08,2011-08,1.0,1.0,6167.246558,6167.246558
2009-08,2011-09,5.0,4.0,356402.165223,356402.165223
2009-08,2011-10,7.0,7.0,657770.580681,657770.580681
2009-08,2011-11,11.0,10.0,1052375.9762559999,1052375.9762559999
2009-08,2011-12,8.0,6.0,779377.22519,779377.22519
2009-08,2012-01,8.0,7.0,1180269.8639149999,1180269.8639149999
2009-08,2012-02,18.0,14.0,2005829.1974850001,2005829.1974850001
2009-08,2012-03,5.0,4.0,635211.02342,635211.02342
2009-08,2012-04,10.0,6.0,1170277.6332,1170277.6332
2009-08,2012-05,16.0,11.0,1803762.0380479998,1803762.0380479998
2009-08,2012-06,6.0,4.0,902452.8936000001,902452.8936000001
2009-08,2012-07,7.0,6.0,1079835.86581,1079835.86581
2009-08,2012-08,3.0,3.0,647159.1006,647159.1006
2009-08,2012-09,2.0,2.0,137593.558591,137593.558591
2009-08,2012-10,3.0,2.0,17969.106912,17969.106912
2009-08,2012-12,1.0,1.0,6533.203135,6533.203135
2009-08,2013-01,2.0,2.0,4213.6092265,4213.6092265
2009-08,2013-08,1.0,1.0,11135.62006,11135.62006
2009-08,2013-09,1.0,,,
2009-08,2013-11,1.0,1.0,4818.485304,4818.485304
2009-08,2013-12,1.0,1.0,14813.55722,14813.55722
2009-08,2014-02,1.0,1.0,3432.5327840000004,3432.5327840000004
2009-08,2014-06,1.0,1.0,17247.27314,17247.27314
2009-09,2009-09,2.0,2.0,21000.0,21000.0
2009-09,2009-10,3.0,3.0,27606.750645,27606.750645
2009-09,2009-11,5.0,5.0,34678.82086199999,34678.82086199999
2009-09,2009-12,6.0,6.0,37522.920456,37522.920456
2009-09,2010-01,9.0,8.0,56304.906049,56304.906049
2009-09,2010-02,8.0,8.0,42851.315995000004,42851.315995000004
2009-09,2010-03,10.0,9.0,72404.283622,72404.283622
2009-09,2010-04,10.0,8.0,54365.628761,54365.628761
2009-09,2010-05,9.0,8.0,67542.613237,67542.613237
2009-09,2010-06,7.0,7.0,71031.7093811,71031.7093811
2009-09,2010-07,15.0,14.0,103021.11190499998,103021.11190499998
2009-09,2010-08,8.0,8.0,64369.314150000006,64369.314150000006
2009-09,2010-09,2.0,2.0,9043.015800000001,9043.015800000001
2009-09,2010-10,7.0,7.0,71901.574154,71901.574154
2009-09,2010-11,5.0,4.0,20101.557038,20101.557038
2009-09,2010-12,8.0,5.0,49091.065752,49091.065752
2009-09,2011-01,7.0,7.0,52096.319688,52096.319688
2009-09,2011-02,6.0,5.0,25517.053298,25517.053298
2009-09,2011-03,7.0,6.0,53831.409094,53831.409094
2009-09,2011-04,2.0,2.0,14987.045989999999,14987.045989999999
2009-09,2011-05,1.0,1.0,3649.34835,3649.34835
2009-09,2011-06,2.0,2.0,9548.150282,9548.150282
2009-09,2011-07,1.0,1.0,135306.1231,135306.1231
2009-09,2011-08,6.0,6.0,379494.89058,379494.89058
2009-09,2011-09,2.0,1.0,5381.545799,5381.545799
2009-09,2011-10,9.0,8.0,429644.5227930001,429644.5227930001
2009-09,2011-11,11.0,9.0,810582.458953,810582.458953
2009-09,2011-12,7.0,5.0,118064.04922900001,118064.04922900001
2009-09,2012-01,8.0,6.0,738954.7223700001,738954.7223700001
2009-09,2012-02,14.0,11.0,1408817.325756,1408817.325756
2009-09,2012-03,17.0,14.0,1993194.8840100002,1993194.8840100002
2009-09,2012-04,19.0,17.0,2316235.946823,2316235.946823
2009-09,2012-05,16.0,10.0,1277148.3976440001,1277148.3976440001
2009-09,2012-06,5.0,3.0,562796.4494,562796.4494
2009-09,2012-07,10.0,8.0,1224202.7033590002,1224202.7033590002
2009-09,2012-08,6.0,3.0,440968.73997999995,440968.73997999995
2009-09,2012-09,1.0,,,
2009-09,2012-10,4.0,4.0,175925.44840219998,175925.44840219998
2009-09,2012-11,4.0,3.0,19185.310045000002,19185.310045000002
2009-09,2012-12,1.0,1.0,2900.004667,2900.004667
2009-09,2013-01,2.0,2.0,9531.397982999999,9531.397982999999
2009-09,2013-03,1.0,1.0,4393.580249000001,4393.580249000001
2009-09,2013-04,1.0,1.0,14959.2275,14959.2275
2009-09,2013-12,1.0,1.0,6736.100234999999,6736.100234999999
2009-09,2014-08,1.0,1.0,3135.533079,3135.533079
2009-10,2009-10,2.0,1.0,14000.0,14000.0
2009-10,2009-11,7.0,7.0,62039.93485,62039.93485
2009-10,2009-12,10.0,8.0,45134.0900896,45134.0900896
2009-10,2010-01,14.0,12.0,97016.303295,97016.303295
2009-10,2010-02,11.0,8.0,54356.147665000004,54356.147665000004
2009-10,2010-03,7.0,6.0,20848.331572,20848.331572
2009-10,2010-04,7.0,7.0,63520.63978600001,63520.63978600001
2009-10,2010-05,10.0,9.0,78493.53322400001,78493.53322400001
2009-10,2010-06,14.0,12.0,67440.827578,67440.827578
2009-10,2010-07,6.0,4.0,22107.140831,22107.140831
2009-10,2010-08,6.0,6.0,37805.964426,37805.964426
2009-10,2010-09,4.0,4.0,24181.311921,24181.311921
2009-10,2010-10,6.0,6.0,52752.11442409999,52752.11442409999
2009-10,2010-11,8.0,8.0,45098.297127,45098.297127
2009-10,2010-12,7.0,5.0,34630.425409999996,34630.425409999996
2009-10,2011-01,4.0,3.0,22999.854673,22999.854673
2009-10,2011-02,4.0,4.0,26731.593343,26731.593343
2009-10,2011-03,8.0,7.0,49030.889575,49030.889575
2009-10,2011-04,3.0,3.0,14963.390588999999,14963.390588999999
2009-10,2011-05,1.0,1.0,8475.103429,8475.103429
2009-10,2011-06,5.0,3.0,195169.860894,195169.860894
2009-10,2011-07,1.0,1.0,19000.0,19000.0
2009-10,2011-08,3.0,2.0,18890.227079,18890.227079
2009-10,2011-09,4.0,3.0,28408.790331,28408.790331
2009-10,2011-10,5.0,5.0,34273.397116,34273.397116
2009-10,2011-11,9.0,8.0,743209.303258,743209.303258
2009-10,2011-12,8.0,6.0,869794.630387,869794.630387
2009-10,2012-01,5.0,4.0,417890.83972,417890.83972
2009-10,2012-02,10.0,7.0,433532.19629199995,433532.19629199995
2009-10,2012-03,11.0,8.0,907495.4360109998,907495.4360109998
2009-10,2012-04,10.0,8.0,1157014.9386899997,1157014.9386899997
2009-10,2012-05,16.0,10.0,1366710.119592,1366710.119592
2009-10,2012-06,9.0,6.0,716964.4303700001,716964.4303700001
2009-10,2012-07,8.0,7.0,1108319.9703839999,1108319.9703839999
2009-10,2012-08,10.0,5.0,1039997.3333,1039997.3333
2009-10,2012-09,6.0,4.0,717432.183473,717432.183473
2009-10,2012-10,3.0,2.0,244753.01844999997,244753.01844999997
2009-10,2012-11,2.0,2.0,283438.850105,283438.850105
2009-10,2013-03,2.0,2.0,10399.579426999999,10399.579426999999
2009-10,2013-04,1.0,1.0,1522.284097,1522.284097
2009-10,2013-05,1.0,,,
2009-10,2013-07,2.0,2.0,5961.927876,5961.927876
2009-10,2015-04,1.0,,,
2009-10,2016-07,1.0,,,
2009-11,2009-12,5.0,5.0,22026.5471498,22026.5471498
2009-11,2010-01,9.0,9.0,64188.9443,64188.9443
2009-11,2010-02,6.0,4.0,20836.019761,20836.019761
2009-11,2010-03,6.0,4.0,33303.401349,33303.401349
2009-11,2010-04,7.0,7.0,50593.877354,50593.877354
2009-11,2010-05,14.0,11.0,79851.7148255,79851.7148255
2009-11,2010-06,8.0,8.0,54869.67033300001,54869.67033300001
2009-11,2010-07,16.0,15.0,111591.56208899998,111591.56208899998
2009-11,2010-08,10.0,10.0,70473.4940773,70473.4940773
2009-11,2010-09,13.0,13.0,87642.188631,87642.188631
2009-11,2010-10,9.0,8.0,43813.330474999995,43813.330474999995
2009-11,2010-11,5.0,5.0,40555.596454,40555.596454
2009-11,2010-12,8.0,7.0,72241.339769,72241.339769
2009-11,2011-01,9.0,9.0,46323.161598000006,46323.161598000006
2009-11,2011-02,3.0,3.0,20356.165306,20356.165306
2009-11,2011-03,9.0,8.0,30072.250271999997,30072.250271999997
2009-11,2011-04,7.0,7.0,47691.269810100006,47691.269810100006
2009-11,2011-05,4.0,4.0,17863.453591999998,17863.453591999998
2009-11,2011-06,4.0,4.0,22804.404403,22804.404403
2009-11,2011-07,3.0,2.0,20853.376022,20853.376022
2009-11,2011-08,5.0,5.0,301368.509225,301368.509225
2009-11,2011-09,6.0,6.0,358046.638484,358046.638484
2009-11,2011-10,4.0,4.0,165565.897421,165565.897421
2009-11,2011-11,2.0,2.0,73881.83962099999,73881.83962099999
2009-11,2011-12,7.0,7.0,271634.940673,271634.940673
2009-11,2012-01,7.0,5.0,196610.168135,196610.168135
2009-11,2012-02,6.0,5.0,336956.317851,336956.317851
2009-11,2012-03,8.0,7.0,738857.9544330001,738857.9544330001
2009-11,2012-04,10.0,5.0,1006941.3848,1006941.3848
2009-11,2012-05,7.0,4.0,420027.96435,420027.96435
2009-11,2012-06,16.0,10.0,1283648.3172789998,1283648.3172789998
2009-11,2012-07,15.0,13.0,1337622.0785110001,1337622.0785110001
2009-11,2012-08,18.0,14.0,2949631.1675,2949631.1675
2009-11,2012-09,5.0,4.0,443206.646028,443206.646028
2009-11,2012-10,6.0,6.0,933449.9827,933449.9827
2009-11,2012-11,1.0,1.0,14000.0,14000.0
2009-11,2012-12,1.0,1.0,83933.23317,83933.23317
2009-11,2013-01,2.0,2.0,8709.487748,8709.487748
2009-11,2013-03,1.0,,,
2009-11,2013-05,1.0,1.0,2317.606946,2317.606946
2009-11,2013-06,1.0,1.0,8594.04002,8594.04002
2009-11,2013-07,2.0,2.0,16504.449257,16504.449257
2009-11,2013-10,1.0,1.0,5772.392369,5772.392369
2009-11,2013-11,1.0,1.0,7000.0,7000.0
2009-11,2014-01,1.0,1.0,12265.58753,12265.58753
2009-11,2014-02,1.0,1.0,3822.116225,3822.116225
2009-11,2014-03,1.0,1.0,4711.422693,4711.422693
2009-11,2014-04,1.0,1.0,4555.892746,4555.892746
2009-11,2015-09,1.0,1.0,14000.0,14000.0
2009-12,2010-01,5.0,5.0,38593.890837,38593.890837
2009-12,2010-02,5.0,4.0,17902.499469,17902.499469
2009-12,2010-03,12.0,11.0,100470.01877599998,100470.01877599998
2009-12,2010-04,4.0,4.0,43865.598354,43865.598354
2009-12,2010-05,15.0,13.0,102051.16191700002,102051.16191700002
2009-12,2010-06,9.0,9.0,56901.127670300004,56901.127670300004
2009-12,2010-07,6.0,6.0,33875.962491,33875.962491
2009-12,2010-08,9.0,9.0,40415.925974,40415.925974
2009-12,2010-09,10.0,7.0,54734.36770719999,54734.36770719999
2009-12,2010-10,13.0,11.0,86348.403667,86348.403667
2009-12,2010-11,10.0,8.0,94571.37783999999,94571.37783999999
2009-12,2010-12,6.0,6.0,40902.1326771,40902.1326771
2009-12,2011-01,6.0,6.0,42389.67545,42389.67545
2009-12,2011-02,3.0,3.0,35227.04975,35227.04975
2009-12,2011-03,8.0,8.0,44252.478492999995,44252.478492999995
2009-12,2011-04,7.0,6.0,65710.188939,65710.188939
2009-12,2011-05,4.0,4.0,25758.15888,25758.15888
2009-12,2011-06,1.0,1.0,3718.479842,3718.479842
2009-12,2011-07,5.0,5.0,38754.136132,38754.136132
2009-12,2011-08,4.0,3.0,16955.964766999998,16955.964766999998
2009-12,2011-09,7.0,5.0,29572.902050999997,29572.902050999997
2009-12,2011-10,3.0,3.0,17724.426933,17724.426933
2009-12,2011-11,2.0,2.0,27926.184950000003,27926.184950000003
2009-12,2011-12,6.0,5.0,87888.78982699999,87888.78982699999
2009-12,2012-01,5.0,4.0,167100.328856,167100.328856
2009-12,2012-02,9.0,5.0,522157.94341099996,522157.94341099996
2009-12,2012-03,16.0,12.0,1036475.001023,1036475.001023
2009-12,2012-04,10.0,8.0,1062112.19874,1062112.19874
2009-12,2012-05,10.0,6.0,541008.160275,541008.160275
2009-12,2012-06,14.0,11.0,1555305.983887,1555305.983887
2009-12,2012-07,13.0,11.0,1603838.39108,1603838.39108
2009-12,2012-08,15.0,8.0,1264549.773429,1264549.773429
2009-12,2012-09,14.0,8.0,1121802.2437589997,1121802.2437589997
2009-12,2012-10,7.0,5.0,749840.949814,749840.949814
2009-12,2012-11,7.0,5.0,732233.0047599999,732233.0047599999
2009-12,2012-12,2.0,2.0,25403.812791,25403.812791
2009-12,2013-02,2.0,2.0,286896.974156,286896.974156
2009-12,2013-03,2.0,,,
2009-12,2013-04,1.0,1.0,519.5854563999999,519.5854563999999
2009-12,2013-05,1.0,1.0,5003.640784,5003.640784
2009-12,2013-06,1.0,1.0,2651.895324,2651.895324
2009-12,2013-08,2.0,2.0,11453.954534,11453.954534
2009-12,2013-10,1.0,1.0,6420.954667,6420.954667
2009-12,2013-11,1.0,1.0,18320.48994,18320.48994
2009-12,2014-08,2.0,2.0,13513.605644,13513.605644
2009-12,2015-10,1.0,1.0,7000.0,7000.0
2010-01,2010-02,2.0,2.0,15192.478687,15192.478687
2010-01,2010-03,7.0,7.0,53338.426656,53338.426656
2010-01,2010-04,5.0,5.0,57394.45428,57394.45428
2010-01,2010-05,11.0,9.0,56985.080511,56985.080511
2010-01,2010-06,12.0,10.0,62174.689476,62174.689476
2010-01,2010-07,12.0,11.0,84623.928401,84623.928401
2010-01,2010-08,10.0,9.0,84959.250616,84959.250616
2010-01,2010-09,11.0,11.0,102733.5154584,102733.5154584
2010-01,2010-10,7.0,6.0,26495.131229,26495.131229
2010-01,2010-11,7.0,4.0,28619.019779000002,28619.019779000002
2010-01,2010-12,9.0,9.0,78708.4877,78708.4877
2010-01,2011-01,9.0,8.0,75100.5517,75100.5517
2010-01,2011-02,9.0,9.0,56448.7345429,56448.7345429
2010-01,2011-03,5.0,5.0,51466.008419,51466.008419
2010-01,2011-04,9.0,8.0,57695.318311999996,57695.318311999996
2010-01,2011-05,7.0,6.0,46747.054149,46747.054149
2010-01,2011-06,11.0,11.0,100561.35761199999,100561.35761199999
2010-01,2011-07,1.0,1.0,8435.346081,8435.346081
2010-01,2011-08,7.0,5.0,49067.36878600001,49067.36878600001
2010-01,2011-09,2.0,2.0,22976.668892,22976.668892
2010-01,2011-10,9.0,6.0,535586.082664,535586.082664
2010-01,2011-11,3.0,3.0,23177.071854,23177.071854
2010-01,2011-12,4.0,3.0,31503.598819,31503.598819
2010-01,2012-01,3.0,3.0,204699.451445,204699.451445
2010-01,2012-02,6.0,4.0,195445.38060600002,195445.38060600002
2010-01,2012-03,7.0,7.0,846801.327987,846801.327987
2010-01,2012-04,7.0,5.0,356370.26502999995,356370.26502999995
2010-01,2012-05,13.0,9.0,1521176.3308390002,1521176.3308390002
2010-01,2012-06,12.0,8.0,1010423.5574670001,1010423.5574670001
2010-01,2012-07,17.0,9.0,1245622.954537,1245622.954537
2010-01,2012-08,14.0,10.0,1532880.388018,1532880.388018
2010-01,2012-09,16.0,11.0,1432482.880991,1432482.880991
2010-01,2012-10,10.0,8.0,922932.849367,922932.849367
2010-01,2012-11,9.0,7.0,725648.96165,725648.96165
2010-01,2012-12,6.0,6.0,576232.618526,576232.618526
2010-01,2013-01,7.0,4.0,494034.71012,494034.71012
2010-01,2013-02,1.0,1.0,19000.0,19000.0
2010-01,2013-03,2.0,1.0,7964.344126999999,7964.344126999999
2010-01,2013-04,1.0,1.0,9622.813875,9622.813875
2010-01,2013-05,3.0,2.0,218044.230663,218044.230663
2010-01,2013-06,2.0,2.0,7658.335056,7658.335056
2010-01,2013-08,1.0,1.0,5306.483039,5306.483039
2010-01,2013-12,1.0,1.0,12419.60251,12419.60251
2010-01,2014-05,1.0,1.0,7745.646259999999,7745.646259999999
2010-02,2010-02,1.0,1.0,7000.0,7000.0
2010-02,2010-03,5.0,4.0,31463.755225,31463.755225
2010-02,2010-04,4.0,4.0,32942.174901,32942.174901
2010-02,2010-05,6.0,6.0,38107.65642200001,38107.65642200001
2010-02,2010-06,8.0,7.0,28707.4342527,28707.4342527
2010-02,2010-07,10.0,10.0,100091.320864,100091.320864
2010-02,2010-08,12.0,9.0,97795.05264300002,97795.05264300002
2010-02,2010-09,14.0,14.0,98314.47910640002,98314.47910640002
2010-02,2010-10,10.0,8.0,53258.821071700004,53258.821071700004
2010-02,2010-11,14.0,13.0,96477.498536,96477.498536
2010-02,2010-12,3.0,3.0,27530.241036,27530.241036
2010-02,2011-01,14.0,11.0,94728.119068,94728.119068
2010-02,2011-02,6.0,6.0,49472.552944,49472.552944
2010-02,2011-03,6.0,6.0,34578.289617,34578.289617
2010-02,2011-04,4.0,3.0,43342.573319999996,43342.573319999996
2010-02,2011-05,6.0,4.0,43465.363113,43465.363113
2010-02,2011-06,2.0,2.0,21463.737645,21463.737645
2010-02,2011-07,3.0,2.0,14964.44442,14964.44442
2010-02,2011-08,7.0,7.0,56933.964187000005,56933.964187000005
2010-02,2011-09,6.0,5.0,22809.673644,22809.673644
2010-02,2011-10,5.0,4.0,28178.144691,28178.144691
2010-02,2011-11,8.0,8.0,67575.12744499999,67575.12744499999
2010-02,2011-12,1.0,,,
2010-02,2012-01,5.0,5.0,573464.5658662999,573464.5658662999
2010-02,2012-02,4.0,2.0,245389.64594999998,245389.64594999998
2010-02,2012-03,2.0,2.0,263141.1347,263141.1347
2010-02,2012-04,4.0,2.0,80621.95026,80621.95026
2010-02,2012-05,10.0,8.0,705897.6560590001,705897.6560590001
2010-02,2012-06,12.0,7.0,651247.833481,651247.833481
2010-02,2012-07,14.0,11.0,1136585.874301,1136585.874301
2010-02,2012-08,17.0,11.0,1157633.81785,1157633.81785
2010-02,2012-09,16.0,11.0,1563379.914444,1563379.914444
2010-02,2012-10,11.0,9.0,867434.2229490001,867434.2229490001
2010-02,2012-11,8.0,6.0,1214419.4588000001,1214419.4588000001
2010-02,2012-12,7.0,5.0,853979.2194289999,853979.2194289999
2010-02,2013-01,8.0,5.0,1083290.255,1083290.255
2010-02,2013-02,5.0,4.0,546862.30544,546862.30544
2010-02,2013-03,2.0,1.0,6329.218324,6329.218324
2010-02,2013-06,1.0,1.0,14000.0,14000.0
2010-02,2013-07,2.0,2.0,13885.93157,13885.93157
2010-02,2013-09,2.0,2.0,15548.075198999999,15548.075198999999
2010-02,2013-11,1.0,1.0,4158.093135,4158.093135
2010-02,2013-12,1.0,1.0,5748.9459560000005,5748.9459560000005
2010-02,2014-04,1.0,1.0,6534.675826,6534.675826
2010-02,2014-06,2.0,2.0,14015.086706,14015.086706
2010-02,2014-08,1.0,1.0,4435.226606,4435.226606
2010-02,2015-03,1.0,1.0,11220.9614,11220.9614
2010-02,2015-09,1.0,1.0,4917.61496,4917.61496
2010-02,2017-04,1.0,1.0,2695.500913,2695.500913
2010-03,2010-04,3.0,3.0,36936.741932,36936.741932
2010-03,2010-05,8.0,8.0,64550.554545,64550.554545
2010-03,2010-06,10.0,8.0,61774.461905000004,61774.461905000004
2010-03,2010-07,10.0,7.0,39580.058335,39580.058335
2010-03,2010-08,11.0,10.0,81253.43989600001,81253.43989600001
2010-03,2010-09,4.0,3.0,35751.220486000006,35751.220486000006
2010-03,2010-10,15.0,15.0,87788.40273780002,87788.40273780002
2010-03,2010-11,9.0,7.0,41076.442451,41076.442451
2010-03,2010-12,12.0,11.0,117834.5465572,117834.5465572
2010-03,2011-01,14.0,11.0,84615.827153,84615.827153
2010-03,2011-02,7.0,6.0,43414.851388999996,43414.851388999996
2010-03,2011-03,11.0,10.0,70626.798419,70626.798419
2010-03,2011-04,9.0,9.0,68421.92741399999,68421.92741399999
2010-03,2011-05,8.0,7.0,36451.641563,36451.641563
2010-03,2011-06,3.0,2.0,9585.426263000001,9585.426263000001
2010-03,2011-07,9.0,9.0,70227.396121,70227.396121
2010-03,2011-08,4.0,4.0,42951.187071,42951.187071
2010-03,2011-09,3.0,2.0,72742.906,72742.906
2010-03,2011-10,3.0,3.0,12630.311396000001,12630.311396000001
2010-03,2011-11,4.0,4.0,23986.959296,23986.959296
2010-03,2011-12,4.0,4.0,44104.444777,44104.444777
2010-03,2012-01,10.0,9.0,59478.30666,59478.30666
2010-03,2012-02,3.0,3.0,397741.04576,397741.04576
2010-03,2012-03,7.0,6.0,213508.450884,213508.450884
2010-03,2012-04,6.0,6.0,581614.627845,581614.627845
2010-03,2012-05,3.0,3.0,568801.9696,568801.9696
2010-03,2012-06,12.0,10.0,1104129.771544,1104129.771544
2010-03,2012-07,10.0,7.0,566743.5470799999,566743.5470799999
2010-03,2012-08,8.0,8.0,1372757.89392,1372757.89392
2010-03,2012-09,9.0,4.0,155965.826891,155965.826891
2010-03,2012-10,10.0,8.0,1241443.854689,1241443.854689
2010-03,2012-11,17.0,15.0,2673165.98264,2673165.98264
2010-03,2012-12,12.0,7.0,1289624.6987,1289624.6987
2010-03,2013-01,14.0,10.0,2230315.91695,2230315.91695
2010-03,2013-02,5.0,5.0,817019.2082100001,817019.2082100001
2010-03,2013-03,6.0,5.0,852036.2126000001,852036.2126000001
2010-03,2013-04,2.0,1.0,4304.344763,4304.344763
2010-03,2013-05,2.0,1.0,10257.59707,10257.59707
2010-03,2013-06,1.0,1.0,5948.370349,5948.370349
2010-03,2013-07,1.0,1.0,372.58518060000006,372.58518060000006
2010-03,2013-11,1.0,1.0,12007.2947,12007.2947
2010-03,2014-03,1.0,1.0,13795.434630000002,13795.434630000002
2010-03,2014-10,2.0,2.0,27741.470316,27741.470316
2010-03,2015-09,1.0,1.0,6457.564645,6457.564645
2010-03,2015-10,1.0,1.0,8238.911561,8238.911561
2010-03,2016-01,1.0,1.0,7000.0,7000.0
2010-04,2010-04,2.0,2.0,21025.798787,21025.798787
2010-04,2010-05,6.0,5.0,32421.85156,32421.85156
2010-04,2010-06,9.0,8.0,46660.631924,46660.631924
2010-04,2010-07,11.0,10.0,103442.075327,103442.075327
2010-04,2010-08,11.0,10.0,89860.023089,89860.023089
2010-04,2010-09,13.0,12.0,96975.87598900001,96975.87598900001
2010-04,2010-10,6.0,5.0,51116.071026,51116.071026
2010-04,2010-11,12.0,10.0,89351.70369000001,89351.70369000001
2010-04,2010-12,9.0,8.0,50594.584408,50594.584408
2010-04,2011-01,5.0,3.0,13980.927808,13980.927808
2010-04,2011-02,16.0,14.0,106144.09817899998,106144.09817899998
2010-04,2011-03,12.0,12.0,84800.86836,84800.86836
2010-04,2011-04,6.0,6.0,36229.015759,36229.015759
2010-04,2011-05,5.0,5.0,34250.29159,34250.29159
2010-04,2011-06,7.0,4.0,36505.85044,36505.85044
2010-04,2011-07,7.0,7.0,57638.316048,57638.316048
2010-04,2011-08,9.0,9.0,69578.372502,69578.372502
2010-04,2011-09,5.0,5.0,33015.749836,33015.749836
2010-04,2011-10,6.0,4.0,39651.388706,39651.388706
2010-04,2011-11,2.0,2.0,21228.610958,21228.610958
2010-04,2011-12,5.0,3.0,56240.414174,56240.414174
2010-04,2012-01,5.0,5.0,45467.260399,45467.260399
2010-04,2012-02,8.0,6.0,127542.49096200001,127542.49096200001
2010-04,2012-03,5.0,4.0,259334.605124,259334.605124
2010-04,2012-04,9.0,5.0,333066.50221,333066.50221
2010-04,2012-05,5.0,5.0,421893.02824899997,421893.02824899997
2010-04,2012-06,7.0,4.0,316638.444813,316638.444813
2010-04,2012-07,10.0,8.0,633329.595561,633329.595561
2010-04,2012-08,10.0,8.0,672788.288185,672788.288185
2010-04,2012-09,10.0,8.0,1358489.9850400002,1358489.9850400002
2010-04,2012-10,20.0,15.0,2011214.16873,2011214.16873
2010-04,2012-11,13.0,9.0,1679032.624467,1679032.624467
2010-04,2012-12,10.0,8.0,1017397.740385,1017397.740385
2010-04,2013-01,9.0,6.0,967732.46263,967732.46263
2010-04,2013-02,9.0,4.0,616160.1011,616160.1011
2010-04,2013-03,7.0,6.0,1102074.2944109999,1102074.2944109999
2010-04,2013-04,1.0,1.0,1876.161057,1876.161057
2010-04,2013-05,3.0,2.0,6157.833723,6157.833723
2010-04,2013-06,1.0,1.0,280000.0,280000.0
2010-04,2013-09,1.0,,,
2010-04,2013-11,1.0,1.0,3085.796448,3085.796448
2010-04,2013-12,1.0,1.0,19000.0,19000.0
2010-04,2014-03,1.0,1.0,7853.574699,7853.574699
2010-04,2014-04,2.0,2.0,24351.55993,24351.55993
2010-04,2014-05,1.0,1.0,14000.0,14000.0
2010-04,2014-10,1.0,1.0,6874.985259,6874.985259
2010-04,2017-09,1.0,1.0,7894.971774,7894.971774
2010-05,2010-05,2.0,2.0,8667.892025,8667.892025
2010-05,2010-06,3.0,2.0,8919.511175,8919.511175
2010-05,2010-07,14.0,14.0,116375.9462304,116375.9462304
2010-05,2010-08,11.0,8.0,61586.081722,61586.081722
2010-05,2010-09,21.0,19.0,148646.78943,148646.78943
2010-05,2010-10,7.0,5.0,14287.641314,14287.641314
2010-05,2010-11,8.0,7.0,46840.233175,46840.233175
2010-05,2010-12,10.0,7.0,51205.3866,51205.3866
2010-05,2011-01,9.0,8.0,82714.201546,82714.201546
2010-05,2011-02,1.0,1.0,4239.561528,4239.561528
2010-05,2011-03,11.0,10.0,53778.397507,53778.397507
2010-05,2011-04,13.0,12.0,82219.07998499999,82219.07998499999
2010-05,2011-05,6.0,6.0,32879.686630000004,32879.686630000004
2010-05,2011-06,8.0,6.0,37245.942488,37245.942488
2010-05,2011-07,3.0,3.0,11094.944503,11094.944503
2010-05,2011-08,5.0,5.0,39052.240059,39052.240059
2010-05,2011-09,4.0,3.0,22088.093176,22088.093176
2010-05,2011-10,5.0,5.0,52674.453124,52674.453124
2010-05,2011-11,6.0,6.0,49404.433106000004,49404.433106000004
2010-05,2011-12,5.0,5.0,47221.111682,47221.111682
2010-05,2012-01,9.0,8.0,53916.130777,53916.130777
2010-05,2012-02,3.0,3.0,25532.164836999997,25532.164836999997
2010-05,2012-03,8.0,8.0,390895.37754899997,390895.37754899997
2010-05,2012-04,3.0,3.0,34237.151048,34237.151048
2010-05,2012-05,5.0,4.0,322771.65424199996,322771.65424199996
2010-05,2012-06,11.0,7.0,401054.5469639999,401054.5469639999
2010-05,2012-07,6.0,4.0,591901.1947,591901.1947
2010-05,2012-08,11.0,6.0,579657.026196,579657.026196
2010-05,2012-09,4.0,3.0,273210.883571,273210.883571
2010-05,2012-10,15.0,10.0,1014530.855788,1014530.855788
2010-05,2012-11,7.0,6.0,818470.9083,818470.9083
2010-05,2012-12,18.0,14.0,2163057.9326,2163057.9326
2010-05,2013-01,20.0,12.0,2107438.9083700003,2107438.9083700003
2010-05,2013-02,11.0,7.0,1084332.90708,1084332.90708
2010-05,2013-03,9.0,8.0,767761.883945,767761.883945
2010-05,2013-04,8.0,5.0,973584.84541,973584.84541
2010-05,2013-05,2.0,1.0,180000.0,180000.0
2010-05,2013-06,3.0,1.0,7000.0,7000.0
2010-05,2013-07,2.0,2.0,25414.25432,25414.25432
2010-05,2013-08,2.0,2.0,13146.748059999998,13146.748059999998
2010-05,2013-10,2.0,2.0,16045.785304,16045.785304
2010-05,2014-01,2.0,2.0,10230.696575999998,10230.696575999998
2010-05,2014-03,1.0,1.0,6414.503123,6414.503123
2010-05,2014-04,1.0,1.0,8718.530498,8718.530498
2010-05,2014-05,1.0,1.0,2527.228856,2527.228856
2010-05,2014-11,1.0,,,
2010-05,2015-06,1.0,1.0,12457.44859,12457.44859
2010-05,2015-08,1.0,1.0,10027.42636,10027.42636
2010-05,2016-11,1.0,1.0,7000.0,7000.0
2010-06,2010-07,3.0,2.0,12578.489879,12578.489879
2010-06,2010-08,9.0,9.0,92156.322094,92156.322094
2010-06,2010-09,8.0,8.0,44494.702727,44494.702727
2010-06,2010-10,13.0,13.0,112868.244379,112868.244379
2010-06,2010-11,10.0,10.0,79732.429219,79732.429219
2010-06,2010-12,11.0,11.0,73742.98046,73742.98046
2010-06,2011-01,9.0,9.0,61814.487103,61814.487103
2010-06,2011-02,9.0,7.0,73713.36582800001,73713.36582800001
2010-06,2011-03,8.0,5.0,23723.631527999998,23723.631527999998
2010-06,2011-04,14.0,13.0,106303.853463,106303.853463
2010-06,2011-05,5.0,5.0,58796.907389,58796.907389
2010-06,2011-06,9.0,9.0,48837.212294799996,48837.212294799996
2010-06,2011-07,6.0,6.0,68931.398623,68931.398623
2010-06,2011-08,4.0,4.0,35342.178469,35342.178469
2010-06,2011-09,6.0,6.0,47638.91332,47638.91332
2010-06,2011-10,6.0,6.0,39075.07378,39075.07378
2010-06,2011-11,5.0,5.0,58810.00219100001,58810.00219100001
2010-06,2011-12,7.0,7.0,31807.214316,31807.214316
2010-06,2012-01,1.0,1.0,8119.967601,8119.967601
2010-06,2012-02,9.0,8.0,57589.437545999994,57589.437545999994
2010-06,2012-03,4.0,3.0,26826.32249,26826.32249
2010-06,2012-04,8.0,6.0,179484.335674,179484.335674
2010-06,2012-05,9.0,8.0,43003.317949000004,43003.317949000004
2010-06,2012-06,5.0,4.0,102131.94867800002,102131.94867800002
2010-06,2012-07,4.0,4.0,442284.666232,442284.666232
2010-06,2012-08,8.0,6.0,502973.720872,502973.720872
2010-06,2012-09,11.0,9.0,447367.830633,447367.830633
2010-06,2012-10,7.0,5.0,614530.50808,614530.50808
2010-06,2012-11,14.0,12.0,1591769.340249,1591769.340249
2010-06,2012-12,12.0,12.0,1612240.8335519999,1612240.8335519999
2010-06,2013-01,16.0,12.0,2036206.981835,2036206.981835
2010-06,2013-02,15.0,8.0,733045.280511,733045.280511
2010-06,2013-03,15.0,8.0,1101828.101158,1101828.101158
2010-06,2013-04,10.0,8.0,913461.300566,913461.300566
2010-06,2013-05,6.0,4.0,754978.200364,754978.200364
2010-06,2013-06,6.0,4.0,400036.50790820003,400036.50790820003
2010-06,2013-07,1.0,1.0,7554.178229000001,7554.178229000001
2010-06,2013-09,3.0,3.0,13952.690136000001,13952.690136000001
2010-06,2013-11,2.0,2.0,12077.750037,12077.750037
2010-06,2013-12,2.0,1.0,10745.60897,10745.60897
2010-06,2014-03,1.0,1.0,7000.0,7000.0
2010-06,2014-04,1.0,1.0,6438.978508,6438.978508
2010-06,2014-08,1.0,1.0,15709.04144,15709.04144
2010-06,2014-09,1.0,,,
2010-06,2015-04,1.0,1.0,5363.725261,5363.725261
2010-06,2015-06,1.0,1.0,17796.727319999998,17796.727319999998
2010-07,2010-08,5.0,3.0,6381.823658700001,6381.823658700001
2010-07,2010-09,8.0,7.0,33272.758773999994,33272.758773999994
2010-07,2010-10,10.0,10.0,62338.459006000005,62338.459006000005
2010-07,2010-11,11.0,9.0,63496.075601,63496.075601
2010-07,2010-12,18.0,15.0,98340.41391399999,98340.41391399999
2010-07,2011-01,12.0,12.0,96370.02286700002,96370.02286700002
2010-07,2011-02,10.0,9.0,61274.241956,61274.241956
2010-07,2011-03,14.0,14.0,150617.64127,150617.64127
2010-07,2011-04,9.0,9.0,76058.33120300001,76058.33120300001
2010-07,2011-05,10.0,8.0,64147.125194,64147.125194
2010-07,2011-06,8.0,8.0,56671.819740000006,56671.819740000006
2010-07,2011-07,6.0,4.0,15978.261393,15978.261393
2010-07,2011-08,3.0,3.0,30055.149989000005,30055.149989000005
2010-07,2011-09,6.0,6.0,45975.702606,45975.702606
2010-07,2011-10,6.0,6.0,41255.311041,41255.311041
2010-07,2011-11,3.0,3.0,28337.298045999996,28337.298045999996
2010-07,2011-12,7.0,7.0,37973.48951299999,37973.48951299999
2010-07,2012-01,4.0,4.0,27646.839483000003,27646.839483000003
2010-07,2012-02,4.0,4.0,16088.704269000002,16088.704269000002
2010-07,2012-03,7.0,7.0,44458.647999,44458.647999
2010-07,2012-04,4.0,2.0,21119.361406,21119.361406
2010-07,2012-05,2.0,1.0,11329.77551,11329.77551
2010-07,2012-06,9.0,7.0,207997.47188700002,207997.47188700002
2010-07,2012-07,4.0,4.0,241176.72307200002,241176.72307200002
2010-07,2012-08,7.0,6.0,768310.3600769999,768310.3600769999
2010-07,2012-09,10.0,7.0,502515.79542399995,502515.79542399995
2010-07,2012-10,6.0,3.0,189649.721543,189649.721543
2010-07,2012-11,5.0,3.0,179951.28685,179951.28685
2010-07,2012-12,13.0,8.0,1297914.8073,1297914.8073
2010-07,2013-01,17.0,14.0,2040623.28605,2040623.28605
2010-07,2013-02,9.0,6.0,481602.64148800005,481602.64148800005
2010-07,2013-03,12.0,12.0,2269018.9522059998,2269018.9522059998
2010-07,2013-04,12.0,7.0,1586829.8878,1586829.8878
2010-07,2013-05,9.0,8.0,1421770.8725,1421770.8725
2010-07,2013-06,1.0,1.0,180000.0,180000.0
2010-07,2013-07,3.0,3.0,449600.8979,449600.8979
2010-07,2013-08,2.0,1.0,14000.0,14000.0
2010-07,2013-09,1.0,1.0,8438.900189,8438.900189
2010-07,2013-10,1.0,1.0,14000.0,14000.0
2010-07,2013-12,1.0,1.0,8014.619495999999,8014.619495999999
2010-07,2014-01,3.0,2.0,23615.322689,23615.322689
2010-07,2014-04,1.0,1.0,14156.9962,14156.9962
2010-07,2014-05,2.0,1.0,2909.8159100000003,2909.8159100000003
2010-07,2014-06,1.0,1.0,6440.298163,6440.298163
2010-07,2015-03,2.0,2.0,8396.391521,8396.391521
2010-08,2010-08,1.0,1.0,5699.233143,5699.233143
2010-08,2010-09,3.0,3.0,26209.224424,26209.224424
2010-08,2010-10,7.0,7.0,45890.405723,45890.405723
2010-08,2010-11,10.0,9.0,69173.188463,69173.188463
2010-08,2010-12,8.0,6.0,55511.369501,55511.369501
2010-08,2011-01,14.0,11.0,80425.9399284,80425.9399284
2010-08,2011-02,6.0,5.0,33133.785414,33133.785414
2010-08,2011-03,8.0,6.0,47254.211352,47254.211352
2010-08,2011-04,8.0,8.0,78262.484498,78262.484498
2010-08,2011-05,10.0,10.0,95433.303584,95433.303584
2010-08,2011-06,9.0,8.0,58511.51064200001,58511.51064200001
2010-08,2011-07,7.0,6.0,54399.763546,54399.763546
2010-08,2011-08,8.0,7.0,38357.221016,38357.221016
2010-08,2011-09,3.0,3.0,14971.133539000002,14971.133539000002
2010-08,2011-10,8.0,7.0,62398.577204999994,62398.577204999994
2010-08,2011-11,4.0,4.0,22288.793383999997,22288.793383999997
2010-08,2011-12,4.0,4.0,38439.989384,38439.989384
2010-08,2012-01,9.0,8.0,71453.867046,71453.867046
2010-08,2012-02,4.0,3.0,11709.587806,11709.587806
2010-08,2012-03,3.0,2.0,80888.73432,80888.73432
2010-08,2012-04,3.0,1.0,13328.13268,13328.13268
2010-08,2012-05,3.0,1.0,4547.917779,4547.917779
2010-08,2012-06,8.0,6.0,362751.2195550001,362751.2195550001
2010-08,2012-07,1.0,1.0,11632.32937,11632.32937
2010-08,2012-08,3.0,2.0,119223.7823,119223.7823
2010-08,2012-09,3.0,1.0,4311.879333,4311.879333
2010-08,2012-10,5.0,3.0,195742.498505,195742.498505
2010-08,2012-11,6.0,3.0,188135.821282,188135.821282
2010-08,2012-12,11.0,8.0,1144064.060939,1144064.060939
2010-08,2013-01,17.0,15.0,2032181.214147,2032181.214147
2010-08,2013-02,15.0,14.0,1797425.863012,1797425.863012
2010-08,2013-03,14.0,9.0,1527757.4972,1527757.4972
2010-08,2013-04,15.0,10.0,1223989.993417,1223989.993417
2010-08,2013-05,11.0,8.0,1319875.418766,1319875.418766
2010-08,2013-06,5.0,3.0,394701.45651,394701.45651
2010-08,2013-07,12.0,11.0,2256357.77055,2256357.77055
2010-08,2013-08,1.0,,,
2010-08,2013-09,2.0,2.0,164940.62091,164940.62091
2010-08,2013-10,1.0,1.0,7000.0,7000.0
2010-08,2013-11,4.0,3.0,21616.562078,21616.562078
2010-08,2013-12,2.0,1.0,10270.39663,10270.39663
2010-08,2014-02,1.0,1.0,8297.704119,8297.704119
2010-08,2014-05,1.0,1.0,7000.0,7000.0
2010-08,2014-07,1.0,1.0,7000.0,7000.0
2010-08,2014-09,1.0,1.0,725.7405928,725.7405928
2010-08,2014-11,1.0,1.0,2798.18788,2798.18788
2010-08,2014-12,4.0,3.0,17104.030233,17104.030233
2010-08,2015-03,1.0,1.0,14000.0,14000.0
2010-08,2015-04,1.0,1.0,3220.9508920000003,3220.9508920000003
2010-08,2016-04,1.0,1.0,5026.874645,5026.874645
2010-09,2010-09,2.0,2.0,18547.088349999998,18547.088349999998
2010-09,2010-10,3.0,3.0,30144.612055999998,30144.612055999998
2010-09,2010-11,9.0,8.0,63287.858606,63287.858606
2010-09,2010-12,16.0,14.0,97818.46828099998,97818.46828099998
2010-09,2011-01,9.0,8.0,61706.925367,61706.925367
2010-09,2011-02,8.0,8.0,49721.448081,49721.448081
2010-09,2011-03,12.0,12.0,114628.735167,114628.735167
2010-09,2011-04,13.0,12.0,115183.50269800001,115183.50269800001
2010-09,2011-05,14.0,13.0,90869.599744,90869.599744
2010-09,2011-06,12.0,10.0,72768.55490100001,72768.55490100001
2010-09,2011-07,13.0,11.0,79515.131173,79515.131173
2010-09,2011-08,11.0,9.0,59945.902141000006,59945.902141000006
2010-09,2011-09,4.0,3.0,35075.2295,35075.2295
2010-09,2011-10,8.0,7.0,68805.70628900001,68805.70628900001
2010-09,2011-11,4.0,3.0,30444.643237000004,30444.643237000004
2010-09,2011-12,8.0,7.0,54962.65289700001,54962.65289700001
2010-09,2012-01,9.0,9.0,69113.287732,69113.287732
2010-09,2012-02,7.0,7.0,47682.35045500001,47682.35045500001
2010-09,2012-03,11.0,10.0,56285.096434,56285.096434
2010-09,2012-04,7.0,6.0,38229.711118,38229.711118
2010-09,2012-05,5.0,5.0,27948.038901,27948.038901
2010-09,2012-06,4.0,4.0,21099.470253,21099.470253
2010-09,2012-07,6.0,5.0,47091.043858,47091.043858
2010-09,2012-08,9.0,7.0,271169.549096,271169.549096
2010-09,2012-09,5.0,4.0,34123.202937,34123.202937
2010-09,2012-10,5.0,3.0,231779.59645,231779.59645
2010-09,2012-11,3.0,2.0,287367.596322,287367.596322
2010-09,2012-12,4.0,4.0,144093.43043,144093.43043
2010-09,2013-01,9.0,9.0,1232080.738577,1232080.738577
2010-09,2013-02,9.0,7.0,1141941.76486,1141941.76486
2010-09,2013-03,15.0,11.0,1477777.8730100002,1477777.8730100002
2010-09,2013-04,11.0,8.0,1269932.36569,1269932.36569
2010-09,2013-05,19.0,15.0,1549878.3974100002,1549878.3974100002
2010-09,2013-06,11.0,11.0,1730863.9323310002,1730863.9323310002
2010-09,2013-07,5.0,4.0,722632.6428,722632.6428
2010-09,2013-08,6.0,3.0,478331.2964,478331.2964
2010-09,2013-09,7.0,5.0,491876.9965302,491876.9965302
2010-09,2013-10,1.0,1.0,228667.5382,228667.5382
2010-09,2013-11,3.0,3.0,290906.103499,290906.103499
2010-09,2013-12,3.0,3.0,28146.607206,28146.607206
2010-09,2014-01,2.0,2.0,17027.61882,17027.61882
2010-09,2014-02,1.0,1.0,4951.162504,4951.162504
2010-09,2014-05,2.0,2.0,13163.771626000002,13163.771626000002
2010-09,2014-06,1.0,1.0,3558.0898880000004,3558.0898880000004
2010-09,2014-07,1.0,1.0,3589.664771,3589.664771
2010-09,2014-10,1.0,1.0,6242.821014,6242.821014
2010-09,2015-03,1.0,,,
2010-09,2016-02,1.0,1.0,19000.0,19000.0
2010-10,2010-11,6.0,5.0,54726.513076,54726.513076
2010-10,2010-12,7.0,6.0,30679.341552,30679.341552
2010-10,2011-01,8.0,7.0,78350.23882299999,78350.23882299999
2010-10,2011-02,7.0,6.0,43808.824791,43808.824791
2010-10,2011-03,12.0,11.0,71728.020004,71728.020004
2010-10,2011-04,9.0,9.0,67649.610709,67649.610709
2010-10,2011-05,11.0,10.0,79581.417236,79581.417236
2010-10,2011-06,9.0,9.0,75434.88863,75434.88863
2010-10,2011-07,5.0,5.0,38925.3832025,38925.3832025
2010-10,2011-08,9.0,8.0,49092.947637,49092.947637
2010-10,2011-09,9.0,6.0,33775.3134117,33775.3134117
2010-10,2011-10,9.0,9.0,48684.7243961,48684.7243961
2010-10,2011-11,4.0,4.0,36766.638947,36766.638947
2010-10,2011-12,14.0,14.0,95600.50150099999,95600.50150099999
2010-10,2012-01,8.0,8.0,59501.595338,59501.595338
2010-10,2012-02,4.0,3.0,30033.093022999998,30033.093022999998
2010-10,2012-03,11.0,9.0,50135.477866,50135.477866
2010-10,2012-04,8.0,8.0,60186.267905,60186.267905
2010-10,2012-05,5.0,4.0,35562.104164000004,35562.104164000004
2010-10,2012-06,3.0,3.0,17860.232972,17860.232972
2010-10,2012-07,5.0,5.0,74828.014509,74828.014509
2010-10,2012-08,6.0,5.0,34280.645973000006,34280.645973000006
2010-10,2012-09,3.0,3.0,16860.673183,16860.673183
2010-10,2012-10,4.0,3.0,208000.0,208000.0
2010-10,2012-11,6.0,6.0,471828.3797130001,471828.3797130001
2010-10,2012-12,7.0,6.0,978101.2990359999,978101.2990359999
2010-10,2013-01,5.0,2.0,184776.242784,184776.242784
2010-10,2013-02,6.0,3.0,519041.15033800004,519041.15033800004
2010-10,2013-03,13.0,11.0,1211133.6852209999,1211133.6852209999
2010-10,2013-04,19.0,14.0,1916418.810894,1916418.810894
2010-10,2013-05,14.0,12.0,1981736.43515,1981736.43515
2010-10,2013-06,20.0,14.0,1841040.075603,1841040.075603
2010-10,2013-07,7.0,5.0,703046.549321,703046.549321
2010-10,2013-08,7.0,6.0,932970.825972,932970.825972
2010-10,2013-09,5.0,4.0,748782.6962,748782.6962
2010-10,2013-10,6.0,6.0,864459.578771,864459.578771
2010-10,2013-11,2.0,2.0,288739.590609,288739.590609
2010-10,2014-01,3.0,3.0,25969.280752,25969.280752
2010-10,2014-07,1.0,1.0,7663.638065000001,7663.638065000001
2010-10,2014-10,2.0,2.0,16047.976088,16047.976088
2010-10,2014-11,2.0,2.0,12386.657857000002,12386.657857000002
2010-10,2015-04,1.0,1.0,7167.251641,7167.251641
2010-10,2016-01,1.0,1.0,5139.267537,5139.267537
2010-10,2016-04,1.0,1.0,11707.71458,11707.71458
2010-11,2010-12,6.0,5.0,13508.711378299999,13508.711378299999
2010-11,2011-01,9.0,8.0,40812.422421,40812.422421
2010-11,2011-02,11.0,8.0,69877.451782,69877.451782
2010-11,2011-03,8.0,8.0,75441.50388,75441.50388
2010-11,2011-04,14.0,10.0,56294.536651200004,56294.536651200004
2010-11,2011-05,6.0,6.0,64256.305986,64256.305986
2010-11,2011-06,7.0,7.0,43954.8447325,43954.8447325
2010-11,2011-07,17.0,13.0,118213.42657,118213.42657
2010-11,2011-08,4.0,3.0,17641.744673999998,17641.744673999998
2010-11,2011-09,17.0,16.0,134738.06429299997,134738.06429299997
2010-11,2011-10,7.0,7.0,81593.56308600001,81593.56308600001
2010-11,2011-11,7.0,6.0,68857.368458,68857.368458
2010-11,2011-12,10.0,9.0,66183.704621,66183.704621
2010-11,2012-01,10.0,9.0,44415.78521600001,44415.78521600001
2010-11,2012-02,6.0,6.0,49702.628952,49702.628952
2010-11,2012-03,5.0,5.0,23982.714815500003,23982.714815500003
2010-11,2012-04,6.0,6.0,33908.253128,33908.253128
2010-11,2012-05,7.0,6.0,41327.655719999995,41327.655719999995
2010-11,2012-06,8.0,7.0,51960.825085,51960.825085
2010-11,2012-07,5.0,3.0,103683.17448300001,103683.17448300001
2010-11,2012-08,6.0,5.0,179227.75366400002,179227.75366400002
2010-11,2012-09,3.0,2.0,8722.966435,8722.966435
2010-11,2012-10,3.0,2.0,10604.808433,10604.808433
2010-11,2012-11,6.0,4.0,164364.10873,164364.10873
2010-11,2012-12,4.0,2.0,107412.331328,107412.331328
2010-11,2013-01,5.0,5.0,742994.1619,742994.1619
2010-11,2013-02,10.0,9.0,837770.60378,837770.60378
2010-11,2013-03,16.0,10.0,1071114.186645,1071114.186645
2010-11,2013-04,13.0,9.0,1679699.3481700001,1679699.3481700001
2010-11,2013-05,11.0,9.0,1453991.81096,1453991.81096
2010-11,2013-06,16.0,12.0,1434503.102589,1434503.102589
2010-11,2013-07,7.0,6.0,1034120.29767,1034120.29767
2010-11,2013-08,16.0,14.0,1840725.526154,1840725.526154
2010-11,2013-09,11.0,7.0,1182615.1318609999,1182615.1318609999
2010-11,2013-10,9.0,4.0,406848.57287699997,406848.57287699997
2010-11,2013-11,2.0,2.0,288033.095043,288033.095043
2010-11,2013-12,2.0,2.0,87327.86403400001,87327.86403400001
2010-11,2014-01,3.0,2.0,26000.0,26000.0
2010-11,2014-03,2.0,2.0,26874.23639,26874.23639
2010-11,2014-04,2.0,2.0,13346.599930999999,13346.599930999999
2010-11,2014-05,1.0,1.0,7000.0,7000.0
2010-11,2014-06,1.0,1.0,3680.915304,3680.915304
2010-11,2014-07,2.0,2.0,9017.822676,9017.822676
2010-11,2014-08,3.0,3.0,18499.732483,18499.732483
2010-11,2014-09,2.0,2.0,6048.281773000001,6048.281773000001
2010-11,2014-12,1.0,1.0,14000.0,14000.0
2010-11,2015-04,1.0,,,
2010-11,2015-09,1.0,1.0,9288.538907,9288.538907
2010-11,2015-10,1.0,1.0,4540.820261,4540.820261
2010-11,2016-09,1.0,1.0,5918.473408,5918.473408
2010-11,2016-12,1.0,1.0,5852.411423,5852.411423
2010-12,2010-12,4.0,1.0,9285.681508,9285.681508
2010-12,2011-01,7.0,6.0,43825.088182,43825.088182
2010-12,2011-02,7.0,7.0,48905.409104,48905.409104
2010-12,2011-03,5.0,5.0,37689.202933,37689.202933
2010-12,2011-04,14.0,13.0,102937.373623,102937.373623
2010-12,2011-05,13.0,12.0,98914.82812499999,98914.82812499999
2010-12,2011-06,6.0,5.0,24866.429217,24866.429217
2010-12,2011-07,10.0,10.0,65735.94722599999,65735.94722599999
2010-12,2011-08,8.0,8.0,50994.07221720001,50994.07221720001
2010-12,2011-09,13.0,11.0,61377.39361,61377.39361
2010-12,2011-10,8.0,6.0,44917.046075,44917.046075
2010-12,2011-11,9.0,9.0,70154.970776,70154.970776
2010-12,2011-12,8.0,8.0,84948.409251,84948.409251
2010-12,2012-01,11.0,9.0,80005.19985,80005.19985
2010-12,2012-02,3.0,3.0,28542.682082,28542.682082
2010-12,2012-03,4.0,4.0,20360.29544,20360.29544
2010-12,2012-04,7.0,7.0,57386.22917099999,57386.22917099999
2010-12,2012-05,3.0,3.0,15402.1163009,15402.1163009
2010-12,2012-06,8.0,7.0,47951.58106899999,47951.58106899999
2010-12,2012-07,4.0,4.0,25239.0655843,25239.0655843
2010-12,2012-08,6.0,5.0,33978.035586,33978.035586
2010-12,2012-09,3.0,2.0,22445.07583,22445.07583
2010-12,2012-10,4.0,3.0,21119.590021,21119.590021
2010-12,2012-11,9.0,7.0,207837.87985499998,207837.87985499998
2010-12,2012-12,4.0,3.0,121934.1975,121934.1975
2010-12,2013-01,8.0,7.0,324825.423628,324825.423628
2010-12,2013-02,4.0,4.0,407463.69357,407463.69357
2010-12,2013-03,12.0,9.0,330809.576639,330809.576639
2010-12,2013-04,14.0,8.0,662784.260184,662784.260184
2010-12,2013-05,12.0,12.0,1721911.6292410002,1721911.6292410002
2010-12,2013-06,12.0,7.0,1138234.18808,1138234.18808
2010-12,2013-07,16.0,12.0,2262072.07361,2262072.07361
2010-12,2013-08,20.0,15.0,2831710.691601,2831710.691601
2010-12,2013-09,12.0,7.0,969171.9963199999,969171.9963199999
2010-12,2013-10,8.0,7.0,1047853.583341,1047853.583341
2010-12,2013-11,8.0,7.0,1058923.338967,1058923.338967
2010-12,2013-12,6.0,4.0,408006.823938,408006.823938
2010-12,2014-01,2.0,2.0,16287.873276999999,16287.873276999999
2010-12,2014-03,1.0,1.0,12215.18046,12215.18046
2010-12,2014-05,1.0,1.0,3321.4126920000003,3321.4126920000003
2010-12,2014-07,1.0,1.0,19000.0,19000.0
2010-12,2014-12,2.0,2.0,31540.16347,31540.16347
2010-12,2015-01,1.0,1.0,8365.787771,8365.787771
2010-12,2015-03,1.0,1.0,2020.399389,2020.399389
2010-12,2015-04,1.0,1.0,611.7866746000001,611.7866746000001
2010-12,2015-10,1.0,1.0,11588.7797,11588.7797
2010-12,2016-05,1.0,1.0,5786.159693,5786.159693
2011-01,2011-02,3.0,3.0,19101.745807,19101.745807
2011-01,2011-03,3.0,3.0,22058.748558,22058.748558
2011-01,2011-04,6.0,6.0,31798.839849,31798.839849
2011-01,2011-05,4.0,4.0,34433.01485,34433.01485
2011-01,2011-06,5.0,5.0,34721.871769000005,34721.871769000005
2011-01,2011-07,11.0,11.0,53086.023873000006,53086.023873000006
2011-01,2011-08,12.0,10.0,78795.304171,78795.304171
2011-01,2011-09,8.0,8.0,64391.083518,64391.083518
2011-01,2011-10,13.0,11.0,81982.496757,81982.496757
2011-01,2011-11,9.0,9.0,83995.7358,83995.7358
2011-01,2011-12,3.0,3.0,16267.252602999999,16267.252602999999
2011-01,2012-01,11.0,9.0,77691.244093,77691.244093
2011-01,2012-02,8.0,7.0,51460.26505,51460.26505
2011-01,2012-03,7.0,7.0,64247.43036499999,64247.43036499999
2011-01,2012-04,10.0,10.0,199912.739315,199912.739315
2011-01,2012-05,5.0,5.0,20660.803284700003,20660.803284700003
2011-01,2012-06,8.0,7.0,50501.5461845,50501.5461845
2011-01,2012-07,1.0,1.0,19000.0,19000.0
2011-01,2012-08,5.0,5.0,31820.660862,31820.660862
2011-01,2012-09,4.0,3.0,21083.628600000004,21083.628600000004
2011-01,2012-10,8.0,7.0,31136.293329,31136.293329
2011-01,2012-11,1.0,1.0,14000.0,14000.0
2011-01,2012-12,6.0,4.0,136816.640755,136816.640755
2011-01,2013-01,6.0,5.0,307147.828397,307147.828397
2011-01,2013-02,8.0,6.0,780522.557152,780522.557152
2011-01,2013-03,9.0,8.0,573197.373269,573197.373269
2011-01,2013-04,16.0,11.0,708264.582498,708264.582498
2011-01,2013-05,13.0,9.0,842752.0545010001,842752.0545010001
2011-01,2013-06,15.0,12.0,1432778.4201480001,1432778.4201480001
2011-01,2013-07,18.0,10.0,567233.758529,567233.758529
2011-01,2013-08,18.0,11.0,2120804.400132,2120804.400132
2011-01,2013-09,14.0,11.0,2072713.3336900002,2072713.3336900002
2011-01,2013-10,18.0,16.0,2794436.33844,2794436.33844
2011-01,2013-11,2.0,1.0,3941.954895,3941.954895
2011-01,2013-12,6.0,4.0,666229.9119000001,666229.9119000001
2011-01,2014-01,5.0,4.0,470287.33354099997,470287.33354099997
2011-01,2014-02,1.0,,,
2011-01,2014-03,2.0,2.0,187309.998919,187309.998919
2011-01,2014-05,2.0,1.0,9760.246018,9760.246018
2011-01,2014-07,1.0,1.0,7000.0,7000.0
2011-01,2014-10,2.0,2.0,23531.12847,23531.12847
2011-01,2014-11,2.0,2.0,11570.624788,11570.624788
2011-01,2014-12,1.0,1.0,7063.793841,7063.793841
2011-01,2015-01,1.0,1.0,2627.2630710000003,2627.2630710000003
2011-01,2015-03,1.0,1.0,14444.44285,14444.44285
2011-01,2015-12,1.0,1.0,3298.677356,3298.677356
2011-01,2017-10,1.0,1.0,4214.101320000001,4214.101320000001
2011-02,2011-02,1.0,1.0,5831.889082,5831.889082
2011-02,2011-03,5.0,5.0,22221.765097700005,22221.765097700005
2011-02,2011-04,7.0,7.0,59013.584281999996,59013.584281999996
2011-02,2011-05,14.0,12.0,102052.116325,102052.116325
2011-02,2011-06,12.0,12.0,88979.925292,88979.925292
2011-02,2011-07,12.0,10.0,71983.78029099999,71983.78029099999
2011-02,2011-08,10.0,8.0,62609.409361000005,62609.409361000005
2011-02,2011-09,8.0,7.0,28725.738316000003,28725.738316000003
2011-02,2011-10,10.0,9.0,59946.884887,59946.884887
2011-02,2011-11,11.0,11.0,94850.64655099998,94850.64655099998
2011-02,2011-12,9.0,7.0,53086.170635999995,53086.170635999995
2011-02,2012-01,11.0,11.0,70286.081398,70286.081398
2011-02,2012-02,12.0,9.0,98702.080702,98702.080702
2011-02,2012-03,8.0,8.0,44096.474372,44096.474372
2011-02,2012-04,6.0,6.0,55187.15453999999,55187.15453999999
2011-02,2012-05,4.0,3.0,26581.676782,26581.676782
2011-02,2012-06,8.0,8.0,95937.958816,95937.958816
2011-02,2012-07,7.0,7.0,41583.993471999995,41583.993471999995
2011-02,2012-08,3.0,2.0,20694.844270999998,20694.844270999998
2011-02,2012-09,9.0,9.0,90756.063667,90756.063667
2011-02,2012-10,8.0,7.0,108093.609125,108093.609125
2011-02,2012-11,3.0,2.0,31138.05456,31138.05456
2011-02,2012-12,6.0,6.0,50241.287905,50241.287905
2011-02,2013-01,6.0,5.0,214935.495217,214935.495217
2011-02,2013-02,4.0,4.0,552652.351195,552652.351195
2011-02,2013-03,4.0,4.0,32684.175375,32684.175375
2011-02,2013-04,6.0,3.0,292662.000946,292662.000946
2011-02,2013-05,8.0,8.0,786373.0307219999,786373.0307219999
2011-02,2013-06,12.0,9.0,1711028.93571,1711028.93571
2011-02,2013-07,10.0,3.0,356228.05777,356228.05777
2011-02,2013-08,22.0,14.0,1403295.8548780004,1403295.8548780004
2011-02,2013-09,14.0,11.0,1071774.593771,1071774.593771
2011-02,2013-10,15.0,13.0,1845701.69992,1845701.69992
2011-02,2013-11,11.0,9.0,1759432.3175899999,1759432.3175899999
2011-02,2013-12,11.0,8.0,1283204.426491,1283204.426491
2011-02,2014-01,2.0,1.0,280000.0,280000.0
2011-02,2014-02,6.0,3.0,290332.364159,290332.364159
2011-02,2014-03,1.0,1.0,14000.0,14000.0
2011-02,2014-04,3.0,3.0,22621.874062,22621.874062
2011-02,2014-05,1.0,1.0,3596.4153060000003,3596.4153060000003
2011-02,2014-06,2.0,2.0,19996.016242,19996.016242
2011-02,2014-07,1.0,1.0,2785.36302,2785.36302
2011-02,2014-08,4.0,4.0,39711.348341000004,39711.348341000004
2011-02,2014-10,1.0,,,
2011-02,2015-05,1.0,1.0,3937.688022,3937.688022
2011-02,2015-07,1.0,1.0,7540.652403,7540.652403
2011-02,2015-08,1.0,1.0,13714.92515,13714.92515
2011-02,2016-09,1.0,1.0,4909.93844,4909.93844
2011-02,2016-12,1.0,1.0,6615.411381,6615.411381
2011-02,2017-02,1.0,1.0,5472.33611,5472.33611
2011-03,2011-03,1.0,1.0,16123.8184,16123.8184
2011-03,2011-04,2.0,2.0,11547.176626,11547.176626
2011-03,2011-05,9.0,8.0,78584.749433,78584.749433
2011-03,2011-06,10.0,10.0,80359.99971099998,80359.99971099998
2011-03,2011-07,9.0,9.0,76785.920314,76785.920314
2011-03,2011-08,7.0,6.0,40892.051237,40892.051237
2011-03,2011-09,14.0,13.0,64558.5049043,64558.5049043
2011-03,2011-10,13.0,13.0,97603.352837,97603.352837
2011-03,2011-11,8.0,7.0,49734.437643,49734.437643
2011-03,2011-12,7.0,7.0,49635.183507,49635.183507
2011-03,2012-01,9.0,8.0,52781.12120999999,52781.12120999999
2011-03,2012-02,7.0,7.0,49518.119771,49518.119771
2011-03,2012-03,12.0,10.0,81838.119493,81838.119493
2011-03,2012-04,4.0,4.0,39993.340779,39993.340779
2011-03,2012-05,11.0,8.0,55166.66892200001,55166.66892200001
2011-03,2012-06,12.0,12.0,104468.62090400001,104468.62090400001
2011-03,2012-07,8.0,7.0,66113.472829,66113.472829
2011-03,2012-08,6.0,6.0,64707.72313,64707.72313
2011-03,2012-09,3.0,2.0,21522.214871,21522.214871
2011-03,2012-10,1.0,1.0,7000.0,7000.0
2011-03,2012-11,3.0,3.0,15218.965209,15218.965209
2011-03,2012-12,9.0,7.0,53781.369118,53781.369118
2011-03,2013-01,3.0,2.0,14781.123827000001,14781.123827000001
2011-03,2013-02,5.0,5.0,47197.345053,47197.345053
2011-03,2013-03,2.0,1.0,3756.695858,3756.695858
2011-03,2013-04,5.0,4.0,384044.841893,384044.841893
2011-03,2013-05,10.0,3.0,295043.26709,295043.26709
2011-03,2013-06,5.0,4.0,341118.067411,341118.067411
2011-03,2013-07,16.0,13.0,1481043.5723589999,1481043.5723589999
2011-03,2013-08,13.0,9.0,1111211.039656,1111211.039656
2011-03,2013-09,13.0,9.0,799756.042824,799756.042824
2011-03,2013-10,15.0,11.0,1952343.1432800002,1952343.1432800002
2011-03,2013-11,19.0,14.0,1821014.910653,1821014.910653
2011-03,2013-12,17.0,12.0,1671333.945024,1671333.945024
2011-03,2014-01,13.0,10.0,1629986.978694,1629986.978694
2011-03,2014-02,5.0,5.0,360188.155932,360188.155932
2011-03,2014-03,2.0,2.0,460000.0,460000.0
2011-03,2014-04,1.0,1.0,7000.0,7000.0
2011-03,2014-05,1.0,1.0,2661.620773,2661.620773
2011-03,2014-06,1.0,,,
2011-03,2015-01,1.0,1.0,13008.44427,13008.44427
2011-03,2015-07,1.0,1.0,7976.882852,7976.882852
2011-03,2015-09,2.0,2.0,23174.331298999998,23174.331298999998
2011-03,2016-06,1.0,1.0,8594.615119,8594.615119
2011-04,2011-04,3.0,2.0,4838.017331,4838.017331
2011-04,2011-05,5.0,4.0,18276.015557,18276.015557
2011-04,2011-06,10.0,8.0,38873.211612,38873.211612
2011-04,2011-07,9.0,9.0,74909.87437500001,74909.87437500001
2011-04,2011-08,13.0,13.0,133467.166148,133467.166148
2011-04,2011-09,18.0,13.0,97994.55170590001,97994.55170590001
2011-04,2011-10,10.0,9.0,74605.390757,74605.390757
2011-04,2011-11,12.0,12.0,100558.60791299999,100558.60791299999
2011-04,2011-12,14.0,12.0,113995.59782699999,113995.59782699999
2011-04,2012-01,9.0,8.0,55142.466069,55142.466069
2011-04,2012-02,8.0,8.0,55063.41479899999,55063.41479899999
2011-04,2012-03,16.0,14.0,109027.585808,109027.585808
2011-04,2012-04,7.0,5.0,41374.956828,41374.956828
2011-04,2012-05,10.0,10.0,59965.590541000005,59965.590541000005
2011-04,2012-06,3.0,3.0,16181.648238,16181.648238
2011-04,2012-07,13.0,12.0,116008.056058,116008.056058
2011-04,2012-08,8.0,7.0,56875.05845899999,56875.05845899999
2011-04,2012-09,3.0,2.0,18458.051543,18458.051543
2011-04,2012-10,6.0,6.0,45387.287379999994,45387.287379999994
2011-04,2012-11,1.0,1.0,6010.078475,6010.078475
2011-04,2012-12,3.0,3.0,11885.020319,11885.020319
2011-04,2013-01,6.0,5.0,189521.07236,189521.07236
2011-04,2013-02,2.0,2.0,185862.057253,185862.057253
2011-04,2013-03,2.0,2.0,15394.413031,15394.413031
2011-04,2013-04,3.0,2.0,97419.208827,97419.208827
2011-04,2013-05,9.0,9.0,762030.875256,762030.875256
2011-04,2013-06,11.0,9.0,789440.433602,789440.433602
2011-04,2013-07,15.0,9.0,712546.4582580001,712546.4582580001
2011-04,2013-08,12.0,7.0,503954.3443059999,503954.3443059999
2011-04,2013-09,10.0,7.0,758024.3757900001,758024.3757900001
2011-04,2013-10,16.0,13.0,1547379.7617219999,1547379.7617219999
2011-04,2013-11,12.0,8.0,1550554.5277000002,1550554.5277000002
2011-04,2013-12,14.0,9.0,1553318.28287,1553318.28287
2011-04,2014-01,13.0,10.0,1708028.9228019998,1708028.9228019998
2011-04,2014-02,9.0,6.0,889110.75851,889110.75851
2011-04,2014-03,5.0,3.0,796836.1246,796836.1246
2011-04,2014-04,3.0,3.0,625710.6009,625710.6009
2011-04,2014-05,3.0,3.0,295543.038203,295543.038203
2011-04,2014-07,2.0,2.0,8153.407517,8153.407517
2011-04,2014-08,1.0,1.0,7193.050268000001,7193.050268000001
2011-04,2014-09,1.0,1.0,7000.0,7000.0
2011-04,2014-10,2.0,,,
2011-04,2015-02,1.0,1.0,10262.64398,10262.64398
2011-04,2015-03,2.0,2.0,11558.500501,11558.500501
2011-04,2015-11,1.0,1.0,7000.0,7000.0
2011-04,2016-03,2.0,2.0,15523.5581989,15523.5581989
2011-04,2016-07,1.0,1.0,2466.606688,2466.606688
2011-04,2017-07,1.0,1.0,2975.9086,2975.9086
2011-05,2011-06,4.0,4.0,25969.252116000003,25969.252116000003
2011-05,2011-07,8.0,6.0,52205.891363,52205.891363
2011-05,2011-08,9.0,9.0,75920.40982,75920.40982
2011-05,2011-09,14.0,13.0,86002.840857,86002.840857
2011-05,2011-10,11.0,7.0,48296.867439,48296.867439
2011-05,2011-11,17.0,17.0,132399.71667599998,132399.71667599998
2011-05,2011-12,9.0,9.0,44984.075163199996,44984.075163199996
2011-05,2012-01,13.0,11.0,79430.716583,79430.716583
2011-05,2012-02,4.0,4.0,34864.47335,34864.47335
2011-05,2012-03,10.0,10.0,58489.501636,58489.501636
2011-05,2012-04,9.0,7.0,77990.38828099999,77990.38828099999
2011-05,2012-05,7.0,7.0,51499.862205,51499.862205
2011-05,2012-06,8.0,8.0,65661.09972500001,65661.09972500001
2011-05,2012-07,4.0,3.0,19859.117354,19859.117354
2011-05,2012-08,4.0,3.0,18959.854508,18959.854508
2011-05,2012-09,5.0,5.0,44336.647739,44336.647739
2011-05,2012-10,14.0,13.0,76471.68602,76471.68602
2011-05,2012-11,8.0,7.0,48078.713556,48078.713556
2011-05,2012-12,3.0,3.0,35264.648959,35264.648959
2011-05,2013-01,6.0,5.0,24888.339123,24888.339123
2011-05,2013-02,1.0,1.0,2579.231281,2579.231281
2011-05,2013-03,6.0,4.0,34697.435353,34697.435353
2011-05,2013-04,4.0,3.0,17711.14568,17711.14568
2011-05,2013-05,6.0,5.0,35680.715759,35680.715759
2011-05,2013-06,6.0,5.0,407425.543317,407425.543317
2011-05,2013-07,12.0,10.0,946282.196245,946282.196245
2011-05,2013-08,8.0,7.0,733339.511957,733339.511957
2011-05,2013-09,11.0,7.0,818177.5589339999,818177.5589339999
2011-05,2013-10,10.0,7.0,957399.485705,957399.485705
2011-05,2013-11,8.0,5.0,454578.703825,454578.703825
2011-05,2013-12,14.0,9.0,1532313.2221,1532313.2221
2011-05,2014-01,15.0,12.0,1702521.790816,1702521.790816
2011-05,2014-02,10.0,5.0,522397.85762699996,522397.85762699996
2011-05,2014-03,18.0,10.0,1268910.8646200001,1268910.8646200001
2011-05,2014-04,8.0,5.0,890881.2159000001,890881.2159000001
2011-05,2014-05,7.0,6.0,986396.561892,986396.561892
2011-05,2014-06,2.0,2.0,12218.967714,12218.967714
2011-05,2014-07,2.0,2.0,192239.93995,192239.93995
2011-05,2014-08,1.0,,,
2011-05,2014-10,1.0,1.0,5144.422546,5144.422546
2011-05,2014-12,1.0,1.0,7000.0,7000.0
2011-05,2015-01,1.0,1.0,7000.0,7000.0
2011-05,2015-03,1.0,1.0,5608.026086,5608.026086
2011-05,2015-08,2.0,2.0,12693.00003,12693.00003
2011-05,2017-01,1.0,1.0,4287.447633,4287.447633
2011-05,2017-12,1.0,1.0,5136.244393999999,5136.244393999999
2011-06,2011-07,8.0,8.0,52177.772742,52177.772742
2011-06,2011-08,11.0,9.0,105005.159896,105005.159896
2011-06,2011-09,7.0,6.0,55605.73595,55605.73595
2011-06,2011-10,8.0,8.0,44156.968446,44156.968446
2011-06,2011-11,12.0,10.0,67981.206576,67981.206576
2011-06,2011-12,12.0,12.0,87333.105287,87333.105287
2011-06,2012-01,12.0,10.0,73448.61971900001,73448.61971900001
2011-06,2012-02,9.0,9.0,97708.56024,97708.56024
2011-06,2012-03,8.0,8.0,65080.699263,65080.699263
2011-06,2012-04,14.0,14.0,115427.194065,115427.194065
2011-06,2012-05,8.0,7.0,54049.926535,54049.926535
2011-06,2012-06,4.0,4.0,30028.707526,30028.707526
2011-06,2012-07,8.0,7.0,34389.72514,34389.72514
2011-06,2012-08,6.0,6.0,26972.362058000006,26972.362058000006
2011-06,2012-09,11.0,11.0,111475.35502,111475.35502
2011-06,2012-10,4.0,4.0,48477.259968,48477.259968
2011-06,2012-11,9.0,8.0,53834.947383000006,53834.947383000006
2011-06,2012-12,6.0,5.0,56073.606982,56073.606982
2011-06,2013-01,5.0,3.0,28000.0,28000.0
2011-06,2013-02,7.0,6.0,30427.638510999997,30427.638510999997
2011-06,2013-03,3.0,2.0,10156.505522,10156.505522
2011-06,2013-04,2.0,2.0,12406.361812,12406.361812
2011-06,2013-05,4.0,4.0,364963.749948,364963.749948
2011-06,2013-06,3.0,3.0,189160.002315,189160.002315
2011-06,2013-07,8.0,5.0,342741.067263,342741.067263
2011-06,2013-08,7.0,6.0,315752.865583,315752.865583
2011-06,2013-09,15.0,13.0,1245582.546187,1245582.546187
2011-06,2013-10,9.0,7.0,865919.4237190001,865919.4237190001
2011-06,2013-11,14.0,7.0,626186.8892239999,626186.8892239999
2011-06,2013-12,12.0,7.0,520232.732125,520232.732125
2011-06,2014-01,9.0,8.0,1404634.9505339998,1404634.9505339998
2011-06,2014-02,10.0,6.0,1095329.8678,1095329.8678
2011-06,2014-03,16.0,11.0,1570127.2829379998,1570127.2829379998
2011-06,2014-04,14.0,11.0,2213282.3215900003,2213282.3215900003
2011-06,2014-05,7.0,6.0,783245.7579699999,783245.7579699999
2011-06,2014-06,3.0,2.0,292300.06025,292300.06025
2011-06,2014-07,5.0,4.0,162686.880977,162686.880977
2011-06,2014-08,1.0,1.0,7586.484551,7586.484551
2011-06,2014-09,2.0,2.0,10843.360516,10843.360516
2011-06,2014-10,1.0,1.0,7047.563531,7047.563531
2011-06,2015-01,1.0,1.0,7760.461307,7760.461307
2011-06,2015-02,1.0,1.0,6719.285484999999,6719.285484999999
2011-06,2015-03,1.0,1.0,12528.21179,12528.21179
2011-06,2015-04,1.0,1.0,4625.04866,4625.04866
2011-06,2016-01,1.0,1.0,7000.0,7000.0
2011-06,2016-02,1.0,1.0,7000.0,7000.0
2011-06,2016-07,1.0,1.0,5137.577416,5137.577416
2011-06,2016-08,1.0,1.0,5823.7392740000005,5823.7392740000005
2011-07,2011-07,4.0,4.0,20445.923122,20445.923122
2011-07,2011-08,4.0,4.0,33800.496638,33800.496638
2011-07,2011-09,5.0,5.0,36778.643062,36778.643062
2011-07,2011-10,12.0,9.0,62020.919834,62020.919834
2011-07,2011-11,12.0,12.0,76483.993276,76483.993276
2011-07,2011-12,6.0,6.0,42173.504177,42173.504177
2011-07,2012-01,16.0,15.0,123755.837699,123755.837699
2011-07,2012-02,13.0,13.0,116810.409117,116810.409117
2011-07,2012-03,13.0,9.0,51912.021343,51912.021343
2011-07,2012-04,10.0,8.0,68141.750828,68141.750828
2011-07,2012-05,9.0,9.0,59483.032341,59483.032341
2011-07,2012-06,8.0,7.0,53960.753757,53960.753757
2011-07,2012-07,7.0,7.0,62606.288809000005,62606.288809000005
2011-07,2012-08,8.0,8.0,39396.114149,39396.114149
2011-07,2012-09,5.0,4.0,57144.595733,57144.595733
2011-07,2012-10,9.0,9.0,62761.565627,62761.565627
2011-07,2012-11,3.0,3.0,21000.0,21000.0
2011-07,2012-12,6.0,3.0,232423.554,232423.554
2011-07,2013-01,9.0,8.0,74306.087959,74306.087959
2011-07,2013-02,7.0,6.0,59840.063597,59840.063597
2011-07,2013-03,3.0,3.0,21220.846378000002,21220.846378000002
2011-07,2013-04,4.0,4.0,25289.946881,25289.946881
2011-07,2013-05,2.0,2.0,16810.223507000002,16810.223507000002
2011-07,2013-06,4.0,4.0,47610.856259,47610.856259
2011-07,2013-07,2.0,2.0,398828.00800000003,398828.00800000003
2011-07,2013-08,5.0,5.0,35769.596838,35769.596838
2011-07,2013-09,5.0,4.0,483800.406279,483800.406279
2011-07,2013-10,3.0,2.0,460000.0,460000.0
2011-07,2013-11,13.0,8.0,1040022.55473,1040022.55473
2011-07,2013-12,13.0,8.0,1479996.8576000002,1479996.8576000002
2011-07,2014-01,19.0,16.0,2458827.62633,2458827.62633
2011-07,2014-02,16.0,11.0,1605228.335056,1605228.335056
2011-07,2014-03,9.0,7.0,1401590.1199,1401590.1199
2011-07,2014-04,15.0,10.0,1149909.281941,1149909.281941
2011-07,2014-05,14.0,10.0,1467896.87421,1467896.87421
2011-07,2014-06,3.0,1.0,181436.3287,181436.3287
2011-07,2014-07,5.0,4.0,438846.577805,438846.577805
2011-07,2014-11,1.0,1.0,7000.0,7000.0
2011-07,2014-12,1.0,1.0,14000.0,14000.0
2011-07,2015-02,1.0,1.0,7000.0,7000.0
2011-07,2015-03,1.0,1.0,1258.004825,1258.004825
2011-07,2015-05,1.0,1.0,14000.0,14000.0
2011-07,2015-08,1.0,,,
2011-07,2015-09,1.0,1.0,10972.50521,10972.50521
2011-07,2015-10,1.0,1.0,5036.1352130000005,5036.1352130000005
2011-07,2016-08,2.0,1.0,12795.39822,12795.39822
2011-07,2016-09,1.0,1.0,7955.808042000001,7955.808042000001
2011-07,2017-02,1.0,1.0,5256.959424000001,5256.959424000001
2011-07,2017-03,1.0,1.0,12648.04763,12648.04763
2011-08,2011-08,1.0,,,
2011-08,2011-09,7.0,7.0,59161.814775000006,59161.814775000006
2011-08,2011-11,9.0,8.0,62204.189414,62204.189414
2011-08,2011-12,15.0,13.0,112883.16388100001,112883.16388100001
2011-08,2012-01,11.0,11.0,85067.940993,85067.940993
2011-08,2012-02,14.0,11.0,97256.67235600001,97256.67235600001
2011-08,2012-03,9.0,9.0,72490.136322,72490.136322
2011-08,2012-04,12.0,9.0,82583.52631500001,82583.52631500001
2011-08,2012-05,9.0,6.0,31353.600807799998,31353.600807799998
2011-08,2012-06,9.0,9.0,78375.84663900001,78375.84663900001
2011-08,2012-07,12.0,10.0,86010.95256800001,86010.95256800001
2011-08,2012-08,8.0,7.0,66634.561297,66634.561297
2011-08,2012-09,8.0,7.0,57518.98930100001,57518.98930100001
2011-08,2012-10,11.0,8.0,54162.676569999996,54162.676569999996
2011-08,2012-11,6.0,6.0,34660.837658000004,34660.837658000004
2011-08,2012-12,9.0,9.0,59445.608393999995,59445.608393999995
2011-08,2013-01,6.0,5.0,32119.425806,32119.425806
2011-08,2013-02,4.0,4.0,43389.607682999995,43389.607682999995
2011-08,2013-03,6.0,6.0,55681.857726999995,55681.857726999995
2011-08,2013-04,2.0,2.0,9339.839442,9339.839442
2011-08,2013-05,3.0,2.0,214066.7742,214066.7742
2011-08,2013-06,8.0,5.0,297297.846428,297297.846428
2011-08,2013-07,3.0,3.0,88791.319262,88791.319262
2011-08,2013-08,7.0,6.0,325215.678008,325215.678008
2011-08,2013-09,7.0,5.0,708204.5759090001,708204.5759090001
2011-08,2013-10,3.0,2.0,10164.164155,10164.164155
2011-08,2013-11,16.0,14.0,1354568.761227,1354568.761227
2011-08,2013-12,14.0,5.0,601397.494622,601397.494622
2011-08,2014-01,10.0,8.0,872568.3127599999,872568.3127599999
2011-08,2014-02,10.0,5.0,817212.4452300001,817212.4452300001
2011-08,2014-03,9.0,9.0,1786097.161479,1786097.161479
2011-08,2014-04,13.0,10.0,1182663.14592,1182663.14592
2011-08,2014-05,9.0,2.0,287000.0,287000.0
2011-08,2014-06,11.0,9.0,1255713.0947047002,1255713.0947047002
2011-08,2014-07,9.0,7.0,986175.7133129999,986175.7133129999
2011-08,2014-08,7.0,4.0,494288.572813,494288.572813
2011-08,2014-09,4.0,4.0,202522.219242,202522.219242
2011-08,2014-10,2.0,2.0,122890.410925,122890.410925
2011-08,2015-01,1.0,,,
2011-08,2015-02,1.0,1.0,4716.121091,4716.121091
2011-08,2015-05,2.0,2.0,7882.063886,7882.063886
2011-08,2015-08,2.0,2.0,21250.428136,21250.428136
2011-08,2015-09,1.0,1.0,5418.267074,5418.267074
2011-08,2015-11,1.0,1.0,6585.960309,6585.960309
2011-08,2016-02,2.0,2.0,26000.0,26000.0
2011-08,2016-06,1.0,,,
2011-08,2017-03,1.0,1.0,5939.021298,5939.021298
2011-08,2017-12,1.0,1.0,7695.563749,7695.563749
2011-09,2011-09,2.0,2.0,8616.989893,8616.989893
2011-09,2011-10,7.0,6.0,32578.435023,32578.435023
2011-09,2011-11,10.0,10.0,70736.158753,70736.158753
2011-09,2011-12,10.0,10.0,87082.46078699999,87082.46078699999
2011-09,2012-01,11.0,9.0,60125.360505000004,60125.360505000004
2011-09,2012-02,6.0,5.0,27877.4740228,27877.4740228
2011-09,2012-03,11.0,11.0,73904.82008199999,73904.82008199999
2011-09,2012-04,6.0,5.0,54655.49336000001,54655.49336000001
2011-09,2012-05,15.0,13.0,92264.152173,92264.152173
2011-09,2012-06,8.0,8.0,49151.793427,49151.793427
2011-09,2012-07,9.0,7.0,41079.843744,41079.843744
2011-09,2012-08,15.0,14.0,92165.770069,92165.770069
2011-09,2012-09,9.0,6.0,55182.434524,55182.434524
2011-09,2012-10,10.0,9.0,59262.32169,59262.32169
2011-09,2012-11,6.0,5.0,45106.463205,45106.463205
2011-09,2012-12,9.0,8.0,64723.035186999994,64723.035186999994
2011-09,2013-01,4.0,4.0,27189.881321,27189.881321
2011-09,2013-02,2.0,2.0,27829.684284000003,27829.684284000003
2011-09,2013-03,4.0,3.0,31078.024798000002,31078.024798000002
2011-09,2013-04,2.0,2.0,23059.735137,23059.735137
2011-09,2013-05,8.0,7.0,59093.352677,59093.352677
2011-09,2013-06,2.0,2.0,11598.732515,11598.732515
2011-09,2013-07,3.0,3.0,154315.421481,154315.421481
2011-09,2013-08,4.0,4.0,87684.952468,87684.952468
2011-09,2013-09,7.0,4.0,23763.934078000002,23763.934078000002
2011-09,2013-10,5.0,4.0,228537.578292,228537.578292
2011-09,2013-11,9.0,7.0,1466564.5766999999,1466564.5766999999
2011-09,2013-12,12.0,8.0,666233.5624200001,666233.5624200001
2011-09,2014-01,8.0,6.0,485564.65827300004,485564.65827300004
2011-09,2014-02,12.0,9.0,646725.387153,646725.387153
2011-09,2014-03,13.0,12.0,1855495.260518,1855495.260518
2011-09,2014-04,12.0,9.0,1201679.8235169998,1201679.8235169998
2011-09,2014-05,17.0,11.0,1587225.84225,1587225.84225
2011-09,2014-06,14.0,11.0,1736464.0690940002,1736464.0690940002
2011-09,2014-07,6.0,6.0,915875.015617,915875.015617
2011-09,2014-08,5.0,4.0,377986.46306700003,377986.46306700003
2011-09,2014-09,6.0,3.0,472591.43296,472591.43296
2011-09,2014-10,7.0,6.0,709757.319256,709757.319256
2011-09,2014-11,3.0,3.0,199160.45984999998,199160.45984999998
2011-09,2014-12,1.0,,,
2011-09,2015-02,1.0,1.0,6706.238915,6706.238915
2011-09,2015-03,1.0,1.0,10323.46151,10323.46151
2011-09,2015-05,2.0,2.0,7900.076806,7900.076806
2011-09,2015-06,1.0,1.0,10937.30137,10937.30137
2011-09,2016-01,1.0,1.0,3717.789818,3717.789818
2011-09,2017-02,1.0,1.0,7730.522604000001,7730.522604000001
2011-10,2011-10,2.0,2.0,11941.597417,11941.597417
2011-10,2011-11,6.0,5.0,42976.694382999995,42976.694382999995
2011-10,2011-12,11.0,8.0,66476.495221,66476.495221
2011-10,2012-01,14.0,13.0,108634.72847200002,108634.72847200002
2011-10,2012-02,17.0,17.0,118899.7684531,118899.7684531
2011-10,2012-03,9.0,8.0,58630.38185400001,58630.38185400001
2011-10,2012-04,6.0,4.0,25855.224600999998,25855.224600999998
2011-10,2012-05,10.0,10.0,61003.670061,61003.670061
2011-10,2012-06,10.0,6.0,38707.826531,38707.826531
2011-10,2012-07,7.0,6.0,57825.646975,57825.646975
2011-10,2012-08,7.0,7.0,37624.21575,37624.21575
2011-10,2012-09,9.0,9.0,68260.779006,68260.779006
2011-10,2012-10,6.0,6.0,51335.00267,51335.00267
2011-10,2012-11,8.0,7.0,56907.898461000004,56907.898461000004
2011-10,2012-12,8.0,8.0,62069.406078,62069.406078
2011-10,2013-01,4.0,4.0,27323.057486,27323.057486
2011-10,2013-02,8.0,7.0,49900.270444,49900.270444
2011-10,2013-03,8.0,7.0,56586.270899,56586.270899
2011-10,2013-04,6.0,6.0,27958.886105,27958.886105
2011-10,2013-05,7.0,5.0,43689.9967,43689.9967
2011-10,2013-06,5.0,4.0,30916.566518,30916.566518
2011-10,2013-07,4.0,4.0,134369.773031,134369.773031
2011-10,2013-08,7.0,7.0,70900.52632100001,70900.52632100001
2011-10,2013-09,5.0,5.0,427051.352345,427051.352345
2011-10,2013-10,3.0,3.0,17708.423205,17708.423205
2011-10,2013-11,6.0,6.0,209408.07111699998,209408.07111699998
2011-10,2013-12,9.0,7.0,1001073.40681,1001073.40681
2011-10,2014-01,8.0,6.0,738825.1944199998,738825.1944199998
2011-10,2014-02,11.0,6.0,629078.00488,629078.00488
2011-10,2014-03,10.0,6.0,623593.265612,623593.265612
2011-10,2014-04,9.0,8.0,1523103.2208000002,1523103.2208000002
2011-10,2014-05,10.0,9.0,1487298.05699,1487298.05699
2011-10,2014-06,11.0,10.0,1729086.231001,1729086.231001
2011-10,2014-07,17.0,11.0,1455774.3641159998,1455774.3641159998
2011-10,2014-08,6.0,6.0,593548.721858,593548.721858
2011-10,2014-09,5.0,3.0,464756.409721,464756.409721
2011-10,2014-10,7.0,6.0,804272.24822,804272.24822
2011-10,2014-11,2.0,1.0,280000.0,280000.0
2011-10,2014-12,3.0,3.0,540000.0,540000.0
2011-10,2015-01,1.0,1.0,7000.0,7000.0
2011-10,2015-02,2.0,2.0,10974.831029,10974.831029
2011-10,2015-04,3.0,3.0,17698.267761,17698.267761
2011-10,2015-05,1.0,1.0,6138.223305,6138.223305
2011-10,2015-09,1.0,1.0,6122.40682,6122.40682
2011-10,2015-10,1.0,1.0,8708.478987999999,8708.478987999999
2011-10,2016-02,1.0,1.0,8864.86743,8864.86743
2011-10,2016-05,1.0,1.0,11169.68909,11169.68909
2011-10,2016-06,1.0,1.0,14000.0,14000.0
2011-10,2016-07,1.0,1.0,982.4485934,982.4485934
2011-10,2016-09,1.0,1.0,9256.567413,9256.567413
2011-10,2016-11,1.0,1.0,3364.271744,3364.271744
2011-10,2016-12,2.0,2.0,7027.8548048,7027.8548048
2011-10,2017-03,1.0,1.0,3246.39194,3246.39194
2011-11,2011-12,3.0,2.0,27553.838792000002,27553.838792000002
2011-11,2012-01,11.0,8.0,77453.06403099999,77453.06403099999
2011-11,2012-02,9.0,8.0,66596.202448,66596.202448
2011-11,2012-03,8.0,6.0,32832.298291,32832.298291
2011-11,2012-04,17.0,16.0,125724.851333,125724.851333
2011-11,2012-05,7.0,6.0,38538.131357,38538.131357
2011-11,2012-06,12.0,10.0,71427.48479,71427.48479
2011-11,2012-07,9.0,8.0,71881.405855,71881.405855
2011-11,2012-08,12.0,11.0,77416.711034,77416.711034
2011-11,2012-09,14.0,11.0,83495.578358,83495.578358
2011-11,2012-10,12.0,11.0,82086.07321900001,82086.07321900001
2011-11,2012-11,4.0,4.0,53557.904753999996,53557.904753999996
2011-11,2012-12,10.0,10.0,122779.41659000001,122779.41659000001
2011-11,2013-01,15.0,14.0,115564.562391,115564.562391
2011-11,2013-02,9.0,7.0,52496.286306,52496.286306
2011-11,2013-03,3.0,3.0,31375.464410000004,31375.464410000004
2011-11,2013-04,8.0,8.0,54544.57625699999,54544.57625699999
2011-11,2013-05,4.0,3.0,11093.620509,11093.620509
2011-11,2013-06,2.0,1.0,4390.058869,4390.058869
2011-11,2013-07,4.0,3.0,19734.269091000002,19734.269091000002
2011-11,2013-08,6.0,4.0,34112.602613999996,34112.602613999996
2011-11,2013-09,6.0,6.0,54214.566239,54214.566239
2011-11,2013-10,4.0,4.0,328181.28180799994,328181.28180799994
2011-11,2013-11,4.0,1.0,6506.687906,6506.687906
2011-11,2013-12,10.0,9.0,692951.304185,692951.304185
2011-11,2014-01,4.0,3.0,306000.0,306000.0
2011-11,2014-02,4.0,1.0,180000.0,180000.0
2011-11,2014-03,10.0,9.0,905786.0881470001,905786.0881470001
2011-11,2014-04,14.0,11.0,1696677.5234339999,1696677.5234339999
2011-11,2014-05,14.0,14.0,1500484.568821,1500484.568821
2011-11,2014-06,6.0,4.0,436549.37211999996,436549.37211999996
2011-11,2014-07,10.0,4.0,1020000.0,1020000.0
2011-11,2014-08,16.0,11.0,2102092.884864,2102092.884864
2011-11,2014-09,5.0,4.0,721185.40385,721185.40385
2011-11,2014-10,5.0,4.0,457186.476458,457186.476458
2011-11,2014-11,6.0,5.0,1022334.467064,1022334.467064
2011-11,2014-12,2.0,2.0,13941.497041999999,13941.497041999999
2011-11,2015-01,3.0,3.0,298232.930167,298232.930167
2011-11,2015-06,1.0,1.0,11442.94328,11442.94328
2011-11,2015-07,1.0,1.0,5265.715036,5265.715036
2011-11,2015-09,1.0,1.0,7919.543737999999,7919.543737999999
2011-11,2015-10,1.0,1.0,12383.51158,12383.51158
2011-11,2016-03,2.0,2.0,14037.120994,14037.120994
2011-11,2016-05,1.0,1.0,2773.373054,2773.373054
2011-11,2017-05,1.0,1.0,8618.973329,8618.973329
2011-12,2012-01,2.0,2.0,26987.34822,26987.34822
2011-12,2012-02,6.0,5.0,36725.066131,36725.066131
2011-12,2012-03,9.0,8.0,65131.012099,65131.012099
2011-12,2012-04,16.0,14.0,121637.674317,121637.674317
2011-12,2012-05,6.0,5.0,46415.03114399999,46415.03114399999
2011-12,2012-06,16.0,14.0,131297.05006799998,131297.05006799998
2011-12,2012-07,6.0,6.0,39386.493171,39386.493171
2011-12,2012-08,20.0,19.0,163304.077122,163304.077122
2011-12,2012-09,10.0,9.0,51491.366378900006,51491.366378900006
2011-12,2012-10,8.0,7.0,51216.063248000006,51216.063248000006
2011-12,2012-11,12.0,12.0,110876.51975800001,110876.51975800001
2011-12,2012-12,8.0,7.0,60451.238178,60451.238178
2011-12,2013-01,11.0,8.0,66896.023982,66896.023982
2011-12,2013-02,2.0,2.0,18339.79451,18339.79451
2011-12,2013-03,6.0,5.0,33680.306083999996,33680.306083999996
2011-12,2013-04,6.0,6.0,49559.547575,49559.547575
2011-12,2013-05,5.0,5.0,151284.595539,151284.595539
2011-12,2013-06,8.0,8.0,68937.77646,68937.77646
2011-12,2013-07,4.0,3.0,23613.881337,23613.881337
2011-12,2013-08,7.0,7.0,43469.214981,43469.214981
2011-12,2013-09,6.0,5.0,43022.547881000006,43022.547881000006
2011-12,2013-10,2.0,1.0,13687.16176,13687.16176
2011-12,2013-11,5.0,5.0,32181.387829000003,32181.387829000003
2011-12,2013-12,5.0,4.0,34532.2189732,34532.2189732
2011-12,2014-01,4.0,4.0,635143.55351,635143.55351
2011-12,2014-02,7.0,6.0,357957.758838,357957.758838
2011-12,2014-03,6.0,5.0,561267.387657,561267.387657
2011-12,2014-04,10.0,8.0,925680.3454500001,925680.3454500001
2011-12,2014-05,9.0,6.0,917742.41342,917742.41342
2011-12,2014-06,11.0,11.0,809619.903216,809619.903216
2011-12,2014-07,11.0,7.0,1192408.010278,1192408.010278
2011-12,2014-08,16.0,13.0,1474780.5180199998,1474780.5180199998
2011-12,2014-09,14.0,10.0,1613872.0585399999,1613872.0585399999
2011-12,2014-10,11.0,8.0,1158385.46025,1158385.46025
2011-12,2014-11,5.0,5.0,789686.2852409999,789686.2852409999
2011-12,2014-12,6.0,1.0,262857.1351,262857.1351
2011-12,2015-01,1.0,,,
2011-12,2015-02,2.0,1.0,4087.79396,4087.79396
2011-12,2015-03,2.0,1.0,5028.059827,5028.059827
2011-12,2015-04,1.0,1.0,7446.472881000001,7446.472881000001
2011-12,2015-05,1.0,1.0,11388.96666,11388.96666
2011-12,2015-07,1.0,1.0,3093.856628,3093.856628
2011-12,2015-08,2.0,2.0,24620.169257,24620.169257
2011-12,2015-09,2.0,2.0,9858.742829,9858.742829
2011-12,2015-11,3.0,3.0,21840.121847000002,21840.121847000002
2011-12,2016-05,1.0,1.0,13746.57256,13746.57256
2011-12,2016-08,1.0,1.0,18729.54142,18729.54142
2011-12,2016-10,1.0,1.0,4684.31975,4684.31975
2011-12,2016-12,1.0,1.0,7653.603606000001,7653.603606000001
2012-01,2012-02,2.0,1.0,5686.987821,5686.987821
2012-01,2012-03,11.0,11.0,67355.185076,67355.185076
2012-01,2012-04,14.0,13.0,73706.104341,73706.104341
2012-01,2012-05,14.0,13.0,97698.984405,97698.984405
2012-01,2012-06,13.0,13.0,101860.40351300001,101860.40351300001
2012-01,2012-07,10.0,10.0,77918.892198,77918.892198
2012-01,2012-08,14.0,11.0,81173.500394,81173.500394
2012-01,2012-09,14.0,14.0,107159.292439,107159.292439
2012-01,2012-10,10.0,8.0,50326.293533,50326.293533
2012-01,2012-11,7.0,7.0,53676.316681,53676.316681
2012-01,2012-12,7.0,7.0,40227.127996999996,40227.127996999996
2012-01,2013-01,4.0,3.0,17748.312554999997,17748.312554999997
2012-01,2013-02,9.0,9.0,59527.07389,59527.07389
2012-01,2013-03,5.0,4.0,22634.478832,22634.478832
2012-01,2013-04,6.0,6.0,27117.474049,27117.474049
2012-01,2013-05,4.0,3.0,15790.275602000002,15790.275602000002
2012-01,2013-06,4.0,2.0,11314.130695999998,11314.130695999998
2012-01,2013-07,9.0,9.0,53149.499272,53149.499272
2012-01,2013-08,7.0,5.0,62974.760603999996,62974.760603999996
2012-01,2013-09,4.0,2.0,21551.91217,21551.91217
2012-01,2013-10,7.0,6.0,237811.617138,237811.617138
2012-01,2013-11,5.0,5.0,28850.029405999998,28850.029405999998
2012-01,2013-12,2.0,2.0,280546.7604,280546.7604
2012-01,2014-01,3.0,3.0,27265.780933000002,27265.780933000002
2012-01,2014-02,6.0,4.0,203545.248844,203545.248844
2012-01,2014-03,7.0,6.0,241884.931674,241884.931674
2012-01,2014-04,11.0,8.0,949590.9913510001,949590.9913510001
2012-01,2014-05,8.0,5.0,502131.41235600004,502131.41235600004
2012-01,2014-06,9.0,7.0,982741.894357,982741.894357
2012-01,2014-07,10.0,7.0,792944.2359259999,792944.2359259999
2012-01,2014-08,14.0,12.0,1743565.3125830002,1743565.3125830002
2012-01,2014-09,17.0,13.0,1501577.7813280001,1501577.7813280001
2012-01,2014-10,13.0,12.0,1448706.831769,1448706.831769
2012-01,2014-11,8.0,5.0,1090912.9483999999,1090912.9483999999
2012-01,2014-12,11.0,7.0,1032091.1825000001,1032091.1825000001
2012-01,2015-01,2.0,1.0,229830.8309,229830.8309
2012-01,2015-02,2.0,2.0,32897.96514,32897.96514
2012-01,2015-03,6.0,6.0,210187.444809,210187.444809
2012-01,2015-05,3.0,2.0,6935.861288,6935.861288
2012-01,2015-07,1.0,1.0,11842.39943,11842.39943
2012-01,2015-08,1.0,1.0,1800.391829,1800.391829
2012-01,2015-11,2.0,1.0,5817.172995,5817.172995
2012-01,2015-12,1.0,1.0,4590.064869,4590.064869
2012-01,2016-04,1.0,1.0,2570.26967,2570.26967
2012-01,2016-07,1.0,1.0,538.1625845,538.1625845
2012-01,2017-03,1.0,1.0,7168.640275,7168.640275
2012-02,2012-02,3.0,2.0,13107.09068,13107.09068
2012-02,2012-03,2.0,2.0,11964.404464,11964.404464
2012-02,2012-04,6.0,5.0,37433.809207,37433.809207
2012-02,2012-05,15.0,14.0,101063.67772800001,101063.67772800001
2012-02,2012-06,17.0,14.0,107159.733739,107159.733739
2012-02,2012-07,9.0,7.0,73314.50669,73314.50669
2012-02,2012-08,16.0,16.0,177819.26205900003,177819.26205900003
2012-02,2012-09,9.0,9.0,68495.076419,68495.076419
2012-02,2012-10,11.0,10.0,68032.010558,68032.010558
2012-02,2012-11,9.0,7.0,46982.62499899999,46982.62499899999
2012-02,2012-12,12.0,10.0,69817.752273,69817.752273
2012-02,2013-01,21.0,21.0,169090.300598,169090.300598
2012-02,2013-02,10.0,9.0,77516.414134,77516.414134
2012-02,2013-03,6.0,5.0,47279.055237,47279.055237
2012-02,2013-04,7.0,6.0,41626.38398,41626.38398
2012-02,2013-05,10.0,8.0,72146.541374,72146.541374
2012-02,2013-06,7.0,6.0,55607.024873,55607.024873
2012-02,2013-07,9.0,8.0,42952.665672999996,42952.665672999996
2012-02,2013-08,4.0,3.0,27288.74685,27288.74685
2012-02,2013-09,7.0,6.0,142388.627573,142388.627573
2012-02,2013-10,4.0,4.0,27002.323425,27002.323425
2012-02,2013-11,2.0,2.0,11775.067151,11775.067151
2012-02,2013-12,1.0,1.0,9964.809632,9964.809632
2012-02,2014-01,9.0,8.0,124538.63750099999,124538.63750099999
2012-02,2014-02,1.0,1.0,9766.997926,9766.997926
2012-02,2014-03,4.0,3.0,201014.151622,201014.151622
2012-02,2014-04,6.0,5.0,263146.648941,263146.648941
2012-02,2014-05,6.0,4.0,507006.90078,507006.90078
2012-02,2014-06,14.0,12.0,977008.5410089999,977008.5410089999
2012-02,2014-07,18.0,16.0,2611019.043895,2611019.043895
2012-02,2014-08,15.0,11.0,1286635.064365,1286635.064365
2012-02,2014-09,13.0,8.0,1096406.26058,1096406.26058
2012-02,2014-10,13.0,11.0,1849331.572607,1849331.572607
2012-02,2014-11,6.0,6.0,1124671.0241,1124671.0241
2012-02,2014-12,12.0,10.0,1318914.921691,1318914.921691
2012-02,2015-01,5.0,5.0,762170.77446,762170.77446
2012-02,2015-02,5.0,3.0,239863.426846,239863.426846
2012-02,2015-03,3.0,2.0,277367.214785,277367.214785
2012-02,2015-04,1.0,1.0,2696.229197,2696.229197
2012-02,2015-05,4.0,2.0,18575.70804,18575.70804
2012-02,2015-06,2.0,1.0,9144.300983,9144.300983
2012-02,2015-07,2.0,2.0,8734.598834,8734.598834
2012-02,2015-08,2.0,2.0,20265.667177,20265.667177
2012-02,2015-09,1.0,1.0,3390.6164700000004,3390.6164700000004
2012-02,2015-10,1.0,1.0,2819.8403120000003,2819.8403120000003
2012-02,2015-11,1.0,1.0,5606.314752,5606.314752
2012-02,2016-02,1.0,,,
2012-02,2016-06,1.0,1.0,3212.691122,3212.691122
2012-02,2016-11,1.0,1.0,3045.597349,3045.597349
2012-02,2017-02,1.0,1.0,3825.673479,3825.673479
2012-02,2017-04,1.0,,,
2012-02,2017-09,1.0,1.0,3424.753653,3424.753653
2012-03,2012-03,1.0,1.0,19000.0,19000.0
2012-03,2012-04,5.0,4.0,36631.237977,36631.237977
2012-03,2012-05,7.0,7.0,44889.06651,44889.06651
2012-03,2012-06,10.0,10.0,63813.66125700001,63813.66125700001
2012-03,2012-07,13.0,13.0,47908.736495900004,47908.736495900004
2012-03,2012-08,8.0,7.0,39941.930834,39941.930834
2012-03,2012-09,15.0,15.0,81028.8193202,81028.8193202
2012-03,2012-10,14.0,13.0,103696.519212,103696.519212
2012-03,2012-11,12.0,12.0,120719.940236,120719.940236
2012-03,2012-12,14.0,12.0,100730.20208189999,100730.20208189999
2012-03,2013-01,16.0,15.0,105606.14216530001,105606.14216530001
2012-03,2013-02,14.0,13.0,101680.875317,101680.875317
2012-03,2013-03,13.0,12.0,96026.839868,96026.839868
2012-03,2013-04,14.0,12.0,99699.068244,99699.068244
2012-03,2013-05,6.0,3.0,30420.695888000002,30420.695888000002
2012-03,2013-06,8.0,8.0,67326.5970017,67326.5970017
2012-03,2013-07,9.0,9.0,55071.502215,55071.502215
2012-03,2013-08,3.0,3.0,11838.219724999999,11838.219724999999
2012-03,2013-09,8.0,7.0,42968.887099,42968.887099
2012-03,2013-10,6.0,6.0,71652.86822100001,71652.86822100001
2012-03,2013-11,7.0,7.0,57593.833058,57593.833058
2012-03,2013-12,4.0,3.0,19359.841482,19359.841482
2012-03,2014-01,2.0,2.0,160813.0302,160813.0302
2012-03,2014-02,4.0,3.0,238833.48046000002,238833.48046000002
2012-03,2014-03,5.0,3.0,254518.222417,254518.222417
2012-03,2014-04,5.0,5.0,211961.105028,211961.105028
2012-03,2014-05,10.0,9.0,1359426.697199,1359426.697199
2012-03,2014-06,7.0,5.0,573394.74872,573394.74872
2012-03,2014-07,10.0,8.0,1155388.03364,1155388.03364
2012-03,2014-08,17.0,15.0,1487403.7456409999,1487403.7456409999
2012-03,2014-09,11.0,5.0,593282.089639,593282.089639
2012-03,2014-10,15.0,11.0,1477417.261089,1477417.261089
2012-03,2014-11,16.0,13.0,1838887.235718,1838887.235718
2012-03,2014-12,19.0,15.0,2441966.948099,2441966.948099
2012-03,2015-01,11.0,7.0,884733.18164,884733.18164
2012-03,2015-02,9.0,6.0,1191297.2837999999,1191297.2837999999
2012-03,2015-03,1.0,1.0,165590.253,165590.253
2012-03,2015-04,1.0,,,
2012-03,2016-03,1.0,1.0,6523.913661,6523.913661
2012-03,2016-05,1.0,1.0,7000.0,7000.0
2012-03,2016-06,1.0,1.0,19000.0,19000.0
2012-03,2016-12,1.0,1.0,3533.850919,3533.850919
2012-03,2017-04,1.0,1.0,6705.661051,6705.661051
2012-03,2017-06,1.0,1.0,5542.349104,5542.349104
2012-03,2017-08,1.0,1.0,11716.90965,11716.90965
2012-04,2012-04,3.0,2.0,17918.213682,17918.213682
2012-04,2012-05,7.0,7.0,53213.26981599999,53213.26981599999
2012-04,2012-06,10.0,10.0,59582.04226,59582.04226
2012-04,2012-07,6.0,5.0,47510.42340100001,47510.42340100001
2012-04,2012-08,6.0,6.0,67199.119966,67199.119966
2012-04,2012-09,12.0,10.0,76538.978689,76538.978689
2012-04,2012-10,11.0,8.0,77940.291945,77940.291945
2012-04,2012-11,17.0,15.0,126919.37651199999,126919.37651199999
2012-04,2012-12,12.0,11.0,95257.76426800001,95257.76426800001
2012-04,2013-01,17.0,15.0,132413.415415,132413.415415
2012-04,2013-02,10.0,10.0,97601.25631699999,97601.25631699999
2012-04,2013-03,9.0,9.0,68771.226635,68771.226635
2012-04,2013-04,11.0,10.0,63367.805425,63367.805425
2012-04,2013-05,11.0,11.0,75801.418679,75801.418679
2012-04,2013-06,8.0,7.0,33730.749803,33730.749803
2012-04,2013-07,4.0,4.0,42012.205757,42012.205757
2012-04,2013-08,6.0,6.0,49490.604505999996,49490.604505999996
2012-04,2013-09,5.0,4.0,41007.721866,41007.721866
2012-04,2013-10,4.0,4.0,29379.828725,29379.828725
2012-04,2013-11,2.0,2.0,14000.0,14000.0
2012-04,2013-12,7.0,7.0,52071.833883,52071.833883
2012-04,2014-01,1.0,1.0,19000.0,19000.0
2012-04,2014-02,4.0,4.0,17355.454402,17355.454402
2012-04,2014-03,2.0,2.0,14290.040657999998,14290.040657999998
2012-04,2014-04,5.0,5.0,238688.51078100002,238688.51078100002
2012-04,2014-05,7.0,6.0,464134.73708399996,464134.73708399996
2012-04,2014-06,7.0,6.0,599514.449098,599514.449098
2012-04,2014-07,6.0,4.0,239514.83437299996,239514.83437299996
2012-04,2014-08,9.0,6.0,865985.6674889999,865985.6674889999
2012-04,2014-09,10.0,7.0,646957.220445,646957.220445
2012-04,2014-10,16.0,13.0,1686978.7092930002,1686978.7092930002
2012-04,2014-11,7.0,5.0,189530.1944418,189530.1944418
2012-04,2014-12,19.0,16.0,2430387.013802,2430387.013802
2012-04,2015-01,10.0,6.0,535370.417153,535370.417153
2012-04,2015-02,17.0,11.0,1495086.70567,1495086.70567
2012-04,2015-03,8.0,6.0,560780.0587309999,560780.0587309999
2012-04,2015-04,6.0,5.0,649491.26034,649491.26034
2012-04,2015-05,2.0,,,
2012-04,2015-06,2.0,2.0,560000.0,560000.0
2012-04,2015-07,2.0,2.0,21000.0,21000.0
2012-04,2015-08,2.0,2.0,11629.411114,11629.411114
2012-04,2015-09,1.0,1.0,9120.813793,9120.813793
2012-04,2015-10,1.0,,,
2012-04,2015-11,2.0,1.0,6688.023294,6688.023294
2012-04,2015-12,1.0,1.0,7000.0,7000.0
2012-04,2016-04,1.0,1.0,1754.09618,1754.09618
2012-04,2016-08,2.0,2.0,17368.943916,17368.943916
2012-04,2016-10,1.0,1.0,6055.869487,6055.869487
2012-04,2017-05,1.0,1.0,2807.4560260000003,2807.4560260000003
2012-05,2012-06,2.0,1.0,3226.6959850000003,3226.6959850000003
2012-05,2012-07,5.0,5.0,22964.8925482,22964.8925482
2012-05,2012-08,12.0,9.0,73802.668458,73802.668458
2012-05,2012-09,7.0,6.0,48352.18605,48352.18605
2012-05,2012-10,19.0,17.0,131243.21994500002,131243.21994500002
2012-05,2012-11,13.0,13.0,85192.19530299999,85192.19530299999
2012-05,2012-12,14.0,14.0,101456.15303999999,101456.15303999999
2012-05,2013-01,7.0,7.0,44711.969619,44711.969619
2012-05,2013-02,11.0,9.0,68845.0584474,68845.0584474
2012-05,2013-03,13.0,11.0,90222.210613,90222.210613
2012-05,2013-04,7.0,7.0,55042.4780255,55042.4780255
2012-05,2013-05,5.0,5.0,50214.152481,50214.152481
2012-05,2013-06,11.0,10.0,72398.276703,72398.276703
2012-05,2013-07,5.0,5.0,46832.908379,46832.908379
2012-05,2013-08,7.0,7.0,37095.922280000006,37095.922280000006
2012-05,2013-09,7.0,7.0,56328.12981700001,56328.12981700001
2012-05,2013-10,4.0,4.0,31282.887544999998,31282.887544999998
2012-05,2013-11,7.0,4.0,27088.355540999997,27088.355540999997
2012-05,2013-12,6.0,6.0,45617.720961000006,45617.720961000006
2012-05,2014-01,5.0,5.0,38915.393684,38915.393684
2012-05,2014-02,7.0,6.0,51959.122712000004,51959.122712000004
2012-05,2014-03,1.0,1.0,19000.0,19000.0
2012-05,2014-04,6.0,6.0,225804.050173,225804.050173
2012-05,2014-05,5.0,4.0,34374.341669999994,34374.341669999994
2012-05,2014-06,6.0,4.0,29384.736451,29384.736451
2012-05,2014-07,15.0,11.0,851894.770085,851894.770085
2012-05,2014-08,7.0,7.0,977154.9855930001,977154.9855930001
2012-05,2014-09,5.0,4.0,376685.55467,376685.55467
2012-05,2014-10,9.0,8.0,406316.771655,406316.771655
2012-05,2014-11,10.0,6.0,1330580.2993,1330580.2993
2012-05,2014-12,19.0,16.0,2964259.04326,2964259.04326
2012-05,2015-01,13.0,11.0,1565747.11748,1565747.11748
2012-05,2015-02,10.0,6.0,543098.8113770001,543098.8113770001
2012-05,2015-03,9.0,6.0,765346.7672900001,765346.7672900001
2012-05,2015-04,2.0,2.0,185539.94201,185539.94201
2012-05,2015-05,6.0,4.0,524975.955809,524975.955809
2012-05,2015-06,3.0,2.0,286474.450208,286474.450208
2012-05,2015-07,1.0,1.0,8689.729379,8689.729379
2012-05,2015-09,2.0,1.0,7391.938062,7391.938062
2012-05,2015-10,1.0,1.0,8545.402113,8545.402113
2012-05,2016-01,1.0,,,
2012-05,2016-05,1.0,,,
2012-05,2016-06,1.0,1.0,2540.746833,2540.746833
2012-05,2016-09,1.0,1.0,6247.723416,6247.723416
2012-05,2016-11,1.0,1.0,6475.614605,6475.614605
2012-05,2017-11,1.0,1.0,1703.433875,1703.433875
2012-06,2012-06,1.0,,,
2012-06,2012-07,5.0,4.0,44336.944311,44336.944311
2012-06,2012-08,12.0,11.0,77979.4260167,77979.4260167
2012-06,2012-09,11.0,9.0,67005.21732,67005.21732
2012-06,2012-10,17.0,13.0,95083.30840099999,95083.30840099999
2012-06,2012-11,15.0,14.0,98789.564666,98789.564666
2012-06,2012-12,11.0,11.0,87316.779918,87316.779918
2012-06,2013-01,12.0,11.0,71146.955662,71146.955662
2012-06,2013-02,9.0,8.0,65002.579016,65002.579016
2012-06,2013-03,11.0,10.0,66038.988587,66038.988587
2012-06,2013-04,9.0,7.0,36900.871870999996,36900.871870999996
2012-06,2013-05,8.0,8.0,68675.60706,68675.60706
2012-06,2013-06,12.0,11.0,74900.0444622,74900.0444622
2012-06,2013-07,8.0,8.0,48937.133784,48937.133784
2012-06,2013-08,8.0,7.0,44740.192845000005,44740.192845000005
2012-06,2013-09,4.0,4.0,18891.927295999998,18891.927295999998
2012-06,2013-10,8.0,8.0,73718.820007,73718.820007
2012-06,2013-11,4.0,4.0,35295.572629,35295.572629
2012-06,2013-12,8.0,8.0,71172.79431,71172.79431
2012-06,2014-01,2.0,1.0,3129.881511,3129.881511
2012-06,2014-02,3.0,3.0,29321.875688,29321.875688
2012-06,2014-03,8.0,8.0,227085.49905500002,227085.49905500002
2012-06,2014-04,4.0,4.0,126474.592124,126474.592124
2012-06,2014-05,11.0,8.0,143055.65396999998,143055.65396999998
2012-06,2014-06,2.0,2.0,460000.0,460000.0
2012-06,2014-07,7.0,6.0,769485.0406160001,769485.0406160001
2012-06,2014-08,8.0,4.0,36401.168424999996,36401.168424999996
2012-06,2014-09,5.0,3.0,375730.43679,375730.43679
2012-06,2014-10,18.0,12.0,1339385.97276,1339385.97276
2012-06,2014-11,10.0,7.0,833655.2066239999,833655.2066239999
2012-06,2014-12,13.0,7.0,678532.7044370001,678532.7044370001
2012-06,2015-01,17.0,13.0,2168782.77973,2168782.77973
2012-06,2015-02,12.0,7.0,941149.2575340001,941149.2575340001
2012-06,2015-03,6.0,4.0,607624.560059,607624.560059
2012-06,2015-04,12.0,6.0,902239.0104,902239.0104
2012-06,2015-05,7.0,5.0,890366.14759,890366.14759
2012-06,2015-06,6.0,6.0,978343.24289,978343.24289
2012-06,2015-07,1.0,1.0,280000.0,280000.0
2012-06,2015-08,1.0,,,
2012-06,2015-09,3.0,2.0,24386.839791000002,24386.839791000002
2012-06,2015-10,2.0,2.0,10912.401047000001,10912.401047000001
2012-06,2015-11,2.0,2.0,12471.034792,12471.034792
2012-06,2016-03,1.0,1.0,3359.106746,3359.106746
2012-06,2016-05,1.0,1.0,7459.243592,7459.243592
2012-06,2016-06,1.0,1.0,15600.86318,15600.86318
2012-06,2016-07,1.0,1.0,7000.0,7000.0
2012-06,2016-08,1.0,1.0,8150.812256,8150.812256
2012-06,2017-01,1.0,1.0,17449.947180000003,17449.947180000003
2012-06,2017-11,1.0,1.0,6369.365277,6369.365277
2012-07,2012-07,2.0,1.0,7000.0,7000.0
2012-07,2012-08,3.0,3.0,10155.497667,10155.497667
2012-07,2012-09,12.0,11.0,87764.852003,87764.852003
2012-07,2012-10,9.0,8.0,57865.464249,57865.464249
2012-07,2012-11,6.0,4.0,34504.463581,34504.463581
2012-07,2012-12,15.0,15.0,141099.893546,141099.893546
2012-07,2013-01,11.0,9.0,69704.113081,69704.113081
2012-07,2013-02,10.0,9.0,70269.52158,70269.52158
2012-07,2013-03,10.0,6.0,40330.465867,40330.465867
2012-07,2013-04,6.0,6.0,35381.508995000004,35381.508995000004
2012-07,2013-05,7.0,6.0,46771.919671999996,46771.919671999996
2012-07,2013-06,9.0,9.0,57109.420001,57109.420001
2012-07,2013-07,8.0,7.0,76495.526664,76495.526664
2012-07,2013-08,10.0,9.0,66061.883072,66061.883072
2012-07,2013-09,9.0,9.0,58918.853495,58918.853495
2012-07,2013-10,7.0,7.0,44000.414339,44000.414339
2012-07,2013-11,10.0,9.0,75360.41150100001,75360.41150100001
2012-07,2013-12,5.0,5.0,22937.510059,22937.510059
2012-07,2014-01,4.0,3.0,22120.637595,22120.637595
2012-07,2014-02,2.0,2.0,12778.115632000001,12778.115632000001
2012-07,2014-03,2.0,1.0,4985.6925,4985.6925
2012-07,2014-04,4.0,4.0,27411.700736,27411.700736
2012-07,2014-05,6.0,6.0,60283.804568,60283.804568
2012-07,2014-06,7.0,4.0,57878.804333,57878.804333
2012-07,2014-07,5.0,4.0,39027.471704999996,39027.471704999996
2012-07,2014-08,9.0,8.0,787895.6302450001,787895.6302450001
2012-07,2014-09,7.0,7.0,123448.70436399999,123448.70436399999
2012-07,2014-10,11.0,6.0,296102.08204,296102.08204
2012-07,2014-11,7.0,6.0,502501.29720100004,502501.29720100004
2012-07,2014-12,13.0,10.0,1107971.0799540002,1107971.0799540002
2012-07,2015-01,9.0,8.0,723585.343136,723585.343136
2012-07,2015-02,13.0,10.0,1497926.15691,1497926.15691
2012-07,2015-03,21.0,13.0,1654796.068293,1654796.068293
2012-07,2015-04,9.0,8.0,1524724.3176270002,1524724.3176270002
2012-07,2015-05,9.0,6.0,961122.045,961122.045
2012-07,2015-06,6.0,6.0,1221545.3343000002,1221545.3343000002
2012-07,2015-07,5.0,5.0,949777.40922,949777.40922
2012-07,2015-08,1.0,1.0,280000.0,280000.0
2012-07,2015-09,1.0,1.0,7708.423975,7708.423975
2012-07,2015-10,2.0,2.0,21288.972783999998,21288.972783999998
2012-07,2015-11,1.0,1.0,6984.123524,6984.123524
2012-07,2016-04,1.0,1.0,5581.060677,5581.060677
2012-07,2016-05,1.0,1.0,19000.0,19000.0
2012-07,2016-07,2.0,2.0,19796.871392,19796.871392
2012-07,2016-09,1.0,1.0,3864.606024,3864.606024
2012-07,2016-10,1.0,,,
2012-07,2016-12,1.0,1.0,2384.075956,2384.075956
2012-07,2017-02,1.0,1.0,3014.953032,3014.953032
2012-07,2017-04,1.0,1.0,14000.0,14000.0
2012-07,2017-06,1.0,1.0,18255.56157,18255.56157
2012-08,2012-08,1.0,1.0,1661.157858,1661.157858
2012-08,2012-09,5.0,5.0,51858.431142,51858.431142
2012-08,2012-10,7.0,7.0,66228.52057,66228.52057
2012-08,2012-11,14.0,12.0,83626.0155669,83626.0155669
2012-08,2012-12,10.0,9.0,67669.013438,67669.013438
2012-08,2013-01,18.0,17.0,91021.8640003,91021.8640003
2012-08,2013-02,10.0,9.0,73717.169648,73717.169648
2012-08,2013-03,13.0,9.0,70241.461477,70241.461477
2012-08,2013-04,15.0,11.0,83220.15581000001,83220.15581000001
2012-08,2013-05,8.0,8.0,77915.90043100002,77915.90043100002
2012-08,2013-06,8.0,7.0,41084.796636,41084.796636
2012-08,2013-07,10.0,8.0,80154.21395299998,80154.21395299998
2012-08,2013-08,7.0,6.0,42412.853628000004,42412.853628000004
2012-08,2013-09,12.0,11.0,88657.97486290001,88657.97486290001
2012-08,2013-10,12.0,10.0,70408.163034,70408.163034
2012-08,2013-11,8.0,7.0,41803.356653999996,41803.356653999996
2012-08,2013-12,8.0,8.0,69151.497433,69151.497433
2012-08,2014-01,6.0,5.0,133162.536583,133162.536583
2012-08,2014-02,6.0,6.0,42368.001842000005,42368.001842000005
2012-08,2014-03,5.0,5.0,28791.669095999998,28791.669095999998
2012-08,2014-04,5.0,4.0,27163.463151000004,27163.463151000004
2012-08,2014-05,6.0,6.0,156144.56589169998,156144.56589169998
2012-08,2014-06,5.0,5.0,36579.260798999996,36579.260798999996
2012-08,2014-07,6.0,5.0,60290.030828999996,60290.030828999996
2012-08,2014-08,7.0,6.0,156800.056541,156800.056541
2012-08,2014-09,5.0,3.0,327899.97874000005,327899.97874000005
2012-08,2014-10,4.0,2.0,17796.910602,17796.910602
2012-08,2014-11,10.0,9.0,1015669.4188379999,1015669.4188379999
2012-08,2014-12,10.0,9.0,821818.5887579999,821818.5887579999
2012-08,2015-01,11.0,9.0,936316.495808,936316.495808
2012-08,2015-02,9.0,6.0,841267.7498529999,841267.7498529999
2012-08,2015-03,12.0,8.0,1144124.77895,1144124.77895
2012-08,2015-04,12.0,10.0,1391622.3238989997,1391622.3238989997
2012-08,2015-05,10.0,6.0,609340.35497,609340.35497
2012-08,2015-06,14.0,11.0,1788791.474009,1788791.474009
2012-08,2015-07,6.0,5.0,755384.2189,755384.2189
2012-08,2015-08,5.0,4.0,464068.19895800005,464068.19895800005
2012-08,2015-09,2.0,2.0,14666.048186,14666.048186
2012-08,2015-11,1.0,1.0,7000.0,7000.0
2012-08,2016-03,2.0,2.0,14805.182987,14805.182987
2012-08,2016-06,1.0,1.0,16324.05353,16324.05353
2012-08,2016-11,1.0,1.0,8324.256184,8324.256184
2012-08,2016-12,1.0,1.0,7000.0,7000.0
2012-08,2017-01,1.0,1.0,10147.83601,10147.83601
2012-08,2017-05,1.0,1.0,11154.63569,11154.63569
2012-08,2017-06,1.0,1.0,7000.0,7000.0
2012-08,2017-10,1.0,1.0,3708.609688000001,3708.609688000001
2012-09,2012-09,1.0,1.0,4782.32368,4782.32368
2012-09,2012-10,5.0,3.0,22880.442849,22880.442849
2012-09,2012-11,4.0,2.0,11429.532696,11429.532696
2012-09,2012-12,7.0,7.0,47502.075594999995,47502.075594999995
2012-09,2013-01,12.0,10.0,77043.209326,77043.209326
2012-09,2013-02,16.0,15.0,87661.2682496,87661.2682496
2012-09,2013-03,9.0,8.0,66057.084213,66057.084213
2012-09,2013-04,9.0,8.0,79374.04835800001,79374.04835800001
2012-09,2013-05,17.0,17.0,138958.739218,138958.739218
2012-09,2013-06,6.0,6.0,37866.042032,37866.042032
2012-09,2013-07,14.0,14.0,117662.666661,117662.666661
2012-09,2013-08,9.0,8.0,51147.669133999996,51147.669133999996
2012-09,2013-09,10.0,10.0,85548.22486299998,85548.22486299998
2012-09,2013-10,7.0,6.0,45726.19581599999,45726.19581599999
2012-09,2013-11,7.0,7.0,46501.867297,46501.867297
2012-09,2013-12,4.0,4.0,16195.247510000001,16195.247510000001
2012-09,2014-01,5.0,5.0,42791.8210803,42791.8210803
2012-09,2014-02,7.0,7.0,58181.659107,58181.659107
2012-09,2014-03,3.0,3.0,15527.072153000001,15527.072153000001
2012-09,2014-04,5.0,4.0,24897.520984000002,24897.520984000002
2012-09,2014-05,7.0,6.0,68290.047825,68290.047825
2012-09,2014-06,8.0,8.0,401999.45474799996,401999.45474799996
2012-09,2014-07,5.0,5.0,513805.3874189999,513805.3874189999
2012-09,2014-08,4.0,4.0,161758.744299,161758.744299
2012-09,2014-09,6.0,6.0,254869.058374,254869.058374
2012-09,2014-10,4.0,3.0,14714.456906000001,14714.456906000001
2012-09,2014-11,10.0,7.0,279745.82645,279745.82645
2012-09,2014-12,5.0,2.0,129754.3226,129754.3226
2012-09,2015-01,11.0,5.0,615169.3358710001,615169.3358710001
2012-09,2015-02,8.0,3.0,287508.858794,287508.858794
2012-09,2015-03,13.0,8.0,1107939.083887,1107939.083887
2012-09,2015-04,12.0,10.0,1444039.1181,1444039.1181
2012-09,2015-05,12.0,11.0,1499810.14934,1499810.14934
2012-09,2015-06,10.0,8.0,1661532.56783,1661532.56783
2012-09,2015-07,9.0,5.0,645040.843158,645040.843158
2012-09,2015-08,3.0,2.0,94115.16618900001,94115.16618900001
2012-09,2015-09,2.0,1.0,4433.165336,4433.165336
2012-09,2015-10,1.0,1.0,15755.0842,15755.0842
2012-09,2015-12,1.0,1.0,7000.0,7000.0
2012-09,2016-07,2.0,2.0,16459.408498999997,16459.408498999997
2012-09,2016-11,1.0,1.0,6036.308553,6036.308553
2012-09,2016-12,1.0,1.0,17250.2438,17250.2438
2012-09,2017-05,2.0,1.0,7363.081282999999,7363.081282999999
2012-09,2017-06,1.0,1.0,4705.283024,4705.283024
2012-09,2017-07,1.0,1.0,14000.0,14000.0
2012-09,2017-08,1.0,1.0,11535.14303,11535.14303
2012-09,2017-12,1.0,1.0,7000.0,7000.0
2012-10,2012-10,2.0,2.0,13392.784604,13392.784604
2012-10,2012-11,5.0,3.0,24607.00174,24607.00174
2012-10,2012-12,7.0,6.0,50414.540761,50414.540761
2012-10,2013-01,16.0,15.0,124251.48494899998,124251.48494899998
2012-10,2013-02,11.0,9.0,101808.86948,101808.86948
2012-10,2013-03,16.0,14.0,92234.6613337,92234.6613337
2012-10,2013-04,10.0,9.0,74074.18315299999,74074.18315299999
2012-10,2013-05,8.0,7.0,48664.229515000006,48664.229515000006
2012-10,2013-06,14.0,12.0,90270.10954199999,90270.10954199999
2012-10,2013-07,12.0,10.0,65869.040778,65869.040778
2012-10,2013-08,12.0,12.0,121662.60725,121662.60725
2012-10,2013-09,11.0,10.0,76275.982868,76275.982868
2012-10,2013-10,11.0,10.0,83724.750873,83724.750873
2012-10,2013-11,4.0,4.0,31518.25257,31518.25257
2012-10,2013-12,8.0,7.0,66135.39885,66135.39885
2012-10,2014-01,10.0,8.0,48764.25231900001,48764.25231900001
2012-10,2014-02,4.0,4.0,35108.828001999995,35108.828001999995
2012-10,2014-03,9.0,8.0,47038.51863400001,47038.51863400001
2012-10,2014-04,2.0,1.0,8119.312537000001,8119.312537000001
2012-10,2014-05,2.0,2.0,11647.76227,11647.76227
2012-10,2014-06,3.0,3.0,14553.329476,14553.329476
2012-10,2014-07,4.0,4.0,35043.468199,35043.468199
2012-10,2014-08,4.0,4.0,32936.029271,32936.029271
2012-10,2014-09,7.0,7.0,200726.817683,200726.817683
2012-10,2014-10,3.0,2.0,285318.7022,285318.7022
2012-10,2014-11,5.0,3.0,24067.790647,24067.790647
2012-10,2014-12,10.0,8.0,525901.364159,525901.364159
2012-10,2015-01,9.0,8.0,654225.126552,654225.126552
2012-10,2015-02,11.0,7.0,824357.0150400001,824357.0150400001
2012-10,2015-03,13.0,11.0,1012531.645401,1012531.645401
2012-10,2015-04,13.0,7.0,1320903.1544700002,1320903.1544700002
2012-10,2015-05,8.0,6.0,475054.51560399996,475054.51560399996
2012-10,2015-06,15.0,11.0,1680876.45609,1680876.45609
2012-10,2015-07,13.0,8.0,1609160.2096249997,1609160.2096249997
2012-10,2015-08,7.0,6.0,987011.72345,987011.72345
2012-10,2015-09,13.0,12.0,1819243.846502,1819243.846502
2012-10,2015-10,6.0,2.0,378679.59327,378679.59327
2012-10,2015-11,4.0,4.0,640988.8602231,640988.8602231
2012-10,2015-12,2.0,1.0,180000.0,180000.0
2012-10,2016-01,2.0,2.0,15073.404598000001,15073.404598000001
2012-10,2016-04,3.0,3.0,24307.100512,24307.100512
2012-10,2016-05,1.0,1.0,2457.9992190000003,2457.9992190000003
2012-10,2016-06,1.0,1.0,10069.18095,10069.18095
2012-10,2016-10,2.0,2.0,4956.270161,4956.270161
2012-10,2016-11,3.0,3.0,18914.565128000002,18914.565128000002
2012-10,2017-04,2.0,2.0,16623.70098,16623.70098
2012-10,2017-10,2.0,2.0,8800.988722,8800.988722
2012-11,2012-12,4.0,4.0,23836.213271999997,23836.213271999997
2012-11,2013-01,8.0,6.0,48792.224931,48792.224931
2012-11,2013-02,9.0,6.0,55343.062689,55343.062689
2012-11,2013-03,7.0,4.0,33308.312611,33308.312611
2012-11,2013-04,14.0,11.0,64337.0598819,64337.0598819
2012-11,2013-05,13.0,12.0,74582.400887,74582.400887
2012-11,2013-06,22.0,18.0,130430.57093900001,130430.57093900001
2012-11,2013-07,22.0,19.0,137354.7146445,137354.7146445
2012-11,2013-08,10.0,10.0,56972.644187000005,56972.644187000005
2012-11,2013-09,12.0,11.0,63432.35314600001,63432.35314600001
2012-11,2013-10,12.0,11.0,86294.77933800001,86294.77933800001
2012-11,2013-11,11.0,10.0,86902.256658,86902.256658
2012-11,2013-12,12.0,10.0,71846.807676,71846.807676
2012-11,2014-01,11.0,10.0,84324.15036259999,84324.15036259999
2012-11,2014-02,5.0,5.0,29526.104773,29526.104773
2012-11,2014-03,4.0,3.0,13596.099376000002,13596.099376000002
2012-11,2014-04,4.0,4.0,25043.844921999997,25043.844921999997
2012-11,2014-05,7.0,6.0,55370.713690000004,55370.713690000004
2012-11,2014-06,8.0,8.0,71158.171811,71158.171811
2012-11,2014-07,6.0,5.0,28296.654801,28296.654801
2012-11,2014-08,4.0,3.0,15742.904502,15742.904502
2012-11,2014-09,7.0,5.0,56213.616276,56213.616276
2012-11,2014-10,6.0,6.0,157941.20026,157941.20026
2012-11,2014-11,3.0,2.0,13315.558294,13315.558294
2012-11,2014-12,6.0,4.0,135915.605322,135915.605322
2012-11,2015-01,6.0,4.0,442005.620565,442005.620565
2012-11,2015-02,10.0,7.0,352491.837665,352491.837665
2012-11,2015-03,11.0,8.0,899303.9482100001,899303.9482100001
2012-11,2015-04,8.0,7.0,964099.887682,964099.887682
2012-11,2015-05,14.0,11.0,1250448.7222399998,1250448.7222399998
2012-11,2015-06,15.0,15.0,2346171.7202399997,2346171.7202399997
2012-11,2015-07,11.0,6.0,630962.2207279999,630962.2207279999
2012-11,2015-08,11.0,7.0,1178927.1082100002,1178927.1082100002
2012-11,2015-09,6.0,4.0,391827.764387,391827.764387
2012-11,2015-10,8.0,7.0,1431150.6091999998,1431150.6091999998
2012-11,2015-11,5.0,3.0,285612.034346,285612.034346
2012-11,2016-01,3.0,1.0,680.1742370000001,680.1742370000001
2012-11,2016-03,1.0,1.0,7975.967841,7975.967841
2012-11,2016-04,1.0,1.0,7000.0,7000.0
2012-11,2016-06,1.0,1.0,6817.598678,6817.598678
2012-11,2016-07,3.0,3.0,19805.864782,19805.864782
2012-11,2016-11,3.0,2.0,15924.62208,15924.62208
2012-11,2016-12,1.0,1.0,8269.025198000001,8269.025198000001
2012-11,2017-01,1.0,1.0,2991.87356,2991.87356
2012-11,2017-06,1.0,1.0,6913.77478,6913.77478
2012-12,2012-12,2.0,2.0,26589.428549999997,26589.428549999997
2012-12,2013-01,11.0,10.0,92682.33516399999,92682.33516399999
2012-12,2013-02,12.0,12.0,95499.229782,95499.229782
2012-12,2013-03,8.0,8.0,61044.41366099999,61044.41366099999
2012-12,2013-04,8.0,7.0,40349.11135499999,40349.11135499999
2012-12,2013-05,14.0,14.0,114014.13265899998,114014.13265899998
2012-12,2013-06,9.0,7.0,63278.940714,63278.940714
2012-12,2013-07,14.0,12.0,76951.388273,76951.388273
2012-12,2013-08,7.0,7.0,39293.667232,39293.667232
2012-12,2013-09,10.0,10.0,69102.51358299999,69102.51358299999
2012-12,2013-10,14.0,12.0,99172.613788,99172.613788
2012-12,2013-11,10.0,7.0,67616.87312,67616.87312
2012-12,2013-12,8.0,8.0,45528.22121399999,45528.22121399999
2012-12,2014-01,10.0,9.0,78035.440338,78035.440338
2012-12,2014-02,9.0,9.0,61247.995607000004,61247.995607000004
2012-12,2014-03,6.0,5.0,35637.000257,35637.000257
2012-12,2014-04,9.0,6.0,58299.78795199999,58299.78795199999
2012-12,2014-05,10.0,9.0,81198.896338,81198.896338
2012-12,2014-06,2.0,2.0,17209.305626,17209.305626
2012-12,2014-07,11.0,11.0,82255.818789,82255.818789
2012-12,2014-08,7.0,7.0,104505.456041,104505.456041
2012-12,2014-09,5.0,5.0,36292.321514,36292.321514
2012-12,2014-10,1.0,1.0,2016.150153,2016.150153
2012-12,2014-11,4.0,3.0,18159.170051,18159.170051
2012-12,2014-12,3.0,2.0,8956.127558,8956.127558
2012-12,2015-01,10.0,8.0,811767.885776,811767.885776
2012-12,2015-02,6.0,2.0,10695.277536,10695.277536
2012-12,2015-03,17.0,12.0,916180.5715080001,916180.5715080001
2012-12,2015-04,9.0,8.0,475653.472361,475653.472361
2012-12,2015-05,15.0,12.0,1789445.32573,1789445.32573
2012-12,2015-06,6.0,6.0,978072.5656020001,978072.5656020001
2012-12,2015-07,14.0,8.0,1038920.917995,1038920.917995
2012-12,2015-08,16.0,10.0,1575781.49996,1575781.49996
2012-12,2015-09,12.0,8.0,1303919.4624999997,1303919.4624999997
2012-12,2015-10,4.0,4.0,425107.318351,425107.318351
2012-12,2015-11,10.0,5.0,388347.08305300004,388347.08305300004
2012-12,2015-12,1.0,1.0,5144.239828,5144.239828
2012-12,2016-02,1.0,1.0,4825.817052,4825.817052
2012-12,2016-03,1.0,1.0,2908.716565,2908.716565
2012-12,2016-04,1.0,1.0,5812.910782,5812.910782
2012-12,2016-05,1.0,1.0,7489.031822,7489.031822
2012-12,2016-06,1.0,1.0,6246.806119,6246.806119
2012-12,2016-08,2.0,2.0,21000.0,21000.0
2012-12,2016-09,1.0,1.0,11191.06001,11191.06001
2012-12,2016-12,1.0,1.0,3716.191653,3716.191653
2012-12,2017-08,1.0,1.0,7245.01988,7245.01988
2012-12,2017-09,1.0,1.0,4999.07233,4999.07233
2012-12,2017-11,1.0,1.0,5208.915505,5208.915505
2013-01,2013-02,5.0,5.0,42970.8661854,42970.8661854
2013-01,2013-03,8.0,6.0,66687.308962,66687.308962
2013-01,2013-04,23.0,22.0,159789.74472009996,159789.74472009996
2013-01,2013-05,9.0,8.0,46741.46159300001,46741.46159300001
2013-01,2013-06,8.0,5.0,30422.403198,30422.403198
2013-01,2013-07,10.0,10.0,88811.950803,88811.950803
2013-01,2013-08,17.0,12.0,101152.844081,101152.844081
2013-01,2013-09,18.0,15.0,118663.51081,118663.51081
2013-01,2013-10,17.0,15.0,127005.63960699999,127005.63960699999
2013-01,2013-11,8.0,5.0,19455.262564999997,19455.262564999997
2013-01,2013-12,13.0,13.0,76671.377198,76671.377198
2013-01,2014-01,10.0,10.0,88132.477399,88132.477399
2013-01,2014-02,11.0,9.0,94696.486287,94696.486287
2013-01,2014-03,9.0,7.0,45175.397009,45175.397009
2013-01,2014-04,8.0,8.0,59123.078000999994,59123.078000999994
2013-01,2014-05,5.0,5.0,34620.97211,34620.97211
2013-01,2014-06,5.0,5.0,32898.399368,32898.399368
2013-01,2014-07,10.0,9.0,63272.853533199996,63272.853533199996
2013-01,2014-08,5.0,5.0,22409.557575,22409.557575
2013-01,2014-09,6.0,5.0,29950.381859000005,29950.381859000005
2013-01,2014-10,3.0,3.0,116920.20423999999,116920.20423999999
2013-01,2014-11,7.0,6.0,137369.228403,137369.228403
2013-01,2014-12,3.0,2.0,13329.587298,13329.587298
2013-01,2015-01,4.0,3.0,254241.023414,254241.023414
2013-01,2015-02,6.0,6.0,422437.527779,422437.527779
2013-01,2015-03,5.0,5.0,437977.250871,437977.250871
2013-01,2015-04,4.0,3.0,236666.515904,236666.515904
2013-01,2015-05,12.0,10.0,897131.7040340002,897131.7040340002
2013-01,2015-06,14.0,13.0,1822858.877518,1822858.877518
2013-01,2015-07,23.0,20.0,3254443.8458600002,3254443.8458600002
2013-01,2015-08,16.0,12.0,1176157.886712,1176157.886712
2013-01,2015-09,16.0,14.0,1729792.8094239999,1729792.8094239999
2013-01,2015-10,11.0,10.0,2129892.232,2129892.232
2013-01,2015-11,14.0,7.0,1240141.70518,1240141.70518
2013-01,2015-12,4.0,3.0,475326.3137,475326.3137
2013-01,2016-01,2.0,1.0,280000.0,280000.0
2013-01,2016-03,3.0,2.0,12775.154211000001,12775.154211000001
2013-01,2016-08,1.0,1.0,15010.16635,15010.16635
2013-01,2016-10,2.0,2.0,12838.409285000002,12838.409285000002
2013-01,2016-12,1.0,1.0,8516.716037999999,8516.716037999999
2013-01,2017-02,1.0,1.0,5074.198618,5074.198618
2013-01,2017-04,1.0,1.0,6705.533326,6705.533326
2013-01,2017-06,1.0,1.0,2562.993606,2562.993606
2013-01,2017-09,1.0,1.0,6749.327947,6749.327947
2013-01,2017-12,1.0,1.0,2611.10777,2611.10777
2013-02,2013-02,3.0,2.0,27988.063022000002,27988.063022000002
2013-02,2013-03,3.0,3.0,15629.833609000001,15629.833609000001
2013-02,2013-04,3.0,3.0,28948.16897,28948.16897
2013-02,2013-05,9.0,8.0,61042.56460000001,61042.56460000001
2013-02,2013-06,8.0,7.0,61915.23335600001,61915.23335600001
2013-02,2013-07,16.0,14.0,96966.62379800002,96966.62379800002
2013-02,2013-08,15.0,11.0,81283.640595,81283.640595
2013-02,2013-09,16.0,15.0,127685.93774800001,127685.93774800001
2013-02,2013-10,10.0,8.0,43300.285993,43300.285993
2013-02,2013-11,10.0,10.0,66366.3576029,66366.3576029
2013-02,2013-12,11.0,9.0,61425.090184,61425.090184
2013-02,2014-01,8.0,7.0,56348.898603,56348.898603
2013-02,2014-02,8.0,8.0,55106.931037,55106.931037
2013-02,2014-03,9.0,8.0,79322.15984500002,79322.15984500002
2013-02,2014-04,4.0,4.0,27181.821796999997,27181.821796999997
2013-02,2014-05,21.0,17.0,127080.605218,127080.605218
2013-02,2014-06,5.0,5.0,24079.243818999996,24079.243818999996
2013-02,2014-07,7.0,7.0,58246.761402,58246.761402
2013-02,2014-08,3.0,3.0,31258.834412,31258.834412
2013-02,2014-09,5.0,4.0,35894.96598,35894.96598
2013-02,2014-10,8.0,8.0,56973.71136,56973.71136
2013-02,2014-11,3.0,3.0,40635.885152,40635.885152
2013-02,2014-12,8.0,7.0,72851.681357,72851.681357
2013-02,2015-01,9.0,9.0,70439.447389,70439.447389
2013-02,2015-02,3.0,2.0,94170.13327,94170.13327
2013-02,2015-03,9.0,9.0,323491.85187,323491.85187
2013-02,2015-04,14.0,10.0,535204.9848699999,535204.9848699999
2013-02,2015-05,9.0,6.0,510436.220171,510436.220171
2013-02,2015-06,11.0,7.0,461564.66278499993,461564.66278499993
2013-02,2015-07,8.0,5.0,1132527.8380999998,1132527.8380999998
2013-02,2015-08,14.0,9.0,1213603.201738,1213603.201738
2013-02,2015-09,13.0,10.0,792957.1652519999,792957.1652519999
2013-02,2015-10,17.0,13.0,1615467.397775,1615467.397775
2013-02,2015-11,14.0,11.0,1591916.6853460001,1591916.6853460001
2013-02,2015-12,11.0,5.0,703123.92228,703123.92228
2013-02,2016-01,3.0,3.0,640000.0,640000.0
2013-02,2016-03,1.0,1.0,180000.0,180000.0
2013-02,2016-04,1.0,1.0,233841.2755,233841.2755
2013-02,2016-05,2.0,2.0,19578.580738999997,19578.580738999997
2013-02,2016-06,1.0,1.0,10082.47511,10082.47511
2013-02,2016-07,1.0,1.0,5156.942078,5156.942078
2013-02,2016-08,2.0,1.0,12952.12678,12952.12678
2013-02,2016-09,3.0,2.0,8756.168314,8756.168314
2013-02,2016-11,1.0,1.0,7000.0,7000.0
2013-02,2017-01,1.0,1.0,9400.285,9400.285
2013-02,2017-07,2.0,2.0,18897.724065000002,18897.724065000002
2013-03,2013-03,1.0,1.0,17310.86571,17310.86571
2013-03,2013-04,4.0,4.0,45039.926762999996,45039.926762999996
2013-03,2013-05,4.0,3.0,16633.674996,16633.674996
2013-03,2013-06,10.0,10.0,90530.355038,90530.355038
2013-03,2013-07,12.0,11.0,81602.04819400002,81602.04819400002
2013-03,2013-08,15.0,13.0,69334.243402,69334.243402
2013-03,2013-09,10.0,10.0,41265.179314,41265.179314
2013-03,2013-10,13.0,10.0,92797.50868999999,92797.50868999999
2013-03,2013-11,14.0,11.0,101917.676355,101917.676355
2013-03,2013-12,9.0,8.0,62076.461147,62076.461147
2013-03,2014-01,5.0,5.0,16547.049130000003,16547.049130000003
2013-03,2014-02,12.0,11.0,90551.442426,90551.442426
2013-03,2014-03,6.0,6.0,45510.375749,45510.375749
2013-03,2014-04,9.0,8.0,55569.673073,55569.673073
2013-03,2014-05,11.0,9.0,76788.987771,76788.987771
2013-03,2014-06,11.0,11.0,68341.045927,68341.045927
2013-03,2014-07,9.0,8.0,338263.32162,338263.32162
2013-03,2014-08,5.0,5.0,55873.911213,55873.911213
2013-03,2014-09,4.0,3.0,22078.439732,22078.439732
2013-03,2014-10,8.0,8.0,51174.401388000006,51174.401388000006
2013-03,2014-11,6.0,6.0,59819.246522999994,59819.246522999994
2013-03,2014-12,2.0,2.0,10615.47229,10615.47229
2013-03,2015-01,6.0,6.0,54959.145196000005,54959.145196000005
2013-03,2015-02,4.0,3.0,17426.366652,17426.366652
2013-03,2015-03,4.0,2.0,15421.693965,15421.693965
2013-03,2015-04,2.0,2.0,229872.72469,229872.72469
2013-03,2015-05,8.0,5.0,517142.82749999996,517142.82749999996
2013-03,2015-06,8.0,5.0,540550.362904,540550.362904
2013-03,2015-07,9.0,6.0,389154.092804,389154.092804
2013-03,2015-08,12.0,8.0,534941.110978,534941.110978
2013-03,2015-09,16.0,15.0,2174739.33416,2174739.33416
2013-03,2015-10,23.0,19.0,2822073.817563,2822073.817563
2013-03,2015-11,13.0,8.0,842700.703323,842700.703323
2013-03,2015-12,11.0,8.0,1165852.86225,1165852.86225
2013-03,2016-01,9.0,6.0,1286295.699,1286295.699
2013-03,2016-02,9.0,5.0,855040.6560999999,855040.6560999999
2013-03,2016-03,1.0,,,
2013-03,2016-04,3.0,3.0,265328.561062,265328.561062
2013-03,2016-05,2.0,2.0,360000.0,360000.0
2013-03,2016-08,1.0,1.0,599.9144472,599.9144472
2013-03,2016-09,1.0,1.0,3796.85558,3796.85558
2013-03,2016-10,1.0,1.0,15492.58091,15492.58091
2013-03,2016-11,2.0,1.0,6399.257258,6399.257258
2013-03,2016-12,1.0,1.0,8921.195062,8921.195062
2013-03,2017-01,2.0,1.0,17596.48116,17596.48116
2013-03,2017-05,1.0,1.0,14938.40994,14938.40994
2013-03,2017-07,1.0,,,
2013-03,2017-10,1.0,1.0,7632.267828,7632.267828
2013-04,2013-04,2.0,1.0,5213.534715999999,5213.534715999999
2013-04,2013-05,5.0,5.0,42254.448359,42254.448359
2013-04,2013-06,9.0,8.0,68151.47013199999,68151.47013199999
2013-04,2013-07,13.0,11.0,103667.46938199998,103667.46938199998
2013-04,2013-08,12.0,11.0,69270.86424000001,69270.86424000001
2013-04,2013-09,9.0,7.0,49540.808047,49540.808047
2013-04,2013-10,6.0,5.0,36944.638362,36944.638362
2013-04,2013-11,8.0,7.0,42079.307399,42079.307399
2013-04,2013-12,17.0,16.0,159250.468053,159250.468053
2013-04,2014-01,12.0,11.0,74059.870431,74059.870431
2013-04,2014-02,9.0,8.0,62260.77293399999,62260.77293399999
2013-04,2014-03,10.0,9.0,54734.215224,54734.215224
2013-04,2014-04,11.0,9.0,62209.947329999995,62209.947329999995
2013-04,2014-05,9.0,8.0,62617.24634500001,62617.24634500001
2013-04,2014-06,5.0,4.0,27767.76889,27767.76889
2013-04,2014-07,8.0,8.0,46609.027610000005,46609.027610000005
2013-04,2014-08,9.0,8.0,50331.895081,50331.895081
2013-04,2014-09,6.0,6.0,56459.15527999999,56459.15527999999
2013-04,2014-10,9.0,8.0,53996.966675,53996.966675
2013-04,2014-11,9.0,9.0,75350.169273,75350.169273
2013-04,2014-12,6.0,4.0,37563.07671,37563.07671
2013-04,2015-01,7.0,7.0,60988.605142,60988.605142
2013-04,2015-02,6.0,6.0,183122.10287,183122.10287
2013-04,2015-03,4.0,3.0,155382.91905199998,155382.91905199998
2013-04,2015-04,3.0,3.0,32111.334290000003,32111.334290000003
2013-04,2015-05,9.0,7.0,426906.287501,426906.287501
2013-04,2015-06,6.0,3.0,99667.690468,99667.690468
2013-04,2015-07,7.0,5.0,294353.70828699996,294353.70828699996
2013-04,2015-08,7.0,7.0,848935.54571,848935.54571
2013-04,2015-09,9.0,9.0,985818.031188,985818.031188
2013-04,2015-10,18.0,14.0,1645841.1404549999,1645841.1404549999
2013-04,2015-11,14.0,9.0,1297414.23335,1297414.23335
2013-04,2015-12,18.0,15.0,1676132.7653810002,1676132.7653810002
2013-04,2016-01,6.0,4.0,772973.0844,772973.0844
2013-04,2016-02,5.0,5.0,679509.2755400001,679509.2755400001
2013-04,2016-03,7.0,6.0,751116.745934,751116.745934
2013-04,2016-04,1.0,1.0,280000.0,280000.0
2013-04,2016-05,5.0,5.0,171792.483529,171792.483529
2013-04,2016-06,1.0,1.0,5065.274024,5065.274024
2013-04,2016-09,2.0,2.0,28000.0,28000.0
2013-04,2016-10,1.0,1.0,9969.744644,9969.744644
2013-04,2017-01,2.0,2.0,13808.678902,13808.678902
2013-04,2017-02,1.0,1.0,7574.173448,7574.173448
2013-04,2017-05,1.0,1.0,19000.0,19000.0
2013-04,2017-06,1.0,1.0,3561.769932,3561.769932
2013-04,2017-07,1.0,1.0,4230.279044,4230.279044
2013-05,2013-05,3.0,3.0,13466.308532000001,13466.308532000001
2013-05,2013-06,9.0,9.0,44342.96990909999,44342.96990909999
2013-05,2013-07,11.0,9.0,57493.796661,57493.796661
2013-05,2013-08,21.0,21.0,127928.8930451,127928.8930451
2013-05,2013-09,13.0,13.0,96144.63035799998,96144.63035799998
2013-05,2013-10,15.0,13.0,124242.358403,124242.358403
2013-05,2013-11,11.0,10.0,81810.20427100001,81810.20427100001
2013-05,2013-12,13.0,13.0,94750.32352,94750.32352
2013-05,2014-01,9.0,9.0,54529.16046499999,54529.16046499999
2013-05,2014-02,15.0,14.0,97799.07751999998,97799.07751999998
2013-05,2014-03,12.0,12.0,67816.47375800001,67816.47375800001
2013-05,2014-04,14.0,14.0,84853.8518881,84853.8518881
2013-05,2014-05,11.0,10.0,80308.196992,80308.196992
2013-05,2014-06,7.0,7.0,52392.586001300006,52392.586001300006
2013-05,2014-07,8.0,8.0,61498.537033,61498.537033
2013-05,2014-08,9.0,7.0,68407.51254,68407.51254
2013-05,2014-09,6.0,5.0,28140.9444234,28140.9444234
2013-05,2014-10,11.0,11.0,64603.206164200004,64603.206164200004
2013-05,2014-11,5.0,5.0,27906.860234999996,27906.860234999996
2013-05,2014-12,11.0,11.0,80282.466575,80282.466575
2013-05,2015-01,3.0,2.0,174946.43012,174946.43012
2013-05,2015-02,3.0,3.0,34852.595757999996,34852.595757999996
2013-05,2015-03,5.0,5.0,27810.311551,27810.311551
2013-05,2015-04,4.0,4.0,354689.10048499994,354689.10048499994
2013-05,2015-05,6.0,4.0,729384.02571,729384.02571
2013-05,2015-06,5.0,3.0,21085.873589,21085.873589
2013-05,2015-07,6.0,5.0,332999.403566,332999.403566
2013-05,2015-08,9.0,6.0,939630.816724,939630.816724
2013-05,2015-09,8.0,7.0,671757.5811,671757.5811
2013-05,2015-10,14.0,11.0,1962507.19674,1962507.19674
2013-05,2015-11,11.0,8.0,1104444.530907,1104444.530907
2013-05,2015-12,18.0,15.0,2635585.3095199997,2635585.3095199997
2013-05,2016-01,15.0,3.0,600510.6291,600510.6291
2013-05,2016-02,11.0,9.0,1700148.6146999998,1700148.6146999998
2013-05,2016-03,11.0,9.0,1634468.148254,1634468.148254
2013-05,2016-04,7.0,5.0,437257.379352,437257.379352
2013-05,2016-05,3.0,2.0,287000.0,287000.0
2013-05,2016-08,2.0,2.0,11562.947945,11562.947945
2013-05,2016-09,4.0,3.0,22603.678444,22603.678444
2013-05,2016-10,1.0,1.0,12812.46216,12812.46216
2013-05,2016-12,1.0,1.0,6376.929528000001,6376.929528000001
2013-05,2017-02,2.0,2.0,8359.626819000001,8359.626819000001
2013-05,2017-03,1.0,1.0,6302.580101,6302.580101
2013-05,2017-10,1.0,,,
2013-06,2013-06,3.0,2.0,6851.04616,6851.04616
2013-06,2013-07,7.0,6.0,41898.804443,41898.804443
2013-06,2013-08,14.0,10.0,67218.094579,67218.094579
2013-06,2013-09,16.0,14.0,97914.58281299999,97914.58281299999
2013-06,2013-10,7.0,6.0,48493.323275,48493.323275
2013-06,2013-11,7.0,6.0,31632.046719,31632.046719
2013-06,2013-12,14.0,13.0,120446.003248,120446.003248
2013-06,2014-01,7.0,6.0,33589.342398,33589.342398
2013-06,2014-02,9.0,8.0,63140.204796,63140.204796
2013-06,2014-03,14.0,11.0,71564.84629,71564.84629
2013-06,2014-04,10.0,9.0,75411.63526899999,75411.63526899999
2013-06,2014-05,14.0,12.0,80843.009094,80843.009094
2013-06,2014-06,5.0,5.0,54798.567934,54798.567934
2013-06,2014-07,12.0,12.0,79716.078008,79716.078008
2013-06,2014-08,6.0,5.0,29432.766275,29432.766275
2013-06,2014-09,6.0,6.0,46001.478449,46001.478449
2013-06,2014-10,10.0,9.0,70200.629154,70200.629154
2013-06,2014-11,5.0,5.0,43242.600876,43242.600876
2013-06,2014-12,7.0,6.0,102238.32405,102238.32405
2013-06,2015-01,7.0,6.0,53310.872961,53310.872961
2013-06,2015-02,5.0,5.0,54364.769221999995,54364.769221999995
2013-06,2015-03,6.0,5.0,31299.246162,31299.246162
2013-06,2015-04,9.0,8.0,232560.71539109998,232560.71539109998
2013-06,2015-05,1.0,1.0,6218.40614,6218.40614
2013-06,2015-06,4.0,2.0,17133.088677,17133.088677
2013-06,2015-07,10.0,9.0,515366.45556,515366.45556
2013-06,2015-08,3.0,3.0,153843.62303200003,153843.62303200003
2013-06,2015-09,4.0,3.0,160619.898135,160619.898135
2013-06,2015-10,13.0,9.0,799518.6871539999,799518.6871539999
2013-06,2015-11,11.0,6.0,512637.824802,512637.824802
2013-06,2015-12,25.0,20.0,3193492.387524,3193492.387524
2013-06,2016-01,19.0,17.0,2132832.316883,2132832.316883
2013-06,2016-02,22.0,17.0,2456401.83241,2456401.83241
2013-06,2016-03,13.0,9.0,1378215.650443,1378215.650443
2013-06,2016-04,14.0,10.0,1400631.2041320002,1400631.2041320002
2013-06,2016-05,5.0,5.0,482815.289108,482815.289108
2013-06,2016-06,4.0,4.0,129198.625137,129198.625137
2013-06,2016-07,2.0,,,
2013-06,2016-09,2.0,,,
2013-06,2016-10,2.0,2.0,19980.751516,19980.751516
2013-06,2016-11,1.0,1.0,7000.0,7000.0
2013-06,2016-12,1.0,,,
2013-06,2017-03,1.0,1.0,6664.802824,6664.802824
2013-06,2017-06,1.0,1.0,4945.43429,4945.43429
2013-06,2017-07,1.0,1.0,11116.65145,11116.65145
2013-07,2013-07,2.0,2.0,6782.9028419999995,6782.9028419999995
2013-07,2013-08,7.0,7.0,48280.849566000004,48280.849566000004
2013-07,2013-09,13.0,13.0,91311.499293,91311.499293
2013-07,2013-10,9.0,9.0,74150.344557,74150.344557
2013-07,2013-11,13.0,9.0,82262.81901,82262.81901
2013-07,2013-12,18.0,13.0,98736.828029,98736.828029
2013-07,2014-01,6.0,6.0,63087.48360199999,63087.48360199999
2013-07,2014-02,11.0,10.0,68951.825023,68951.825023
2013-07,2014-03,5.0,4.0,35752.940307,35752.940307
2013-07,2014-04,5.0,4.0,21273.949454,21273.949454
2013-07,2014-05,15.0,14.0,132177.3445254,132177.3445254
2013-07,2014-06,5.0,5.0,26925.746999,26925.746999
2013-07,2014-07,12.0,6.0,61660.798146,61660.798146
2013-07,2014-08,8.0,7.0,57839.394301,57839.394301
2013-07,2014-09,10.0,8.0,68521.20192600001,68521.20192600001
2013-07,2014-10,16.0,14.0,101282.4405065,101282.4405065
2013-07,2014-11,11.0,11.0,92303.924364,92303.924364
2013-07,2014-12,6.0,6.0,44123.390017800004,44123.390017800004
2013-07,2015-01,4.0,4.0,28977.041621,28977.041621
2013-07,2015-02,4.0,4.0,18380.1245108,18380.1245108
2013-07,2015-03,4.0,4.0,30097.010267999998,30097.010267999998
2013-07,2015-04,3.0,3.0,16955.457255,16955.457255
2013-07,2015-05,7.0,6.0,52771.796159,52771.796159
2013-07,2015-06,7.0,4.0,118823.6929103,118823.6929103
2013-07,2015-07,10.0,10.0,508910.15917700005,508910.15917700005
2013-07,2015-08,6.0,4.0,29638.996986000002,29638.996986000002
2013-07,2015-09,9.0,9.0,614886.2459863,614886.2459863
2013-07,2015-10,13.0,10.0,1300326.336452,1300326.336452
2013-07,2015-11,7.0,6.0,919426.476622,919426.476622
2013-07,2015-12,16.0,11.0,1301018.726234,1301018.726234
2013-07,2016-01,10.0,8.0,925374.175702,925374.175702
2013-07,2016-02,8.0,7.0,869474.0866099999,869474.0866099999
2013-07,2016-03,12.0,6.0,788418.929736,788418.929736
2013-07,2016-04,16.0,14.0,1948190.1396899999,1948190.1396899999
2013-07,2016-05,9.0,7.0,1393048.57871,1393048.57871
2013-07,2016-06,5.0,5.0,800885.435851,800885.435851
2013-07,2016-07,5.0,5.0,753934.731801,753934.731801
2013-07,2016-08,3.0,1.0,180000.0,180000.0
2013-07,2016-09,1.0,1.0,544.672072,544.672072
2013-07,2017-01,1.0,1.0,5663.89154,5663.89154
2013-07,2017-03,1.0,,,
2013-07,2017-04,3.0,3.0,19224.174763,19224.174763
2013-07,2017-07,1.0,1.0,3120.678535,3120.678535
2013-07,2017-08,1.0,1.0,7000.0,7000.0
2013-08,2013-08,4.0,3.0,21493.736878000003,21493.736878000003
2013-08,2013-09,3.0,3.0,15520.709040999998,15520.709040999998
2013-08,2013-10,10.0,9.0,60462.608119000004,60462.608119000004
2013-08,2013-11,15.0,14.0,113823.49664200001,113823.49664200001
2013-08,2013-12,14.0,13.0,96250.33773800002,96250.33773800002
2013-08,2014-01,11.0,10.0,70673.718765,70673.718765
2013-08,2014-02,9.0,9.0,52833.515895000004,52833.515895000004
2013-08,2014-03,20.0,18.0,135529.308357,135529.308357
2013-08,2014-04,16.0,16.0,99627.39157400001,99627.39157400001
2013-08,2014-05,9.0,8.0,61677.189433,61677.189433
2013-08,2014-06,15.0,14.0,110307.083592,110307.083592
2013-08,2014-07,11.0,10.0,65173.960075,65173.960075
2013-08,2014-08,6.0,6.0,47224.263161999996,47224.263161999996
2013-08,2014-09,11.0,10.0,79447.10608000001,79447.10608000001
2013-08,2014-10,9.0,9.0,39518.654241,39518.654241
2013-08,2014-11,6.0,5.0,40089.870085,40089.870085
2013-08,2014-12,9.0,7.0,60167.675982,60167.675982
2013-08,2015-01,6.0,5.0,46023.91298000001,46023.91298000001
2013-08,2015-02,7.0,6.0,60686.793205,60686.793205
2013-08,2015-03,6.0,6.0,39306.27660799999,39306.27660799999
2013-08,2015-04,5.0,5.0,40861.153268999995,40861.153268999995
2013-08,2015-05,2.0,1.0,2969.304927,2969.304927
2013-08,2015-06,3.0,3.0,165891.19955800002,165891.19955800002
2013-08,2015-07,7.0,6.0,417417.31744599994,417417.31744599994
2013-08,2015-08,8.0,5.0,348152.95195,348152.95195
2013-08,2015-09,5.0,5.0,286622.018173,286622.018173
2013-08,2015-10,11.0,9.0,1048358.5221650001,1048358.5221650001
2013-08,2015-11,6.0,3.0,278587.27136,278587.27136
2013-08,2015-12,13.0,12.0,1436090.0703300002,1436090.0703300002
2013-08,2016-01,9.0,8.0,983931.47086,983931.47086
2013-08,2016-02,10.0,8.0,927691.0661599999,927691.0661599999
2013-08,2016-03,16.0,11.0,2025566.2540000002,2025566.2540000002
2013-08,2016-04,10.0,7.0,1106302.3788470002,1106302.3788470002
2013-08,2016-05,12.0,11.0,1432920.1585579999,1432920.1585579999
2013-08,2016-06,12.0,11.0,1376046.3252129997,1376046.3252129997
2013-08,2016-07,5.0,5.0,929897.718351,929897.718351
2013-08,2016-08,6.0,5.0,598839.004714,598839.004714
2013-08,2016-09,2.0,2.0,20751.441887,20751.441887
2013-08,2016-10,3.0,3.0,428176.003012,428176.003012
2013-08,2016-11,1.0,1.0,14000.0,14000.0
2013-08,2016-12,4.0,3.0,27367.43367,27367.43367
2013-08,2017-01,1.0,1.0,5208.698183,5208.698183
2013-08,2017-05,2.0,2.0,18113.36475,18113.36475
2013-08,2017-06,1.0,1.0,14000.0,14000.0
2013-08,2017-10,1.0,1.0,4611.832924,4611.832924
2013-09,2013-09,2.0,1.0,10687.55457,10687.55457
2013-09,2013-10,5.0,4.0,29806.407073000002,29806.407073000002
2013-09,2013-11,8.0,7.0,67036.80448400001,67036.80448400001
2013-09,2013-12,12.0,10.0,74913.2424131,74913.2424131
2013-09,2014-01,8.0,7.0,37983.8611,37983.8611
2013-09,2014-02,9.0,8.0,61431.122064,61431.122064
2013-09,2014-03,13.0,12.0,119461.17067400001,119461.17067400001
2013-09,2014-04,9.0,9.0,73677.28667999999,73677.28667999999
2013-09,2014-05,18.0,14.0,105033.067693,105033.067693
2013-09,2014-06,11.0,10.0,68282.468316,68282.468316
2013-09,2014-07,17.0,16.0,112486.3360923,112486.3360923
2013-09,2014-08,19.0,15.0,115616.3730552,115616.3730552
2013-09,2014-09,11.0,11.0,50785.512645,50785.512645
2013-09,2014-10,14.0,13.0,97859.409438,97859.409438
2013-09,2014-11,11.0,11.0,60040.006441,60040.006441
2013-09,2014-12,11.0,10.0,75755.746128,75755.746128
2013-09,2015-01,7.0,6.0,44698.390708399995,44698.390708399995
2013-09,2015-02,3.0,3.0,33810.813312,33810.813312
2013-09,2015-03,4.0,4.0,30546.918445000003,30546.918445000003
2013-09,2015-04,8.0,6.0,63270.036650999995,63270.036650999995
2013-09,2015-05,2.0,2.0,29637.26293,29637.26293
2013-09,2015-06,4.0,2.0,18692.616484,18692.616484
2013-09,2015-07,8.0,8.0,378817.97424499993,378817.97424499993
2013-09,2015-08,3.0,2.0,4687.092943,4687.092943
2013-09,2015-09,9.0,9.0,149460.56296100002,149460.56296100002
2013-09,2015-10,4.0,3.0,286108.38544,286108.38544
2013-09,2015-11,7.0,7.0,754397.38063,754397.38063
2013-09,2015-12,11.0,11.0,430740.944662,430740.944662
2013-09,2016-01,13.0,10.0,1137927.213938,1137927.213938
2013-09,2016-02,15.0,13.0,1593949.093547,1593949.093547
2013-09,2016-03,19.0,11.0,1359167.8354119998,1359167.8354119998
2013-09,2016-04,11.0,9.0,1291331.881042,1291331.881042
2013-09,2016-05,12.0,9.0,827412.528278,827412.528278
2013-09,2016-06,8.0,6.0,1099276.614578,1099276.614578
2013-09,2016-07,4.0,4.0,471551.15021399996,471551.15021399996
2013-09,2016-08,12.0,11.0,1825929.326099,1825929.326099
2013-09,2016-09,3.0,3.0,567661.535836,567661.535836
2013-09,2016-10,4.0,4.0,325509.104363,325509.104363
2013-09,2016-11,1.0,1.0,19000.0,19000.0
2013-09,2016-12,2.0,2.0,11916.257459,11916.257459
2013-09,2017-01,2.0,2.0,12024.665561,12024.665561
2013-09,2017-03,2.0,2.0,22340.76827,22340.76827
2013-09,2017-04,3.0,3.0,24248.28904,24248.28904
2013-09,2017-05,1.0,1.0,7334.295552,7334.295552
2013-09,2017-08,1.0,1.0,6540.121014,6540.121014
2013-09,2017-09,1.0,1.0,7000.0,7000.0
2013-10,2013-11,8.0,8.0,56517.023887999996,56517.023887999996
2013-10,2013-12,9.0,8.0,65417.836327000005,65417.836327000005
2013-10,2014-01,12.0,12.0,108450.9603535,108450.9603535
2013-10,2014-02,10.0,10.0,61173.240936999995,61173.240936999995
2013-10,2014-03,17.0,15.0,122851.957422,122851.957422
2013-10,2014-04,16.0,12.0,84059.22995699999,84059.22995699999
2013-10,2014-05,9.0,9.0,62060.472013,62060.472013
2013-10,2014-06,12.0,11.0,77852.10514200001,77852.10514200001
2013-10,2014-07,15.0,11.0,76942.573526,76942.573526
2013-10,2014-08,8.0,8.0,54352.503235000004,54352.503235000004
2013-10,2014-09,10.0,9.0,70955.110188,70955.110188
2013-10,2014-10,11.0,10.0,94883.060826,94883.060826
2013-10,2014-11,6.0,6.0,22573.494618999997,22573.494618999997
2013-10,2014-12,7.0,5.0,26510.310156,26510.310156
2013-10,2015-01,16.0,15.0,96399.3443303,96399.3443303
2013-10,2015-02,4.0,3.0,19745.393421,19745.393421
2013-10,2015-03,6.0,5.0,42375.173150999995,42375.173150999995
2013-10,2015-04,7.0,7.0,209425.715594,209425.715594
2013-10,2015-05,3.0,2.0,9910.351785,9910.351785
2013-10,2015-06,4.0,4.0,29345.571903999997,29345.571903999997
2013-10,2015-07,6.0,6.0,48855.836872,48855.836872
2013-10,2015-08,7.0,7.0,301833.37856700004,301833.37856700004
2013-10,2015-09,5.0,4.0,36342.980178,36342.980178
2013-10,2015-10,7.0,7.0,219058.685451,219058.685451
2013-10,2015-11,8.0,6.0,341213.986109,341213.986109
2013-10,2015-12,7.0,6.0,146401.261639,146401.261639
2013-10,2016-01,10.0,8.0,978008.481569,978008.481569
2013-10,2016-02,10.0,9.0,1043511.2255030001,1043511.2255030001
2013-10,2016-03,9.0,7.0,786237.279426,786237.279426
2013-10,2016-04,11.0,7.0,748542.881703,748542.881703
2013-10,2016-05,23.0,14.0,2045537.170094,2045537.170094
2013-10,2016-06,16.0,13.0,2160948.32619,2160948.32619
2013-10,2016-07,7.0,5.0,548880.892033,548880.892033
2013-10,2016-08,13.0,9.0,1260952.9072180002,1260952.9072180002
2013-10,2016-09,9.0,8.0,1057019.306276,1057019.306276
2013-10,2016-10,8.0,4.0,40789.495221000005,40789.495221000005
2013-10,2016-11,4.0,3.0,351015.387626,351015.387626
2013-10,2016-12,3.0,3.0,166467.590583,166467.590583
2013-10,2017-01,1.0,,,
2013-10,2017-02,2.0,2.0,18524.165465,18524.165465
2013-10,2017-03,1.0,1.0,14000.0,14000.0
2013-10,2017-04,1.0,1.0,18138.97497,18138.97497
2013-10,2017-05,1.0,1.0,7000.0,7000.0
2013-10,2017-07,1.0,,,
2013-10,2017-12,1.0,1.0,2816.282521,2816.282521
2013-11,2013-11,2.0,2.0,19467.118469,19467.118469
2013-11,2013-12,9.0,8.0,39753.61215949999,39753.61215949999
2013-11,2014-01,11.0,10.0,72384.838332,72384.838332
2013-11,2014-02,7.0,7.0,58139.878720999994,58139.878720999994
2013-11,2014-03,11.0,11.0,68275.186724,68275.186724
2013-11,2014-04,21.0,20.0,139825.518088,139825.518088
2013-11,2014-05,6.0,5.0,33666.375112999995,33666.375112999995
2013-11,2014-06,19.0,15.0,112055.8054981,112055.8054981
2013-11,2014-07,18.0,17.0,79055.750169,79055.750169
2013-11,2014-08,22.0,19.0,129779.243843,129779.243843
2013-11,2014-09,10.0,10.0,60560.767403,60560.767403
2013-11,2014-10,12.0,11.0,83997.475622,83997.475622
2013-11,2014-11,9.0,8.0,69988.899309,69988.899309
2013-11,2014-12,12.0,9.0,81477.811597,81477.811597
2013-11,2015-01,9.0,9.0,56860.36025799999,56860.36025799999
2013-11,2015-02,8.0,8.0,40814.910358,40814.910358
2013-11,2015-03,6.0,6.0,42746.511551999996,42746.511551999996
2013-11,2015-04,5.0,4.0,34332.058531,34332.058531
2013-11,2015-05,2.0,2.0,25540.598900999998,25540.598900999998
2013-11,2015-06,4.0,4.0,22509.926512,22509.926512
2013-11,2015-07,8.0,6.0,174331.80402699998,174331.80402699998
2013-11,2015-08,5.0,3.0,22154.613753999998,22154.613753999998
2013-11,2015-09,7.0,6.0,38897.008462,38897.008462
2013-11,2015-10,8.0,7.0,258494.15610100003,258494.15610100003
2013-11,2015-11,7.0,4.0,27560.994843999997,27560.994843999997
2013-11,2015-12,7.0,4.0,112641.28929300001,112641.28929300001
2013-11,2016-01,7.0,3.0,394528.841465,394528.841465
2013-11,2016-02,9.0,5.0,430750.279718,430750.279718
2013-11,2016-03,9.0,5.0,212166.378348,212166.378348
2013-11,2016-04,6.0,4.0,391978.10736,391978.10736
2013-11,2016-05,9.0,6.0,663113.612549,663113.612549
2013-11,2016-06,13.0,10.0,1339810.70184,1339810.70184
2013-11,2016-07,11.0,8.0,1215648.511354,1215648.511354
2013-11,2016-08,15.0,9.0,1288634.1743,1288634.1743
2013-11,2016-09,13.0,10.0,1635437.970101,1635437.970101
2013-11,2016-10,4.0,4.0,401581.21482900006,401581.21482900006
2013-11,2016-11,4.0,4.0,191365.633439,191365.633439
2013-11,2016-12,7.0,6.0,595728.700768,595728.700768
2013-11,2017-04,2.0,2.0,22123.015399,22123.015399
2013-11,2017-07,4.0,4.0,32373.551703999998,32373.551703999998
2013-11,2017-10,2.0,2.0,13294.864550999999,13294.864550999999
2013-11,2017-11,2.0,2.0,18853.725949,18853.725949
2013-12,2013-12,2.0,2.0,16508.968579,16508.968579
2013-12,2014-01,6.0,6.0,55117.462232,55117.462232
2013-12,2014-02,4.0,4.0,21956.205866999997,21956.205866999997
2013-12,2014-03,14.0,13.0,87867.30846100001,87867.30846100001
2013-12,2014-04,11.0,10.0,68005.87303,68005.87303
2013-12,2014-05,10.0,9.0,70145.946226,70145.946226
2013-12,2014-06,10.0,8.0,55663.78707399999,55663.78707399999
2013-12,2014-07,12.0,10.0,84040.311812,84040.311812
2013-12,2014-08,12.0,10.0,79976.440325,79976.440325
2013-12,2014-09,10.0,7.0,42145.200734,42145.200734
2013-12,2014-10,8.0,8.0,56707.22223399999,56707.22223399999
2013-12,2014-11,10.0,7.0,36945.4036137,36945.4036137
2013-12,2014-12,16.0,15.0,116400.145708,116400.145708
2013-12,2015-01,8.0,7.0,44294.325625,44294.325625
2013-12,2015-02,3.0,2.0,8337.139896,8337.139896
2013-12,2015-03,6.0,5.0,49437.91085,49437.91085
2013-12,2015-04,12.0,10.0,78667.587248,78667.587248
2013-12,2015-05,5.0,4.0,18079.165366999998,18079.165366999998
2013-12,2015-06,3.0,3.0,19803.871191,19803.871191
2013-12,2015-07,7.0,6.0,39941.860865,39941.860865
2013-12,2015-08,9.0,9.0,238984.087444,238984.087444
2013-12,2015-09,8.0,7.0,57841.919696,57841.919696
2013-12,2015-10,6.0,6.0,204109.009972,204109.009972
2013-12,2015-11,3.0,3.0,386664.45399999997,386664.45399999997
2013-12,2015-12,5.0,4.0,117220.879514,117220.879514
2013-12,2016-01,6.0,6.0,43709.801633,43709.801633
2013-12,2016-02,8.0,6.0,524874.3983469999,524874.3983469999
2013-12,2016-03,5.0,5.0,220347.677377,220347.677377
2013-12,2016-04,8.0,7.0,678961.06818,678961.06818
2013-12,2016-05,10.0,8.0,649108.4627390001,649108.4627390001
2013-12,2016-06,11.0,10.0,709876.694748,709876.694748
2013-12,2016-07,15.0,10.0,1519165.110901,1519165.110901
2013-12,2016-08,14.0,11.0,1763655.946049,1763655.946049
2013-12,2016-09,9.0,6.0,895487.4366370001,895487.4366370001
2013-12,2016-10,11.0,9.0,1280474.073782,1280474.073782
2013-12,2016-11,4.0,3.0,297242.748081,297242.748081
2013-12,2016-12,4.0,4.0,431632.25423,431632.25423
2013-12,2017-01,2.0,1.0,2173.166532,2173.166532
2013-12,2017-02,2.0,2.0,9744.078912,9744.078912
2013-12,2017-03,3.0,3.0,27655.254283000002,27655.254283000002
2013-12,2017-04,1.0,1.0,5155.76875,5155.76875
2013-12,2017-06,1.0,1.0,19000.0,19000.0
2013-12,2017-07,1.0,1.0,11884.29048,11884.29048
2013-12,2017-09,1.0,1.0,2561.507702,2561.507702
2013-12,2017-11,1.0,1.0,3262.315463,3262.315463
2014-01,2014-01,3.0,3.0,18193.615004,18193.615004
2014-01,2014-02,3.0,3.0,21745.6160029,21745.6160029
2014-01,2014-03,9.0,7.0,37123.325715,37123.325715
2014-01,2014-04,19.0,19.0,133688.64199400003,133688.64199400003
2014-01,2014-05,16.0,16.0,114663.35243200001,114663.35243200001
2014-01,2014-06,13.0,13.0,108694.11263599999,108694.11263599999
2014-01,2014-07,11.0,9.0,65123.078266,65123.078266
2014-01,2014-08,13.0,12.0,82659.79814000001,82659.79814000001
2014-01,2014-09,8.0,7.0,54213.2113339,54213.2113339
2014-01,2014-10,13.0,13.0,95810.77167199999,95810.77167199999
2014-01,2014-11,13.0,10.0,72691.211877,72691.211877
2014-01,2014-12,13.0,13.0,90497.611881,90497.611881
2014-01,2015-01,8.0,7.0,39496.394383,39496.394383
2014-01,2015-02,11.0,9.0,63116.935792000004,63116.935792000004
2014-01,2015-03,10.0,9.0,55961.095364,55961.095364
2014-01,2015-04,9.0,9.0,63921.094982999995,63921.094982999995
2014-01,2015-05,9.0,9.0,76625.93364799999,76625.93364799999
2014-01,2015-06,4.0,4.0,33921.288564,33921.288564
2014-01,2015-07,5.0,4.0,24108.31633,24108.31633
2014-01,2015-08,8.0,7.0,135790.91899099998,135790.91899099998
2014-01,2015-09,5.0,5.0,53083.886250999996,53083.886250999996
2014-01,2015-10,7.0,5.0,220750.02509799998,220750.02509799998
2014-01,2015-11,2.0,2.0,10978.363967,10978.363967
2014-01,2015-12,8.0,5.0,151287.41891200002,151287.41891200002
2014-01,2016-01,11.0,10.0,297354.58176900004,297354.58176900004
2014-01,2016-02,7.0,7.0,212117.796074,212117.796074
2014-01,2016-03,10.0,7.0,556671.932104,556671.932104
2014-01,2016-04,10.0,7.0,692924.69983,692924.69983
2014-01,2016-05,5.0,3.0,204427.74074,204427.74074
2014-01,2016-06,11.0,10.0,613275.800407,613275.800407
2014-01,2016-07,20.0,17.0,2254385.643202,2254385.643202
2014-01,2016-08,17.0,11.0,1335349.820106,1335349.820106
2014-01,2016-09,10.0,7.0,933980.2971820001,933980.2971820001
2014-01,2016-10,9.0,6.0,918198.70755,918198.70755
2014-01,2016-11,13.0,10.0,1597494.7878999996,1597494.7878999996
2014-01,2016-12,6.0,6.0,904538.707292,904538.707292
2014-01,2017-01,4.0,2.0,405900.6962,405900.6962
2014-01,2017-02,4.0,4.0,643443.135354,643443.135354
2014-01,2017-04,3.0,3.0,33327.603111000004,33327.603111000004
2014-01,2017-05,1.0,1.0,1457.1470800000002,1457.1470800000002
2014-01,2017-06,1.0,1.0,7780.537762000001,7780.537762000001
2014-01,2017-07,1.0,1.0,1505.27788,1505.27788
2014-01,2017-08,1.0,1.0,7000.0,7000.0
2014-01,2017-09,1.0,,,
2014-01,2017-10,1.0,1.0,7000.0,7000.0
2014-01,2017-11,1.0,1.0,2200.973747,2200.973747
2014-02,2014-02,2.0,2.0,11026.1978,11026.1978
2014-02,2014-03,6.0,5.0,45821.82764,45821.82764
2014-02,2014-04,12.0,9.0,93402.484775,93402.484775
2014-02,2014-05,13.0,13.0,112069.606984,112069.606984
2014-02,2014-06,22.0,19.0,135704.20104999997,135704.20104999997
2014-02,2014-07,18.0,17.0,110294.513685,110294.513685
2014-02,2014-08,8.0,8.0,46842.315554999994,46842.315554999994
2014-02,2014-09,13.0,11.0,95022.20550900002,95022.20550900002
2014-02,2014-10,10.0,9.0,66433.409682,66433.409682
2014-02,2014-11,13.0,12.0,85841.689536,85841.689536
2014-02,2014-12,15.0,15.0,108572.44615900001,108572.44615900001
2014-02,2015-01,11.0,9.0,71043.368174,71043.368174
2014-02,2015-02,9.0,7.0,61142.947347999994,61142.947347999994
2014-02,2015-03,11.0,10.0,78813.62407,78813.62407
2014-02,2015-04,11.0,10.0,77590.42524,77590.42524
2014-02,2015-05,10.0,8.0,63514.033532,63514.033532
2014-02,2015-06,14.0,14.0,81413.768117,81413.768117
2014-02,2015-07,7.0,7.0,60865.06271699999,60865.06271699999
2014-02,2015-08,1.0,1.0,4112.207544,4112.207544
2014-02,2015-09,4.0,3.0,20858.982796,20858.982796
2014-02,2015-11,4.0,2.0,21153.034828,21153.034828
2014-02,2015-12,6.0,6.0,220320.18327799998,220320.18327799998
2014-02,2016-01,3.0,3.0,163996.451958,163996.451958
2014-02,2016-02,11.0,10.0,371253.47414500004,371253.47414500004
2014-02,2016-03,6.0,4.0,221742.157122,221742.157122
2014-02,2016-04,7.0,4.0,459201.779712,459201.779712
2014-02,2016-05,11.0,9.0,953589.1806649999,953589.1806649999
2014-02,2016-06,10.0,7.0,591640.7324529999,591640.7324529999
2014-02,2016-07,7.0,5.0,114996.827416,114996.827416
2014-02,2016-08,14.0,12.0,1861000.979703,1861000.979703
2014-02,2016-09,14.0,9.0,1228836.61149,1228836.61149
2014-02,2016-10,13.0,9.0,1245591.73943,1245591.73943
2014-02,2016-11,14.0,11.0,1746954.6786800001,1746954.6786800001
2014-02,2016-12,6.0,6.0,1111973.40493,1111973.40493
2014-02,2017-01,7.0,5.0,878476.5052,878476.5052
2014-02,2017-02,5.0,3.0,192166.65987700003,192166.65987700003
2014-02,2017-03,3.0,2.0,11242.330154,11242.330154
2014-02,2017-04,1.0,1.0,7554.100570999999,7554.100570999999
2014-02,2017-06,1.0,1.0,17332.50908,17332.50908
2014-02,2017-08,2.0,2.0,21594.097695,21594.097695
2014-02,2017-09,2.0,2.0,5916.661647,5916.661647
2014-02,2017-11,1.0,1.0,3571.597883,3571.597883
2014-03,2014-03,7.0,7.0,41856.03283899999,41856.03283899999
2014-03,2014-04,4.0,3.0,24013.075063,24013.075063
2014-03,2014-05,16.0,14.0,103901.773484,103901.773484
2014-03,2014-06,14.0,13.0,104195.37364099998,104195.37364099998
2014-03,2014-07,14.0,13.0,114878.266529,114878.266529
2014-03,2014-08,16.0,15.0,155698.85701900002,155698.85701900002
2014-03,2014-09,15.0,13.0,87384.33032099999,87384.33032099999
2014-03,2014-10,19.0,19.0,132560.629505,132560.629505
2014-03,2014-11,9.0,9.0,76107.02875900001,76107.02875900001
2014-03,2014-12,14.0,14.0,118163.69409699999,118163.69409699999
2014-03,2015-01,9.0,7.0,61297.159908,61297.159908
2014-03,2015-02,7.0,7.0,47225.304934,47225.304934
2014-03,2015-03,11.0,10.0,76461.71418899999,76461.71418899999
2014-03,2015-04,11.0,10.0,65991.70974399999,65991.70974399999
2014-03,2015-05,6.0,6.0,60794.858101,60794.858101
2014-03,2015-06,7.0,7.0,61796.94232599999,61796.94232599999
2014-03,2015-07,7.0,6.0,45437.707943,45437.707943
2014-03,2015-08,7.0,5.0,32754.713275000002,32754.713275000002
2014-03,2015-09,3.0,2.0,12519.62395,12519.62395
2014-03,2015-10,14.0,14.0,107184.64306700003,107184.64306700003
2014-03,2015-11,4.0,4.0,277040.807773,277040.807773
2014-03,2015-12,3.0,3.0,36150.53686,36150.53686
2014-03,2016-01,7.0,7.0,199393.909519,199393.909519
2014-03,2016-02,2.0,2.0,4723.559636,4723.559636
2014-03,2016-03,7.0,6.0,141956.497095,141956.497095
2014-03,2016-04,8.0,5.0,29800.642097,29800.642097
2014-03,2016-05,10.0,8.0,248503.17610799999,248503.17610799999
2014-03,2016-06,9.0,6.0,316158.472907,316158.472907
2014-03,2016-07,6.0,3.0,492193.8087,492193.8087
2014-03,2016-08,12.0,9.0,835404.5011969999,835404.5011969999
2014-03,2016-09,12.0,9.0,1304641.64019,1304641.64019
2014-03,2016-10,16.0,9.0,1238797.75319,1238797.75319
2014-03,2016-11,17.0,10.0,1305638.7923219998,1305638.7923219998
2014-03,2016-12,14.0,12.0,1721676.46226,1721676.46226
2014-03,2017-01,11.0,7.0,599750.883661,599750.883661
2014-03,2017-02,9.0,7.0,1071143.908321,1071143.908321
2014-03,2017-03,4.0,3.0,125951.872599,125951.872599
2014-03,2017-04,6.0,5.0,381231.75212900003,381231.75212900003
2014-03,2017-05,2.0,2.0,172514.759135,172514.759135
2014-03,2017-06,3.0,3.0,21333.624690999997,21333.624690999997
2014-03,2017-07,4.0,4.0,26290.760815,26290.760815
2014-03,2017-08,2.0,1.0,5955.249459000001,5955.249459000001
2014-03,2017-09,1.0,1.0,16877.51034,16877.51034
2014-03,2017-10,4.0,4.0,21924.855746,21924.855746
2014-03,2017-12,1.0,1.0,7000.0,7000.0
2014-04,2014-04,3.0,2.0,25232.184583000002,25232.184583000002
2014-04,2014-05,4.0,2.0,14000.0,14000.0
2014-04,2014-06,8.0,7.0,60052.904826,60052.904826
2014-04,2014-07,11.0,8.0,81449.449158,81449.449158
2014-04,2014-08,15.0,14.0,98592.40350900001,98592.40350900001
2014-04,2014-09,10.0,10.0,83581.205827,83581.205827
2014-04,2014-10,12.0,11.0,87931.778124,87931.778124
2014-04,2014-11,14.0,12.0,104719.749933,104719.749933
2014-04,2014-12,14.0,12.0,83453.671453,83453.671453
2014-04,2015-01,13.0,11.0,98973.927374,98973.927374
2014-04,2015-02,10.0,9.0,58561.568220999994,58561.568220999994
2014-04,2015-03,9.0,7.0,58437.774627,58437.774627
2014-04,2015-04,9.0,8.0,76255.738051,76255.738051
2014-04,2015-05,17.0,14.0,101390.26902200002,101390.26902200002
2014-04,2015-06,16.0,12.0,69617.7025096,69617.7025096
2014-04,2015-07,6.0,6.0,40110.63504,40110.63504
2014-04,2015-08,6.0,6.0,38710.569751999996,38710.569751999996
2014-04,2015-09,5.0,4.0,25366.465042,25366.465042
2014-04,2015-10,8.0,7.0,61955.884883000006,61955.884883000006
2014-04,2015-11,4.0,4.0,25009.266000000003,25009.266000000003
2014-04,2015-12,7.0,5.0,31598.187314000003,31598.187314000003
2014-04,2016-01,9.0,6.0,54048.803676999996,54048.803676999996
2014-04,2016-02,2.0,1.0,11851.39453,11851.39453
2014-04,2016-03,4.0,4.0,141845.787481,141845.787481
2014-04,2016-04,7.0,6.0,524859.850658,524859.850658
2014-04,2016-05,5.0,4.0,693237.0650589999,693237.0650589999
2014-04,2016-06,8.0,4.0,130933.70464000001,130933.70464000001
2014-04,2016-07,5.0,4.0,315262.103262,315262.103262
2014-04,2016-08,6.0,5.0,508442.770165,508442.770165
2014-04,2016-09,8.0,6.0,986893.56859,986893.56859
2014-04,2016-10,14.0,9.0,1107498.6019300001,1107498.6019300001
2014-04,2016-11,11.0,10.0,1628701.2541,1628701.2541
2014-04,2016-12,10.0,6.0,945913.26283,945913.26283
2014-04,2017-01,16.0,12.0,1994376.2447080002,1994376.2447080002
2014-04,2017-02,13.0,9.0,1248361.1138937,1248361.1138937
2014-04,2017-03,2.0,1.0,7000.0,7000.0
2014-04,2017-04,3.0,2.0,286149.160343,286149.160343
2014-04,2017-07,1.0,1.0,3823.738205,3823.738205
2014-04,2017-08,1.0,1.0,7000.0,7000.0
2014-04,2017-09,2.0,,,
2014-04,2017-12,1.0,1.0,7000.0,7000.0
2014-05,2014-05,1.0,,,
2014-05,2014-06,4.0,3.0,17227.928985,17227.928985
2014-05,2014-07,5.0,5.0,27750.82145,27750.82145
2014-05,2014-08,12.0,11.0,64920.31293,64920.31293
2014-05,2014-09,7.0,7.0,52425.305221999995,52425.305221999995
2014-05,2014-10,13.0,12.0,104786.922285,104786.922285
2014-05,2014-11,10.0,9.0,51431.543442999995,51431.543442999995
2014-05,2014-12,15.0,12.0,75141.60936300001,75141.60936300001
2014-05,2015-01,13.0,12.0,94043.024894,94043.024894
2014-05,2015-02,12.0,11.0,110458.53899300002,110458.53899300002
2014-05,2015-03,15.0,13.0,91977.050437,91977.050437
2014-05,2015-04,13.0,13.0,94845.11606800002,94845.11606800002
2014-05,2015-05,8.0,8.0,42100.162714,42100.162714
2014-05,2015-06,9.0,8.0,37766.071179,37766.071179
2014-05,2015-07,9.0,9.0,70352.134251,70352.134251
2014-05,2015-08,7.0,7.0,38031.17808,38031.17808
2014-05,2015-09,5.0,4.0,27324.267979999997,27324.267979999997
2014-05,2015-10,10.0,8.0,43493.409227,43493.409227
2014-05,2015-11,8.0,7.0,73484.344127,73484.344127
2014-05,2015-12,6.0,6.0,47879.400388999995,47879.400388999995
2014-05,2016-01,6.0,5.0,40091.072625,40091.072625
2014-05,2016-02,7.0,7.0,43696.87165,43696.87165
2014-05,2016-03,9.0,7.0,197505.830961,197505.830961
2014-05,2016-04,6.0,6.0,354590.40235700004,354590.40235700004
2014-05,2016-05,11.0,11.0,796275.221621,796275.221621
2014-05,2016-06,8.0,7.0,501822.287745,501822.287745
2014-05,2016-07,7.0,5.0,94073.177509,94073.177509
2014-05,2016-08,7.0,5.0,208605.357011,208605.357011
2014-05,2016-09,12.0,11.0,840015.02237,840015.02237
2014-05,2016-10,9.0,5.0,535385.104118,535385.104118
2014-05,2016-11,13.0,9.0,1222319.9991620001,1222319.9991620001
2014-05,2016-12,11.0,9.0,937239.036658,937239.036658
2014-05,2017-01,10.0,8.0,1124267.0332499999,1124267.0332499999
2014-05,2017-02,13.0,11.0,1809481.123034,1809481.123034
2014-05,2017-03,10.0,7.0,751876.1959630001,751876.1959630001
2014-05,2017-04,8.0,6.0,1112244.5008999999,1112244.5008999999
2014-05,2017-05,5.0,4.0,712255.536,712255.536
2014-05,2017-06,1.0,1.0,5503.027815,5503.027815
2014-05,2017-10,1.0,1.0,19000.0,19000.0
2014-05,2017-11,1.0,,,
2014-05,2017-12,1.0,1.0,12407.21927,12407.21927
2014-06,2014-07,7.0,6.0,32351.2298484,32351.2298484
2014-06,2014-08,5.0,5.0,31836.316781999998,31836.316781999998
2014-06,2014-09,11.0,9.0,66289.251427,66289.251427
2014-06,2014-10,14.0,13.0,81787.33721499999,81787.33721499999
2014-06,2014-11,15.0,13.0,107053.192243,107053.192243
2014-06,2014-12,24.0,19.0,143595.368132,143595.368132
2014-06,2015-01,10.0,9.0,59589.625334000004,59589.625334000004
2014-06,2015-02,3.0,2.0,9302.495418,9302.495418
2014-06,2015-03,14.0,10.0,76650.181977,76650.181977
2014-06,2015-04,22.0,21.0,124141.06528600001,124141.06528600001
2014-06,2015-05,13.0,13.0,83364.43676,83364.43676
2014-06,2015-06,6.0,6.0,41465.820645,41465.820645
2014-06,2015-07,11.0,9.0,86065.81918599998,86065.81918599998
2014-06,2015-08,6.0,5.0,34686.068726,34686.068726
2014-06,2015-09,10.0,9.0,55951.600355999995,55951.600355999995
2014-06,2015-10,12.0,11.0,83707.079866,83707.079866
2014-06,2015-11,9.0,8.0,55792.122597,55792.122597
2014-06,2015-12,7.0,6.0,165451.433796,165451.433796
2014-06,2016-01,9.0,8.0,60042.224137,60042.224137
2014-06,2016-02,4.0,4.0,31799.379255,31799.379255
2014-06,2016-03,7.0,6.0,22992.429547,22992.429547
2014-06,2016-04,2.0,2.0,10304.208798,10304.208798
2014-06,2016-05,6.0,6.0,47204.539329,47204.539329
2014-06,2016-06,6.0,6.0,309685.077359,309685.077359
2014-06,2016-07,5.0,3.0,295442.552497,295442.552497
2014-06,2016-08,13.0,10.0,1044091.0323889999,1044091.0323889999
2014-06,2016-09,9.0,7.0,689258.5899709999,689258.5899709999
2014-06,2016-10,9.0,7.0,817205.517174,817205.517174
2014-06,2016-11,13.0,11.0,1459404.322904,1459404.322904
2014-06,2016-12,17.0,14.0,795760.6172509999,795760.6172509999
2014-06,2017-01,18.0,13.0,1894393.2513623,1894393.2513623
2014-06,2017-02,8.0,7.0,1258486.9098800002,1258486.9098800002
2014-06,2017-03,12.0,11.0,1485590.1255340003,1485590.1255340003
2014-06,2017-04,8.0,6.0,1291553.0677,1291553.0677
2014-06,2017-05,8.0,5.0,857075.2504799999,857075.2504799999
2014-06,2017-06,5.0,4.0,533887.57947,533887.57947
2014-06,2017-07,4.0,3.0,466078.465078,466078.465078
2014-06,2017-09,3.0,3.0,295421.578684,295421.578684
2014-06,2017-10,2.0,2.0,10671.210804000002,10671.210804000002
2014-06,2017-11,2.0,2.0,17585.537430999997,17585.537430999997
2014-06,2017-12,1.0,1.0,17936.29411,17936.29411
2014-07,2014-07,3.0,3.0,17395.126262,17395.126262
2014-07,2014-08,6.0,6.0,43535.21526999999,43535.21526999999
2014-07,2014-09,11.0,11.0,94354.149357,94354.149357
2014-07,2014-10,15.0,11.0,87021.707853,87021.707853
2014-07,2014-11,12.0,12.0,92540.91417500001,92540.91417500001
2014-07,2014-12,16.0,16.0,106502.4375357,106502.4375357
2014-07,2015-01,8.0,7.0,59634.8376142,59634.8376142
2014-07,2015-02,11.0,10.0,111315.719528,111315.719528
2014-07,2015-03,14.0,9.0,94168.08697,94168.08697
2014-07,2015-04,9.0,7.0,52377.829211000004,52377.829211000004
2014-07,2015-05,12.0,10.0,58395.495132,58395.495132
2014-07,2015-06,13.0,12.0,128251.420261,128251.420261
2014-07,2015-07,14.0,10.0,80860.585272,80860.585272
2014-07,2015-08,7.0,7.0,46192.051861,46192.051861
2014-07,2015-09,11.0,6.0,37533.072122,37533.072122
2014-07,2015-10,7.0,7.0,61260.917809000006,61260.917809000006
2014-07,2015-11,9.0,9.0,56111.977217,56111.977217
2014-07,2015-12,3.0,3.0,19568.07919,19568.07919
2014-07,2016-01,8.0,7.0,52970.6656049,52970.6656049
2014-07,2016-02,3.0,3.0,14526.357084,14526.357084
2014-07,2016-03,5.0,4.0,45278.152241,45278.152241
2014-07,2016-04,12.0,10.0,91969.711148,91969.711148
2014-07,2016-05,10.0,10.0,316389.200871,316389.200871
2014-07,2016-06,4.0,3.0,23371.563584,23371.563584
2014-07,2016-07,6.0,5.0,352996.43914999993,352996.43914999993
2014-07,2016-08,10.0,8.0,367989.59770300006,367989.59770300006
2014-07,2016-09,6.0,5.0,478381.920758,478381.920758
2014-07,2016-10,7.0,6.0,434475.1067226,434475.1067226
2014-07,2016-11,10.0,10.0,847863.4332360001,847863.4332360001
2014-07,2016-12,10.0,8.0,1255281.4875270003,1255281.4875270003
2014-07,2017-01,14.0,10.0,650543.8933959999,650543.8933959999
2014-07,2017-02,20.0,13.0,1765331.19601,1765331.19601
2014-07,2017-03,14.0,11.0,1514354.7239919999,1514354.7239919999
2014-07,2017-04,17.0,14.0,1560650.3954669998,1560650.3954669998
2014-07,2017-05,12.0,9.0,875814.906749,875814.906749
2014-07,2017-06,8.0,7.0,914088.0865950001,914088.0865950001
2014-07,2017-07,3.0,2.0,363412.5051,363412.5051
2014-07,2017-09,1.0,1.0,8398.633653,8398.633653
2014-07,2017-10,1.0,1.0,2863.147884,2863.147884
2014-07,2017-11,3.0,3.0,28156.702124,28156.702124
2014-08,2014-08,3.0,3.0,17118.276431000002,17118.276431000002
2014-08,2014-09,5.0,4.0,42752.625229,42752.625229
2014-08,2014-10,14.0,12.0,84450.652063,84450.652063
2014-08,2014-11,15.0,13.0,114023.717706,114023.717706
2014-08,2014-12,20.0,18.0,152833.80607199998,152833.80607199998
2014-08,2015-01,16.0,14.0,114121.21267800001,114121.21267800001
2014-08,2015-02,9.0,7.0,43485.63816899999,43485.63816899999
2014-08,2015-03,27.0,24.0,218119.10310699997,218119.10310699997
2014-08,2015-04,13.0,12.0,86276.0462,86276.0462
2014-08,2015-05,8.0,8.0,62235.259926,62235.259926
2014-08,2015-06,16.0,14.0,87107.280149,87107.280149
2014-08,2015-07,13.0,12.0,105437.946739,105437.946739
2014-08,2015-08,12.0,10.0,68083.995035,68083.995035
2014-08,2015-09,13.0,13.0,83227.24722189999,83227.24722189999
2014-08,2015-10,4.0,3.0,11694.651496,11694.651496
2014-08,2015-11,7.0,6.0,40618.768295999995,40618.768295999995
2014-08,2015-12,12.0,11.0,94119.67336799999,94119.67336799999
2014-08,2016-01,11.0,11.0,86156.536419,86156.536419
2014-08,2016-02,13.0,13.0,185570.010872,185570.010872
2014-08,2016-03,6.0,6.0,58978.612847,58978.612847
2014-08,2016-04,3.0,3.0,25249.083375,25249.083375
2014-08,2016-05,6.0,6.0,160572.31593,160572.31593
2014-08,2016-06,12.0,11.0,287744.976689,287744.976689
2014-08,2016-07,4.0,4.0,147455.676455,147455.676455
2014-08,2016-08,8.0,7.0,179415.63537899998,179415.63537899998
2014-08,2016-09,11.0,9.0,386769.056379,386769.056379
2014-08,2016-10,10.0,10.0,1047920.1045319999,1047920.1045319999
2014-08,2016-11,7.0,6.0,581176.41059,581176.41059
2014-08,2016-12,10.0,8.0,670326.7715029999,670326.7715029999
2014-08,2017-01,8.0,6.0,740268.6568,740268.6568
2014-08,2017-02,11.0,10.0,989902.8465529999,989902.8465529999
2014-08,2017-03,14.0,9.0,1345040.1114400001,1345040.1114400001
2014-08,2017-04,9.0,6.0,1048109.892,1048109.892
2014-08,2017-05,12.0,6.0,517219.341563,517219.341563
2014-08,2017-06,8.0,4.0,571804.6787,571804.6787
2014-08,2017-07,6.0,5.0,741282.1157,741282.1157
2014-08,2017-08,2.0,2.0,474520.3606,474520.3606
2014-08,2017-09,3.0,3.0,553602.058553,553602.058553
2014-08,2017-11,1.0,1.0,4739.0204810000005,4739.0204810000005
2014-08,2017-12,2.0,2.0,8852.389127,8852.389127
2014-09,2014-09,1.0,1.0,11766.35654,11766.35654
2014-09,2014-10,11.0,10.0,70613.585057,70613.585057
2014-09,2014-11,9.0,9.0,90230.081727,90230.081727
2014-09,2014-12,18.0,16.0,101852.60026553998,101852.60026553998
2014-09,2015-01,12.0,11.0,76066.255398,76066.255398
2014-09,2015-02,16.0,13.0,89862.7913511,89862.7913511
2014-09,2015-03,21.0,19.0,151175.866617,151175.866617
2014-09,2015-04,16.0,14.0,100473.42465599999,100473.42465599999
2014-09,2015-05,19.0,17.0,103208.746962,103208.746962
2014-09,2015-06,9.0,9.0,58935.152592,58935.152592
2014-09,2015-07,14.0,11.0,97079.614731,97079.614731
2014-09,2015-08,13.0,13.0,129682.745064,129682.745064
2014-09,2015-09,7.0,6.0,57545.028781,57545.028781
2014-09,2015-10,16.0,14.0,86011.194043,86011.194043
2014-09,2015-11,9.0,8.0,52566.195198,52566.195198
2014-09,2015-12,3.0,3.0,33350.920165,33350.920165
2014-09,2016-01,11.0,9.0,77655.827773,77655.827773
2014-09,2016-02,7.0,5.0,28722.8318939,28722.8318939
2014-09,2016-03,6.0,4.0,36532.136163,36532.136163
2014-09,2016-04,4.0,4.0,28919.582885000003,28919.582885000003
2014-09,2016-05,7.0,5.0,60075.572549000004,60075.572549000004
2014-09,2016-06,5.0,5.0,72839.456149,72839.456149
2014-09,2016-07,5.0,3.0,21977.48103,21977.48103
2014-09,2016-08,2.0,2.0,130712.38505000001,130712.38505000001
2014-09,2016-09,11.0,10.0,481402.4263820001,481402.4263820001
2014-09,2016-10,3.0,3.0,34469.89788,34469.89788
2014-09,2016-11,4.0,2.0,189849.08458999998,189849.08458999998
2014-09,2016-12,14.0,11.0,1294467.8002570001,1294467.8002570001
2014-09,2017-01,9.0,8.0,784824.5137170001,784824.5137170001
2014-09,2017-02,20.0,13.0,1604947.905254,1604947.905254
2014-09,2017-03,5.0,5.0,773051.6117669999,773051.6117669999
2014-09,2017-04,11.0,7.0,1003703.81708,1003703.81708
2014-09,2017-05,18.0,14.0,2264033.609054,2264033.609054
2014-09,2017-06,9.0,7.0,969057.967902,969057.967902
2014-09,2017-07,13.0,10.0,2075566.4374,2075566.4374
2014-09,2017-08,10.0,6.0,862790.846964,862790.846964
2014-09,2017-09,3.0,3.0,487731.6388,487731.6388
2014-09,2017-10,2.0,2.0,560000.0,560000.0
2014-09,2017-11,2.0,2.0,6225.141106,6225.141106
2014-09,2017-12,2.0,2.0,14392.718433,14392.718433
2014-10,2014-10,1.0,1.0,7686.279785,7686.279785
2014-10,2014-11,8.0,6.0,47288.690974,47288.690974
2014-10,2014-12,12.0,11.0,61263.717332,61263.717332
2014-10,2015-01,9.0,8.0,58860.540842999995,58860.540842999995
2014-10,2015-02,11.0,11.0,100249.11638800001,100249.11638800001
2014-10,2015-03,11.0,9.0,60196.91854399999,60196.91854399999
2014-10,2015-04,16.0,14.0,136339.434198,136339.434198
2014-10,2015-05,18.0,15.0,104905.947161,104905.947161
2014-10,2015-06,18.0,17.0,158469.82986700002,158469.82986700002
2014-10,2015-07,17.0,15.0,120334.55614700001,120334.55614700001
2014-10,2015-08,13.0,12.0,92613.52320599998,92613.52320599998
2014-10,2015-09,12.0,11.0,86727.44139200001,86727.44139200001
2014-10,2015-10,13.0,10.0,103286.80511600002,103286.80511600002
2014-10,2015-11,8.0,7.0,49770.280858,49770.280858
2014-10,2015-12,14.0,13.0,106875.40127999999,106875.40127999999
2014-10,2016-01,11.0,9.0,60855.470633000004,60855.470633000004
2014-10,2016-02,9.0,8.0,63987.812014,63987.812014
2014-10,2016-03,5.0,5.0,37601.528987,37601.528987
2014-10,2016-04,8.0,7.0,44265.3710004,44265.3710004
2014-10,2016-05,4.0,4.0,28034.890801,28034.890801
2014-10,2016-06,7.0,7.0,84165.34415599999,84165.34415599999
2014-10,2016-07,4.0,3.0,18401.5520094,18401.5520094
2014-10,2016-08,4.0,4.0,114425.80016,114425.80016
2014-10,2016-09,3.0,1.0,18925.28927,18925.28927
2014-10,2016-10,5.0,5.0,41378.655775,41378.655775
2014-10,2016-11,5.0,4.0,29410.028093,29410.028093
2014-10,2016-12,9.0,8.0,337792.730553,337792.730553
2014-10,2017-01,9.0,5.0,345811.64480999997,345811.64480999997
2014-10,2017-02,11.0,10.0,1406488.077814,1406488.077814
2014-10,2017-03,10.0,8.0,1178638.622097,1178638.622097
2014-10,2017-04,14.0,11.0,652448.370864,652448.370864
2014-10,2017-05,14.0,12.0,1298709.9257249997,1298709.9257249997
2014-10,2017-06,9.0,7.0,1201304.367,1201304.367
2014-10,2017-07,7.0,5.0,533282.649813,533282.649813
2014-10,2017-08,4.0,,,
2014-10,2017-09,8.0,7.0,745725.553482,745725.553482
2014-10,2017-10,4.0,4.0,573529.89141,573529.89141
2014-10,2017-11,2.0,1.0,280000.0,280000.0
2014-11,2014-12,5.0,5.0,40085.299101,40085.299101
2014-11,2015-01,11.0,10.0,51551.27365620001,51551.27365620001
2014-11,2015-02,4.0,3.0,20923.904293,20923.904293
2014-11,2015-03,20.0,20.0,141741.326787,141741.326787
2014-11,2015-04,16.0,15.0,111531.853596,111531.853596
2014-11,2015-05,9.0,9.0,77865.5779736,77865.5779736
2014-11,2015-06,12.0,10.0,65298.455491999994,65298.455491999994
2014-11,2015-07,14.0,14.0,151870.053321,151870.053321
2014-11,2015-08,13.0,11.0,82061.009567,82061.009567
2014-11,2015-09,10.0,9.0,61697.287153,61697.287153
2014-11,2015-10,13.0,11.0,93122.910777,93122.910777
2014-11,2015-11,11.0,10.0,83803.65116200001,83803.65116200001
2014-11,2015-12,5.0,4.0,43913.672786,43913.672786
2014-11,2016-01,12.0,12.0,77276.77945100001,77276.77945100001
2014-11,2016-02,9.0,6.0,43448.623639,43448.623639
2014-11,2016-03,5.0,5.0,36094.214541,36094.214541
2014-11,2016-04,10.0,9.0,68528.384644,68528.384644
2014-11,2016-05,5.0,5.0,16350.415372,16350.415372
2014-11,2016-06,5.0,4.0,182462.89377,182462.89377
2014-11,2016-07,8.0,8.0,63248.816014,63248.816014
2014-11,2016-08,7.0,5.0,299616.780888,299616.780888
2014-11,2016-09,4.0,3.0,26978.323945,26978.323945
2014-11,2016-10,6.0,5.0,159313.694759,159313.694759
2014-11,2016-11,6.0,4.0,309841.096392,309841.096392
2014-11,2016-12,5.0,3.0,465701.77437,465701.77437
2014-11,2017-01,6.0,5.0,272109.09103300003,272109.09103300003
2014-11,2017-02,11.0,9.0,875274.551568,875274.551568
2014-11,2017-03,9.0,6.0,673080.4706080001,673080.4706080001
2014-11,2017-04,12.0,8.0,760173.8793749999,760173.8793749999
2014-11,2017-05,16.0,12.0,1433160.1759719998,1433160.1759719998
2014-11,2017-06,10.0,8.0,829034.9398009998,829034.9398009998
2014-11,2017-07,23.0,17.0,2283412.599072,2283412.599072
2014-11,2017-08,9.0,8.0,1305886.9065,1305886.9065
2014-11,2017-09,10.0,8.0,1464813.69175,1464813.69175
2014-11,2017-10,16.0,10.0,1178750.140454,1178750.140454
2014-11,2017-11,6.0,5.0,404774.9061333,404774.9061333
2014-11,2017-12,2.0,2.0,206112.848459,206112.848459
2014-12,2014-12,1.0,1.0,2338.00945,2338.00945
2014-12,2015-01,12.0,9.0,42696.18913700001,42696.18913700001
2014-12,2015-02,8.0,7.0,56894.439643,56894.439643
2014-12,2015-03,17.0,16.0,95114.71332699999,95114.71332699999
2014-12,2015-04,10.0,9.0,45989.84056,45989.84056
2014-12,2015-05,13.0,13.0,98958.952206,98958.952206
2014-12,2015-06,14.0,13.0,76403.265792,76403.265792
2014-12,2015-07,14.0,12.0,110120.63792200001,110120.63792200001
2014-12,2015-08,22.0,21.0,142920.80226100003,142920.80226100003
2014-12,2015-09,14.0,13.0,102379.61959999999,102379.61959999999
2014-12,2015-10,12.0,11.0,60846.40958299999,60846.40958299999
2014-12,2015-11,11.0,8.0,55040.740891,55040.740891
2014-12,2015-12,9.0,5.0,46001.614251000006,46001.614251000006
2014-12,2016-01,9.0,8.0,71422.187096,71422.187096
2014-12,2016-02,5.0,3.0,29877.757317999996,29877.757317999996
2014-12,2016-03,8.0,8.0,45891.358950999995,45891.358950999995
2014-12,2016-04,7.0,4.0,24222.513506,24222.513506
2014-12,2016-05,12.0,9.0,84149.33834799999,84149.33834799999
2014-12,2016-06,7.0,6.0,35899.811225,35899.811225
2014-12,2016-07,9.0,7.0,56938.134099,56938.134099
2014-12,2016-08,6.0,5.0,298184.935001,298184.935001
2014-12,2016-09,6.0,6.0,42779.811143,42779.811143
2014-12,2016-10,9.0,8.0,36294.889113,36294.889113
2014-12,2016-11,8.0,6.0,92641.894669,92641.894669
2014-12,2016-12,3.0,2.0,11117.833168000001,11117.833168000001
2014-12,2017-01,12.0,8.0,199758.341469,199758.341469
2014-12,2017-02,7.0,4.0,38071.082857,38071.082857
2014-12,2017-03,6.0,5.0,677164.5095800001,677164.5095800001
2014-12,2017-04,5.0,5.0,576619.7742880001,576619.7742880001
2014-12,2017-05,11.0,10.0,1113827.323122,1113827.323122
2014-12,2017-06,18.0,14.0,1795436.022782,1795436.022782
2014-12,2017-07,13.0,10.0,1338659.16365,1338659.16365
2014-12,2017-08,14.0,10.0,1300858.147168,1300858.147168
2014-12,2017-09,10.0,7.0,477882.240934,477882.240934
2014-12,2017-10,14.0,11.0,1320780.1198089998,1320780.1198089998
2014-12,2017-11,8.0,7.0,347889.50370799995,347889.50370799995
2014-12,2017-12,7.0,6.0,611518.30449,611518.30449
2015-01,2015-02,3.0,3.0,18809.131752,18809.131752
2015-01,2015-03,9.0,8.0,43643.076262999995,43643.076262999995
2015-01,2015-04,17.0,16.0,143476.3654055,143476.3654055
2015-01,2015-05,18.0,17.0,134608.627856,134608.627856
2015-01,2015-06,12.0,11.0,72838.5406006,72838.5406006
2015-01,2015-07,22.0,19.0,134335.8665355,134335.8665355
2015-01,2015-08,17.0,14.0,90809.61719800002,90809.61719800002
2015-01,2015-09,10.0,10.0,76374.52965200001,76374.52965200001
2015-01,2015-10,7.0,7.0,44317.80559999999,44317.80559999999
2015-01,2015-11,12.0,9.0,44963.949373,44963.949373
2015-01,2015-12,15.0,15.0,116092.938968,116092.938968
2015-01,2016-01,15.0,9.0,72389.838029,72389.838029
2015-01,2016-02,10.0,8.0,77531.956013,77531.956013
2015-01,2016-03,11.0,10.0,92559.58290800001,92559.58290800001
2015-01,2016-04,9.0,9.0,70792.363429,70792.363429
2015-01,2016-05,14.0,11.0,93422.566104,93422.566104
2015-01,2016-06,4.0,3.0,19364.960855999998,19364.960855999998
2015-01,2016-07,9.0,7.0,51135.080708,51135.080708
2015-01,2016-08,11.0,9.0,58307.591149,58307.591149
2015-01,2016-09,9.0,9.0,98557.04663699999,98557.04663699999
2015-01,2016-10,9.0,9.0,171828.994625,171828.994625
2015-01,2016-11,4.0,3.0,16357.206094000001,16357.206094000001
2015-01,2016-12,10.0,9.0,164580.481733,164580.481733
2015-01,2017-01,6.0,5.0,271290.20757800003,271290.20757800003
2015-01,2017-02,8.0,8.0,263908.608181,263908.608181
2015-01,2017-03,11.0,10.0,731097.851004,731097.851004
2015-01,2017-04,8.0,6.0,261797.685144,261797.685144
2015-01,2017-05,11.0,5.0,444460.062564,444460.062564
2015-01,2017-06,13.0,9.0,943031.257247,943031.257247
2015-01,2017-07,8.0,5.0,654054.8513849999,654054.8513849999
2015-01,2017-08,20.0,13.0,1983315.130448,1983315.130448
2015-01,2017-09,12.0,8.0,1100737.5523572,1100737.5523572
2015-01,2017-10,10.0,9.0,998479.64922,998479.64922
2015-01,2017-11,17.0,11.0,1853317.408134,1853317.408134
2015-01,2017-12,6.0,4.0,911440.5835,911440.5835
2015-02,2015-02,2.0,2.0,12412.355755,12412.355755
2015-02,2015-03,6.0,6.0,38406.845556,38406.845556
2015-02,2015-04,5.0,4.0,33393.782768,33393.782768
2015-02,2015-05,10.0,10.0,67837.760684,67837.760684
2015-02,2015-06,19.0,19.0,133775.47111699998,133775.47111699998
2015-02,2015-07,20.0,19.0,130118.67509299998,130118.67509299998
2015-02,2015-08,11.0,9.0,63956.354201999995,63956.354201999995
2015-02,2015-09,16.0,15.0,103581.623904,103581.623904
2015-02,2015-10,15.0,13.0,102121.561858,102121.561858
2015-02,2015-11,19.0,17.0,147880.848889,147880.848889
2015-02,2015-12,17.0,16.0,94519.467458,94519.467458
2015-02,2016-01,9.0,9.0,70703.530746,70703.530746
2015-02,2016-02,12.0,11.0,78163.588148,78163.588148
2015-02,2016-03,9.0,6.0,55992.518926,55992.518926
2015-02,2016-04,6.0,6.0,33768.40163,33768.40163
2015-02,2016-05,10.0,8.0,60343.512442,60343.512442
2015-02,2016-06,10.0,10.0,55206.045005,55206.045005
2015-02,2016-07,9.0,8.0,43734.718542,43734.718542
2015-02,2016-08,14.0,13.0,84779.33456599999,84779.33456599999
2015-02,2016-09,9.0,8.0,76371.753878,76371.753878
2015-02,2016-10,9.0,8.0,154218.819587,154218.819587
2015-02,2016-11,7.0,6.0,48242.96902699999,48242.96902699999
2015-02,2016-12,5.0,4.0,27646.576462999998,27646.576462999998
2015-02,2017-01,5.0,5.0,159038.475259,159038.475259
2015-02,2017-02,2.0,2.0,10543.399407,10543.399407
2015-02,2017-03,4.0,4.0,568771.844307,568771.844307
2015-02,2017-04,9.0,6.0,795208.6223909999,795208.6223909999
2015-02,2017-05,5.0,4.0,420542.394587,420542.394587
2015-02,2017-06,7.0,7.0,771933.0427420001,771933.0427420001
2015-02,2017-07,12.0,9.0,996829.3090000001,996829.3090000001
2015-02,2017-08,12.0,9.0,1272496.70754,1272496.70754
2015-02,2017-09,15.0,12.0,1707762.742891,1707762.742891
2015-02,2017-10,17.0,13.0,1679003.4516307,1679003.4516307
2015-02,2017-11,7.0,5.0,724904.477894,724904.477894
2015-02,2017-12,12.0,7.0,571568.006619,571568.006619
2015-03,2015-03,1.0,1.0,4368.139940999999,4368.139940999999
2015-03,2015-04,9.0,9.0,61775.8875204,61775.8875204
2015-03,2015-05,9.0,7.0,30136.005063,30136.005063
2015-03,2015-06,19.0,17.0,144623.19565200002,144623.19565200002
2015-03,2015-07,11.0,10.0,55422.389557,55422.389557
2015-03,2015-08,14.0,14.0,104909.69728000001,104909.69728000001
2015-03,2015-09,9.0,8.0,55208.760267000005,55208.760267000005
2015-03,2015-10,7.0,6.0,55274.698545,55274.698545
2015-03,2015-11,15.0,13.0,92856.578086,92856.578086
2015-03,2015-12,17.0,14.0,124600.67262999999,124600.67262999999
2015-03,2016-01,11.0,10.0,77953.80180399999,77953.80180399999
2015-03,2016-02,17.0,16.0,107434.77176799999,107434.77176799999
2015-03,2016-03,6.0,5.0,43840.81486,43840.81486
2015-03,2016-04,16.0,14.0,79732.78793699999,79732.78793699999
2015-03,2016-05,7.0,6.0,38050.0180246,38050.0180246
2015-03,2016-06,9.0,9.0,63033.915023,63033.915023
2015-03,2016-07,9.0,8.0,79369.665209,79369.665209
2015-03,2016-08,4.0,4.0,16071.851556000001,16071.851556000001
2015-03,2016-09,10.0,7.0,61872.697863,61872.697863
2015-03,2016-10,5.0,5.0,47902.33366800001,47902.33366800001
2015-03,2016-11,7.0,7.0,49743.103874,49743.103874
2015-03,2016-12,5.0,4.0,24480.870749,24480.870749
2015-03,2017-01,6.0,4.0,25348.099244,25348.099244
2015-03,2017-02,5.0,4.0,140844.24533,140844.24533
2015-03,2017-03,5.0,5.0,277158.288574,277158.288574
2015-03,2017-04,7.0,7.0,448419.24271599995,448419.24271599995
2015-03,2017-05,12.0,9.0,1582105.2862999998,1582105.2862999998
2015-03,2017-06,14.0,10.0,1128602.091096,1128602.091096
2015-03,2017-07,7.0,6.0,553256.4046139999,553256.4046139999
2015-03,2017-08,16.0,11.0,1515551.63493,1515551.63493
2015-03,2017-09,15.0,9.0,1199394.4497580002,1199394.4497580002
2015-03,2017-10,15.0,11.0,1429828.574478,1429828.574478
2015-03,2017-11,10.0,5.0,178949.582445,178949.582445
2015-03,2017-12,18.0,14.0,1904033.7332720002,1904033.7332720002
2015-04,2015-04,1.0,1.0,4120.397718,4120.397718
2015-04,2015-05,8.0,7.0,44016.083166000004,44016.083166000004
2015-04,2015-06,6.0,6.0,42098.174697999995,42098.174697999995
2015-04,2015-07,10.0,9.0,80937.176395,80937.176395
2015-04,2015-08,18.0,17.0,111497.252309,111497.252309
2015-04,2015-09,16.0,15.0,101099.525247,101099.525247
2015-04,2015-10,18.0,18.0,119115.73936749999,119115.73936749999
2015-04,2015-11,21.0,18.0,128819.592112,128819.592112
2015-04,2015-12,16.0,15.0,102164.28053799999,102164.28053799999
2015-04,2016-01,15.0,15.0,96918.41380599998,96918.41380599998
2015-04,2016-02,9.0,7.0,50660.778972,50660.778972
2015-04,2016-03,8.0,8.0,72949.065053,72949.065053
2015-04,2016-04,8.0,8.0,74423.421664,74423.421664
2015-04,2016-05,6.0,6.0,27681.022975,27681.022975
2015-04,2016-06,12.0,11.0,82385.876087,82385.876087
2015-04,2016-07,7.0,6.0,32462.299607,32462.299607
2015-04,2016-08,4.0,4.0,30549.388035999997,30549.388035999997
2015-04,2016-09,12.0,11.0,87759.712991,87759.712991
2015-04,2016-10,7.0,7.0,59149.19619599999,59149.19619599999
2015-04,2016-11,9.0,8.0,61675.42783100001,61675.42783100001
2015-04,2016-12,6.0,5.0,49913.956218,49913.956218
2015-04,2017-01,6.0,5.0,158963.301057,158963.301057
2015-04,2017-02,4.0,4.0,21810.137418000002,21810.137418000002
2015-04,2017-03,2.0,2.0,10729.064204999999,10729.064204999999
2015-04,2017-04,10.0,9.0,949117.308496,949117.308496
2015-04,2017-05,8.0,7.0,278402.094726,278402.094726
2015-04,2017-06,7.0,6.0,600286.12928,600286.12928
2015-04,2017-07,9.0,8.0,590346.5394759999,590346.5394759999
2015-04,2017-08,13.0,11.0,1671649.4226,1671649.4226
2015-04,2017-09,9.0,9.0,1222691.9073990001,1222691.9073990001
2015-04,2017-10,13.0,9.0,899419.093255,899419.093255
2015-04,2017-11,17.0,12.0,1634694.1512569997,1634694.1512569997
2015-04,2017-12,18.0,10.0,1214017.037646,1214017.037646
2015-05,2015-06,6.0,5.0,16343.7802747,16343.7802747
2015-05,2015-07,18.0,18.0,134683.9351922,134683.9351922
2015-05,2015-08,19.0,16.0,147597.361003,147597.361003
2015-05,2015-09,21.0,20.0,166878.86222399998,166878.86222399998
2015-05,2015-10,16.0,14.0,127495.519739,127495.519739
2015-05,2015-11,13.0,11.0,80628.98780399999,80628.98780399999
2015-05,2015-12,9.0,7.0,54868.7938,54868.7938
2015-05,2016-01,17.0,17.0,119863.86322300001,119863.86322300001
2015-05,2016-02,14.0,13.0,114562.929158,114562.929158
2015-05,2016-03,9.0,8.0,57458.774397999994,57458.774397999994
2015-05,2016-04,9.0,9.0,60464.764226,60464.764226
2015-05,2016-05,8.0,6.0,74781.341514,74781.341514
2015-05,2016-06,16.0,15.0,137108.98900600002,137108.98900600002
2015-05,2016-07,16.0,13.0,84540.621394,84540.621394
2015-05,2016-08,8.0,7.0,63839.882522,63839.882522
2015-05,2016-09,7.0,7.0,53321.314742,53321.314742
2015-05,2016-10,14.0,11.0,84600.798385,84600.798385
2015-05,2016-11,7.0,4.0,42817.982258,42817.982258
2015-05,2016-12,6.0,6.0,30342.687954200002,30342.687954200002
2015-05,2017-01,6.0,4.0,23479.032326,23479.032326
2015-05,2017-02,5.0,5.0,25995.936780000004,25995.936780000004
2015-05,2017-03,8.0,7.0,32150.807772999997,32150.807772999997
2015-05,2017-04,5.0,5.0,57185.820235,57185.820235
2015-05,2017-05,7.0,7.0,373004.90312399995,373004.90312399995
2015-05,2017-06,7.0,6.0,256129.870303,256129.870303
2015-05,2017-07,7.0,5.0,524966.30054,524966.30054
2015-05,2017-08,3.0,2.0,407352.1933,407352.1933
2015-05,2017-09,14.0,9.0,846478.545146,846478.545146
2015-05,2017-10,16.0,15.0,1405456.199816,1405456.199816
2015-05,2017-11,12.0,10.0,1404862.210148,1404862.210148
2015-05,2017-12,12.0,8.0,875608.446624,875608.446624
2015-06,2015-06,1.0,1.0,9191.127816,9191.127816
2015-06,2015-07,9.0,8.0,34263.624861,34263.624861
2015-06,2015-08,4.0,4.0,27620.306250999998,27620.306250999998
2015-06,2015-09,20.0,17.0,139037.915115,139037.915115
2015-06,2015-10,16.0,14.0,113553.25727300001,113553.25727300001
2015-06,2015-11,15.0,12.0,93092.04577599998,93092.04577599998
2015-06,2015-12,11.0,10.0,67707.39815,67707.39815
2015-06,2016-01,21.0,21.0,159902.53621600004,159902.53621600004
2015-06,2016-02,16.0,16.0,103246.35309199998,103246.35309199998
2015-06,2016-03,24.0,24.0,190275.44670700002,190275.44670700002
2015-06,2016-04,11.0,8.0,60978.815042999995,60978.815042999995
2015-06,2016-05,15.0,13.0,105951.864825,105951.864825
2015-06,2016-06,15.0,14.0,91456.906547,91456.906547
2015-06,2016-07,10.0,8.0,51097.242328,51097.242328
2015-06,2016-08,10.0,10.0,59742.359319,59742.359319
2015-06,2016-09,6.0,6.0,41047.145476,41047.145476
2015-06,2016-10,7.0,6.0,48048.96265400001,48048.96265400001
2015-06,2016-11,9.0,9.0,65014.351742000006,65014.351742000006
2015-06,2016-12,10.0,10.0,55238.028473,55238.028473
2015-06,2017-01,8.0,8.0,53775.598296,53775.598296
2015-06,2017-02,7.0,7.0,74711.669645,74711.669645
2015-06,2017-03,10.0,9.0,65403.459055,65403.459055
2015-06,2017-04,5.0,5.0,516914.26112599997,516914.26112599997
2015-06,2017-05,8.0,7.0,338918.45316000003,338918.45316000003
2015-06,2017-06,7.0,5.0,32508.514160000002,32508.514160000002
2015-06,2017-07,3.0,3.0,24680.41493,24680.41493
2015-06,2017-08,11.0,8.0,273009.359394,273009.359394
2015-06,2017-09,10.0,9.0,443022.194632,443022.194632
2015-06,2017-10,11.0,8.0,495771.298158,495771.298158
2015-06,2017-11,13.0,11.0,1260088.69891,1260088.69891
2015-06,2017-12,9.0,4.0,474052.04692,474052.04692
2015-07,2015-07,1.0,1.0,5872.315796,5872.315796
2015-07,2015-08,10.0,10.0,61431.291838,61431.291838
2015-07,2015-09,14.0,14.0,113522.37417599998,113522.37417599998
2015-07,2015-10,13.0,13.0,96030.478574,96030.478574
2015-07,2015-11,15.0,15.0,133266.84471799998,133266.84471799998
2015-07,2015-12,18.0,16.0,130305.0383308,130305.0383308
2015-07,2016-01,12.0,11.0,64905.25419000001,64905.25419000001
2015-07,2016-02,12.0,9.0,58480.126318,58480.126318
2015-07,2016-03,13.0,10.0,94984.665207,94984.665207
2015-07,2016-04,10.0,9.0,72183.52186899999,72183.52186899999
2015-07,2016-05,11.0,10.0,78983.569059,78983.569059
2015-07,2016-06,8.0,7.0,74241.045574,74241.045574
2015-07,2016-07,10.0,9.0,52909.888867999995,52909.888867999995
2015-07,2016-08,14.0,14.0,90725.673217,90725.673217
2015-07,2016-09,10.0,8.0,73757.223592,73757.223592
2015-07,2016-10,10.0,9.0,53223.803895,53223.803895
2015-07,2016-11,12.0,11.0,81529.001882,81529.001882
2015-07,2016-12,4.0,4.0,36539.587446,36539.587446
2015-07,2017-01,6.0,6.0,19516.717846,19516.717846
2015-07,2017-02,6.0,5.0,44597.550143,44597.550143
2015-07,2017-03,11.0,11.0,153507.609854,153507.609854
2015-07,2017-04,6.0,4.0,38940.929237000004,38940.929237000004
2015-07,2017-05,7.0,7.0,32784.556837,32784.556837
2015-07,2017-06,7.0,7.0,58657.933191,58657.933191
2015-07,2017-07,4.0,3.0,21181.943763,21181.943763
2015-07,2017-08,11.0,9.0,542757.405428,542757.405428
2015-07,2017-09,9.0,8.0,485762.475809,485762.475809
2015-07,2017-10,8.0,5.0,732044.503522,732044.503522
2015-07,2017-11,20.0,18.0,1689266.4524070001,1689266.4524070001
2015-07,2017-12,11.0,6.0,833334.935743,833334.935743
2015-08,2015-08,1.0,1.0,12275.87695,12275.87695
2015-08,2015-09,10.0,10.0,73665.97116700001,73665.97116700001
2015-08,2015-10,10.0,10.0,69771.521645,69771.521645
2015-08,2015-11,18.0,18.0,156546.14906199998,156546.14906199998
2015-08,2015-12,17.0,13.0,96828.6352928,96828.6352928
2015-08,2016-01,15.0,15.0,122892.65352199998,122892.65352199998
2015-08,2016-02,16.0,15.0,77525.29130160001,77525.29130160001
2015-08,2016-03,21.0,21.0,120597.16286800001,120597.16286800001
2015-08,2016-04,9.0,9.0,42213.457509,42213.457509
2015-08,2016-05,13.0,11.0,81603.139232,81603.139232
2015-08,2016-06,13.0,11.0,64318.685029,64318.685029
2015-08,2016-07,14.0,13.0,82587.53602800002,82587.53602800002
2015-08,2016-08,10.0,9.0,70822.690426,70822.690426
2015-08,2016-09,7.0,6.0,54069.221152000006,54069.221152000006
2015-08,2016-10,12.0,12.0,86280.324966,86280.324966
2015-08,2016-11,12.0,10.0,61411.9047611,61411.9047611
2015-08,2016-12,4.0,4.0,29181.467011,29181.467011
2015-08,2017-01,11.0,11.0,93807.472649,93807.472649
2015-08,2017-02,2.0,2.0,10591.579043000002,10591.579043000002
2015-08,2017-03,9.0,8.0,120473.835509,120473.835509
2015-08,2017-04,8.0,7.0,44354.048698,44354.048698
2015-08,2017-05,8.0,8.0,57071.138285,57071.138285
2015-08,2017-06,7.0,7.0,55456.30461500001,55456.30461500001
2015-08,2017-07,8.0,8.0,68991.650804,68991.650804
2015-08,2017-08,10.0,8.0,208825.674298,208825.674298
2015-08,2017-09,4.0,3.0,52347.075661,52347.075661
2015-08,2017-10,9.0,6.0,557348.459588,557348.459588
2015-08,2017-11,9.0,9.0,482566.24941199995,482566.24941199995
2015-08,2017-12,14.0,9.0,1013729.1809650001,1013729.1809650001
2015-09,2015-09,3.0,3.0,29401.764323,29401.764323
2015-09,2015-10,7.0,6.0,45522.015799,45522.015799
2015-09,2015-11,8.0,8.0,76968.040204,76968.040204
2015-09,2015-12,21.0,18.0,146839.948554,146839.948554
2015-09,2016-01,23.0,21.0,171673.679256,171673.679256
2015-09,2016-02,17.0,16.0,109429.096009,109429.096009
2015-09,2016-03,14.0,12.0,86090.895235,86090.895235
2015-09,2016-04,18.0,15.0,98514.08447980002,98514.08447980002
2015-09,2016-05,12.0,12.0,83464.88421100001,83464.88421100001
2015-09,2016-06,13.0,11.0,61289.27989700001,61289.27989700001
2015-09,2016-07,12.0,12.0,106945.334949,106945.334949
2015-09,2016-08,16.0,15.0,123620.792997,123620.792997
2015-09,2016-09,5.0,5.0,36005.695177,36005.695177
2015-09,2016-10,15.0,14.0,111817.545698,111817.545698
2015-09,2016-11,11.0,11.0,97812.01263033002,97812.01263033002
2015-09,2016-12,10.0,10.0,71550.3787349,71550.3787349
2015-09,2017-01,17.0,17.0,133081.814697,133081.814697
2015-09,2017-02,7.0,7.0,52059.620013,52059.620013
2015-09,2017-03,11.0,9.0,69381.213861,69381.213861
2015-09,2017-04,7.0,7.0,206638.571652,206638.571652
2015-09,2017-05,9.0,7.0,46697.251204,46697.251204
2015-09,2017-06,4.0,3.0,24755.437891,24755.437891
2015-09,2017-07,6.0,5.0,41026.125804,41026.125804
2015-09,2017-08,8.0,8.0,405652.063289,405652.063289
2015-09,2017-09,8.0,7.0,127807.538226,127807.538226
2015-09,2017-10,7.0,4.0,150591.819723,150591.819723
2015-09,2017-11,6.0,5.0,579851.33164,579851.33164
2015-09,2017-12,8.0,5.0,442090.7808729999,442090.7808729999
2015-10,2015-10,1.0,1.0,14000.0,14000.0
2015-10,2015-11,4.0,4.0,18823.580135,18823.580135
2015-10,2015-12,9.0,8.0,64808.886479,64808.886479
2015-10,2016-01,13.0,11.0,86112.36972,86112.36972
2015-10,2016-02,9.0,8.0,33951.8873635,33951.8873635
2015-10,2016-03,22.0,19.0,94798.1474263,94798.1474263
2015-10,2016-04,8.0,6.0,41473.460244,41473.460244
2015-10,2016-05,18.0,14.0,114279.21921799998,114279.21921799998
2015-10,2016-06,16.0,15.0,95470.45226199999,95470.45226199999
2015-10,2016-07,12.0,10.0,95322.271315,95322.271315
2015-10,2016-08,13.0,10.0,84571.513563,84571.513563
2015-10,2016-09,12.0,10.0,87283.315644,87283.315644
2015-10,2016-10,10.0,9.0,56826.229766,56826.229766
2015-10,2016-11,9.0,8.0,46418.390772000006,46418.390772000006
2015-10,2016-12,16.0,13.0,102357.78512,102357.78512
2015-10,2017-01,8.0,6.0,36633.859700500005,36633.859700500005
2015-10,2017-02,8.0,6.0,55331.328884999995,55331.328884999995
2015-10,2017-03,9.0,9.0,61585.508226,61585.508226
2015-10,2017-04,7.0,6.0,42312.61436,42312.61436
2015-10,2017-05,5.0,3.0,19390.945153,19390.945153
2015-10,2017-06,10.0,8.0,58927.385073000005,58927.385073000005
2015-10,2017-07,9.0,8.0,104921.071975,104921.071975
2015-10,2017-08,5.0,3.0,19228.360716,19228.360716
2015-10,2017-09,11.0,9.0,156208.667108,156208.667108
2015-10,2017-10,3.0,3.0,54768.101002,54768.101002
2015-10,2017-11,4.0,4.0,306567.082809,306567.082809
2015-10,2017-12,14.0,11.0,596877.039376,596877.039376
2015-11,2015-12,5.0,4.0,24865.758304,24865.758304
2015-11,2016-01,12.0,11.0,74507.452518,74507.452518
2015-11,2016-02,14.0,10.0,52944.105766299996,52944.105766299996
2015-11,2016-03,17.0,15.0,109359.561135,109359.561135
2015-11,2016-04,18.0,14.0,98135.98169000002,98135.98169000002
2015-11,2016-05,25.0,22.0,160380.5441927,160380.5441927
2015-11,2016-06,9.0,8.0,46511.473410000006,46511.473410000006
2015-11,2016-07,23.0,22.0,206774.16700900003,206774.16700900003
2015-11,2016-08,15.0,15.0,128625.196728,128625.196728
2015-11,2016-09,20.0,16.0,125749.2830457,125749.2830457
2015-11,2016-10,14.0,11.0,79550.899988,79550.899988
2015-11,2016-11,10.0,9.0,76191.422212,76191.422212
2015-11,2016-12,10.0,9.0,89872.173002,89872.173002
2015-11,2017-01,10.0,6.0,67238.315529,67238.315529
2015-11,2017-02,7.0,7.0,60955.421536999995,60955.421536999995
2015-11,2017-03,4.0,4.0,24439.191831,24439.191831
2015-11,2017-04,4.0,3.0,21047.667487,21047.667487
2015-11,2017-05,8.0,4.0,38010.055279,38010.055279
2015-11,2017-06,9.0,9.0,67547.641213,67547.641213
2015-11,2017-07,3.0,3.0,17088.640029,17088.640029
2015-11,2017-08,2.0,2.0,11994.180304,11994.180304
2015-11,2017-09,7.0,6.0,39623.869758999994,39623.869758999994
2015-11,2017-10,7.0,6.0,136232.327155,136232.327155
2015-11,2017-11,12.0,11.0,419937.90018500003,419937.90018500003
2015-11,2017-12,5.0,3.0,19556.256954,19556.256954
2015-12,2015-12,1.0,1.0,14000.0,14000.0
2015-12,2016-01,6.0,6.0,34498.369406,34498.369406
2015-12,2016-02,12.0,11.0,85505.41230899999,85505.41230899999
2015-12,2016-03,14.0,13.0,113845.813135,113845.813135
2015-12,2016-04,18.0,15.0,118239.22972599999,118239.22972599999
2015-12,2016-05,18.0,17.0,121277.218444,121277.218444
2015-12,2016-06,20.0,19.0,179033.274623,179033.274623
2015-12,2016-07,23.0,19.0,131329.63821600002,131329.63821600002
2015-12,2016-08,21.0,18.0,130356.868676,130356.868676
2015-12,2016-09,14.0,12.0,89312.02947100002,89312.02947100002
2015-12,2016-10,7.0,6.0,50001.263705000005,50001.263705000005
2015-12,2016-11,15.0,15.0,131720.019853,131720.019853
2015-12,2016-12,15.0,13.0,114096.05306410001,114096.05306410001
2015-12,2017-01,14.0,13.0,80505.435581,80505.435581
2015-12,2017-02,6.0,6.0,47345.897743,47345.897743
2015-12,2017-03,13.0,13.0,107853.84768400001,107853.84768400001
2015-12,2017-04,9.0,7.0,51370.371877,51370.371877
2015-12,2017-05,10.0,10.0,62388.220925,62388.220925
2015-12,2017-06,4.0,3.0,22932.368202999998,22932.368202999998
2015-12,2017-07,6.0,5.0,48682.707999,48682.707999
2015-12,2017-08,8.0,8.0,164287.941261,164287.941261
2015-12,2017-09,9.0,7.0,156485.28089,156485.28089
2015-12,2017-10,4.0,4.0,34689.49609,34689.49609
2015-12,2017-11,11.0,9.0,171021.042677,171021.042677
2015-12,2017-12,5.0,4.0,388756.67199,388756.67199
2016-01,2016-01,1.0,1.0,3213.54394,3213.54394
2016-01,2016-02,3.0,2.0,16520.684619,16520.684619
2016-01,2016-03,5.0,5.0,48605.226107999995,48605.226107999995
2016-01,2016-04,12.0,11.0,63442.108722000004,63442.108722000004
2016-01,2016-05,9.0,9.0,64330.296181,64330.296181
2016-01,2016-06,21.0,19.0,156535.52577100002,156535.52577100002
2016-01,2016-07,12.0,12.0,70535.750329,70535.750329
2016-01,2016-08,14.0,9.0,90185.961127,90185.961127
2016-01,2016-09,14.0,13.0,88647.09769800001,88647.09769800001
2016-01,2016-10,12.0,10.0,87277.72207999999,87277.72207999999
2016-01,2016-11,8.0,8.0,37585.548112,37585.548112
2016-01,2016-12,19.0,18.0,129838.454174,129838.454174
2016-01,2017-01,8.0,8.0,49775.36891600001,49775.36891600001
2016-01,2017-02,16.0,13.0,99477.61905600001,99477.61905600001
2016-01,2017-03,10.0,9.0,79483.384567,79483.384567
2016-01,2017-04,10.0,9.0,77709.06481000001,77709.06481000001
2016-01,2017-05,9.0,9.0,56914.9234935,56914.9234935
2016-01,2017-06,9.0,9.0,49974.636491,49974.636491
2016-01,2017-07,9.0,8.0,49813.369828999996,49813.369828999996
2016-01,2017-08,3.0,3.0,11723.025526,11723.025526
2016-01,2017-09,6.0,6.0,42432.701569,42432.701569
2016-01,2017-10,7.0,7.0,92444.945865,92444.945865
2016-01,2017-11,6.0,6.0,65657.025561,65657.025561
2016-01,2017-12,6.0,6.0,302148.94556200004,302148.94556200004
2016-02,2016-02,2.0,2.0,13891.62934,13891.62934
2016-02,2016-03,5.0,3.0,20721.69137,20721.69137
2016-02,2016-04,13.0,11.0,112166.316749,112166.316749
2016-02,2016-05,19.0,16.0,154318.566251,154318.566251
2016-02,2016-06,11.0,11.0,93667.32767700001,93667.32767700001
2016-02,2016-07,15.0,15.0,117578.257984,117578.257984
2016-02,2016-08,16.0,15.0,114468.238241,114468.238241
2016-02,2016-09,19.0,15.0,77207.158186,77207.158186
2016-02,2016-10,17.0,12.0,79019.52268099999,79019.52268099999
2016-02,2016-11,14.0,14.0,85925.357894,85925.357894
2016-02,2016-12,11.0,11.0,62818.37336899999,62818.37336899999
2016-02,2017-01,13.0,13.0,94653.274923,94653.274923
2016-02,2017-02,15.0,15.0,98626.259639,98626.259639
2016-02,2017-03,3.0,3.0,14412.050378,14412.050378
2016-02,2017-04,12.0,11.0,71903.488396,71903.488396
2016-02,2017-05,9.0,8.0,63442.861487,63442.861487
2016-02,2017-06,6.0,4.0,52747.037286,52747.037286
2016-02,2017-07,9.0,9.0,60027.653938,60027.653938
2016-02,2017-08,6.0,5.0,40008.38248000001,40008.38248000001
2016-02,2017-09,6.0,4.0,206021.036486,206021.036486
2016-02,2017-10,5.0,5.0,46890.56878,46890.56878
2016-02,2017-11,8.0,7.0,45358.088045,45358.088045
2016-02,2017-12,4.0,3.0,166532.167813,166532.167813
2016-03,2016-03,3.0,3.0,18353.550375,18353.550375
2016-03,2016-04,7.0,6.0,48494.631840999995,48494.631840999995
2016-03,2016-05,12.0,10.0,70674.791516,70674.791516
2016-03,2016-06,18.0,15.0,115885.52108,115885.52108
2016-03,2016-07,17.0,16.0,83612.153482,83612.153482
2016-03,2016-08,9.0,8.0,45276.45405100001,45276.45405100001
2016-03,2016-09,15.0,15.0,123735.67261299999,123735.67261299999
2016-03,2016-10,18.0,15.0,114338.914912,114338.914912
2016-03,2016-11,12.0,10.0,79022.07549399999,79022.07549399999
2016-03,2016-12,15.0,13.0,96179.004264,96179.004264
2016-03,2017-01,14.0,14.0,104153.365919,104153.365919
2016-03,2017-02,14.0,12.0,78420.66105200001,78420.66105200001
2016-03,2017-03,22.0,19.0,171254.11131600002,171254.11131600002
2016-03,2017-04,12.0,10.0,64222.44652,64222.44652
2016-03,2017-05,5.0,5.0,43806.575540000005,43806.575540000005
2016-03,2017-06,6.0,6.0,34980.385711999996,34980.385711999996
2016-03,2017-07,7.0,4.0,16933.353509,16933.353509
2016-03,2017-08,5.0,4.0,36318.272021,36318.272021
2016-03,2017-09,9.0,9.0,67986.442666,67986.442666
2016-03,2017-10,5.0,5.0,32546.776357,32546.776357
2016-03,2017-11,9.0,8.0,54145.301365,54145.301365
2016-03,2017-12,3.0,2.0,13493.482671,13493.482671
2016-04,2016-04,2.0,2.0,14780.520614000001,14780.520614000001
2016-04,2016-05,4.0,4.0,35741.458577,35741.458577
2016-04,2016-06,6.0,6.0,51817.548576,51817.548576
2016-04,2016-07,18.0,15.0,124194.948588,124194.948588
2016-04,2016-08,8.0,8.0,76219.573225,76219.573225
2016-04,2016-09,21.0,19.0,168821.41969999997,168821.41969999997
2016-04,2016-10,17.0,13.0,117504.571796,117504.571796
2016-04,2016-11,15.0,12.0,82978.012887,82978.012887
2016-04,2016-12,14.0,13.0,99148.493702,99148.493702
2016-04,2017-01,19.0,17.0,112663.905688,112663.905688
2016-04,2017-02,9.0,9.0,47357.387177,47357.387177
2016-04,2017-03,12.0,11.0,91977.866046,91977.866046
2016-04,2017-04,9.0,8.0,59685.252395999996,59685.252395999996
2016-04,2017-05,16.0,15.0,118258.978619,118258.978619
2016-04,2017-06,9.0,8.0,38365.804252,38365.804252
2016-04,2017-07,8.0,8.0,58137.08683,58137.08683
2016-04,2017-08,8.0,8.0,54237.801338000005,54237.801338000005
2016-04,2017-09,12.0,12.0,78418.236388,78418.236388
2016-04,2017-10,7.0,7.0,71326.721028,71326.721028
2016-04,2017-11,9.0,9.0,59282.61026000001,59282.61026000001
2016-04,2017-12,10.0,9.0,85403.308987,85403.308987
2016-05,2016-06,6.0,4.0,32920.77636,32920.77636
2016-05,2016-07,8.0,8.0,80573.64623299999,80573.64623299999
2016-05,2016-08,14.0,13.0,128677.20350300001,128677.20350300001
2016-05,2016-09,12.0,12.0,98491.26771100001,98491.26771100001
2016-05,2016-10,19.0,17.0,138235.5710248,138235.5710248
2016-05,2016-11,16.0,14.0,110125.33048799999,110125.33048799999
2016-05,2016-12,16.0,14.0,110887.267995,110887.267995
2016-05,2017-01,18.0,17.0,150280.984291,150280.984291
2016-05,2017-02,13.0,10.0,74848.7249025,74848.7249025
2016-05,2017-03,11.0,10.0,54051.81983100001,54051.81983100001
2016-05,2017-04,15.0,12.0,105564.489585,105564.489585
2016-05,2017-05,8.0,6.0,42873.921065,42873.921065
2016-05,2017-06,8.0,5.0,51942.612412999995,51942.612412999995
2016-05,2017-07,8.0,7.0,34218.518171,34218.518171
2016-05,2017-08,17.0,13.0,94820.525215,94820.525215
2016-05,2017-09,10.0,10.0,81052.6882421,81052.6882421
2016-05,2017-10,11.0,11.0,78267.767639,78267.767639
2016-05,2017-11,3.0,2.0,13675.949254,13675.949254
2016-05,2017-12,4.0,4.0,25982.914677200002,25982.914677200002
2016-06,2016-06,2.0,2.0,17958.638919999998,17958.638919999998
2016-06,2016-07,2.0,2.0,9031.290904,9031.290904
2016-06,2016-08,9.0,8.0,35720.5703,35720.5703
2016-06,2016-09,19.0,17.0,163643.856247,163643.856247
2016-06,2016-10,22.0,20.0,172139.04780400003,172139.04780400003
2016-06,2016-11,19.0,18.0,157652.54687400002,157652.54687400002
2016-06,2016-12,25.0,22.0,154167.59782270002,154167.59782270002
2016-06,2017-01,16.0,15.0,120193.385494,120193.385494
2016-06,2017-02,13.0,11.0,100214.09319700001,100214.09319700001
2016-06,2017-03,9.0,8.0,62572.447623,62572.447623
2016-06,2017-04,15.0,13.0,82107.49647800002,82107.49647800002
2016-06,2017-05,16.0,14.0,108154.178521,108154.178521
2016-06,2017-06,13.0,11.0,70208.521568,70208.521568
2016-06,2017-07,8.0,6.0,37141.25239,37141.25239
2016-06,2017-08,11.0,11.0,86357.02786,86357.02786
2016-06,2017-09,12.0,11.0,69921.8290849,69921.8290849
2016-06,2017-10,14.0,12.0,62875.428240999994,62875.428240999994
2016-06,2017-11,4.0,3.0,20423.255196000002,20423.255196000002
2016-06,2017-12,5.0,4.0,24443.879967,24443.879967
2016-07,2016-07,4.0,4.0,36454.457248,36454.457248
2016-07,2016-08,8.0,6.0,24782.897874899998,24782.897874899998
2016-07,2016-09,19.0,17.0,105234.099377,105234.099377
2016-07,2016-10,18.0,15.0,116615.97612420001,116615.97612420001
2016-07,2016-11,11.0,11.0,64114.451841999995,64114.451841999995
2016-07,2016-12,16.0,15.0,118425.78568,118425.78568
2016-07,2017-01,17.0,16.0,107282.55016200001,107282.55016200001
2016-07,2017-02,14.0,12.0,101314.686533,101314.686533
2016-07,2017-03,21.0,17.0,136164.358434,136164.358434
2016-07,2017-04,11.0,11.0,95887.527655,95887.527655
2016-07,2017-05,23.0,18.0,160987.56325900002,160987.56325900002
2016-07,2017-06,9.0,8.0,65113.829225999994,65113.829225999994
2016-07,2017-07,11.0,11.0,110219.02340200002,110219.02340200002
2016-07,2017-08,15.0,13.0,104432.98770400001,104432.98770400001
2016-07,2017-09,6.0,6.0,50962.266199000005,50962.266199000005
2016-07,2017-10,13.0,12.0,136896.654248,136896.654248
2016-07,2017-11,12.0,10.0,80842.270086,80842.270086
2016-07,2017-12,10.0,10.0,95857.222846,95857.222846
2016-08,2016-08,4.0,4.0,45280.373036000005,45280.373036000005
2016-08,2016-09,2.0,2.0,14224.178374,14224.178374
2016-08,2016-10,13.0,13.0,93540.57084799999,93540.57084799999
2016-08,2016-11,20.0,19.0,147757.94538699999,147757.94538699999
2016-08,2016-12,16.0,12.0,88369.56469499998,88369.56469499998
2016-08,2017-01,21.0,21.0,195297.446098,195297.446098
2016-08,2017-02,15.0,15.0,117493.74856,117493.74856
2016-08,2017-03,11.0,11.0,57655.840012,57655.840012
2016-08,2017-04,22.0,19.0,132907.265603,132907.265603
2016-08,2017-05,15.0,13.0,100460.04430099999,100460.04430099999
2016-08,2017-06,14.0,12.0,84736.52291699998,84736.52291699998
2016-08,2017-07,16.0,12.0,101950.87826299999,101950.87826299999
2016-08,2017-08,14.0,12.0,81994.71521299999,81994.71521299999
2016-08,2017-09,7.0,7.0,58406.357588,58406.357588
2016-08,2017-10,10.0,9.0,55984.27946299999,55984.27946299999
2016-08,2017-11,12.0,9.0,54491.161014,54491.161014
2016-08,2017-12,11.0,10.0,87532.982072,87532.982072
2016-09,2016-09,2.0,2.0,13543.632993,13543.632993
2016-09,2016-10,7.0,6.0,56468.414754,56468.414754
2016-09,2016-11,11.0,11.0,84514.46312,84514.46312
2016-09,2016-12,17.0,14.0,106895.79692179999,106895.79692179999
2016-09,2017-01,20.0,16.0,127087.9266866,127087.9266866
2016-09,2017-02,12.0,9.0,89314.05167500001,89314.05167500001
2016-09,2017-03,19.0,19.0,132691.4508529,132691.4508529
2016-09,2017-04,19.0,17.0,153691.498737,153691.498737
2016-09,2017-05,15.0,11.0,62591.301677999996,62591.301677999996
2016-09,2017-06,19.0,18.0,133208.21375199998,133208.21375199998
2016-09,2017-07,14.0,12.0,88052.362757,88052.362757
2016-09,2017-08,10.0,8.0,64577.593705,64577.593705
2016-09,2017-09,13.0,10.0,63639.041274,63639.041274
2016-09,2017-10,17.0,14.0,97667.42644199998,97667.42644199998
2016-09,2017-11,15.0,12.0,102568.83226000001,102568.83226000001
2016-09,2017-12,13.0,13.0,92328.11428959998,92328.11428959998
2016-10,2016-10,1.0,1.0,1765.824878,1765.824878
2016-10,2016-11,8.0,7.0,61195.914947,61195.914947
2016-10,2016-12,11.0,9.0,80436.51575,80436.51575
2016-10,2017-01,16.0,15.0,123346.32167700003,123346.32167700003
2016-10,2017-02,17.0,15.0,82946.887915,82946.887915
2016-10,2017-03,24.0,21.0,158136.929363,158136.929363
2016-10,2017-04,24.0,22.0,168589.1263653,168589.1263653
2016-10,2017-05,21.0,18.0,110018.518191,110018.518191
2016-10,2017-06,15.0,15.0,86504.029415,86504.029415
2016-10,2017-07,17.0,16.0,162549.19693400004,162549.19693400004
2016-10,2017-08,9.0,8.0,80314.320545,80314.320545
2016-10,2017-09,11.0,11.0,131253.273865,131253.273865
2016-10,2017-10,13.0,12.0,95130.21926499999,95130.21926499999
2016-10,2017-11,4.0,3.0,22490.001497999998,22490.001497999998
2016-10,2017-12,10.0,8.0,61574.451140000005,61574.451140000005
2016-11,2016-12,9.0,8.0,55837.251699,55837.251699
2016-11,2017-01,16.0,15.0,111441.72564299998,111441.72564299998
2016-11,2017-02,18.0,14.0,110741.296392,110741.296392
2016-11,2017-03,16.0,14.0,111772.167542,111772.167542
2016-11,2017-04,8.0,7.0,44847.384718999994,44847.384718999994
2016-11,2017-05,20.0,18.0,164147.48567299996,164147.48567299996
2016-11,2017-06,21.0,21.0,180125.984382,180125.984382
2016-11,2017-07,12.0,12.0,90888.981098,90888.981098
2016-11,2017-08,12.0,11.0,71973.259517,71973.259517
2016-11,2017-09,14.0,12.0,92692.77071,92692.77071
2016-11,2017-10,22.0,20.0,204372.43143340002,204372.43143340002
2016-11,2017-11,9.0,8.0,43569.263275000005,43569.263275000005
2016-11,2017-12,7.0,5.0,35989.538721,35989.538721
2016-12,2017-01,6.0,6.0,52805.659963,52805.659963
2016-12,2017-02,9.0,9.0,55386.352687000006,55386.352687000006
2016-12,2017-03,19.0,18.0,116174.81237300001,116174.81237300001
2016-12,2017-04,23.0,19.0,107610.806877,107610.806877
2016-12,2017-05,18.0,14.0,109759.34104000001,109759.34104000001
2016-12,2017-06,14.0,13.0,74635.362208,74635.362208
2016-12,2017-07,22.0,21.0,145938.25921400002,145938.25921400002
2016-12,2017-08,14.0,12.0,100703.17807800001,100703.17807800001
2016-12,2017-09,17.0,14.0,114896.817293,114896.817293
2016-12,2017-10,10.0,9.0,98215.783375,98215.783375
2016-12,2017-11,9.0,9.0,74192.40616799999,74192.40616799999
2016-12,2017-12,19.0,16.0,145322.425729,145322.425729
2017-01,2017-01,2.0,1.0,8337.875863,8337.875863
2017-01,2017-02,2.0,2.0,26000.0,26000.0
2017-01,2017-03,17.0,15.0,121221.366085,121221.366085
2017-01,2017-04,13.0,13.0,104138.452826,104138.452826
2017-01,2017-05,13.0,13.0,113299.545815,113299.545815
2017-01,2017-06,12.0,11.0,86085.75260699997,86085.75260699997
2017-01,2017-07,19.0,18.0,139369.09919100002,139369.09919100002
2017-01,2017-08,17.0,17.0,127013.48574199999,127013.48574199999
2017-01,2017-09,12.0,11.0,66154.704652,66154.704652
2017-01,2017-10,17.0,15.0,111713.18586,111713.18586
2017-01,2017-11,18.0,15.0,83569.21434080001,83569.21434080001
2017-01,2017-12,18.0,18.0,161872.714059,161872.714059
2017-02,2017-03,7.0,6.0,50237.487443,50237.487443
2017-02,2017-04,16.0,16.0,101651.411862,101651.411862
2017-02,2017-05,18.0,15.0,103478.579796,103478.579796
2017-02,2017-06,18.0,15.0,94797.505236,94797.505236
2017-02,2017-07,18.0,17.0,94285.23928800001,94285.23928800001
2017-02,2017-08,24.0,22.0,160239.006593,160239.006593
2017-02,2017-09,20.0,18.0,141801.930962,141801.930962
2017-02,2017-10,20.0,15.0,131584.577665,131584.577665
2017-02,2017-11,10.0,10.0,94257.37484200002,94257.37484200002
2017-02,2017-12,8.0,8.0,59566.901626,59566.901626
2017-03,2017-03,1.0,1.0,4476.248772999999,4476.248772999999
2017-03,2017-04,4.0,3.0,20775.191311,20775.191311
2017-03,2017-05,9.0,9.0,74392.325782,74392.325782
2017-03,2017-06,13.0,11.0,72249.752924,72249.752924
2017-03,2017-07,22.0,19.0,143323.397539,143323.397539
2017-03,2017-08,11.0,9.0,56307.436025,56307.436025
2017-03,2017-09,26.0,24.0,210407.467883,210407.467883
2017-03,2017-10,15.0,12.0,117053.877647,117053.877647
2017-03,2017-11,20.0,17.0,101546.367791,101546.367791
2017-03,2017-12,16.0,13.0,93076.57969400001,93076.57969400001
2017-04,2017-05,6.0,4.0,30750.642034000004,30750.642034000004
2017-04,2017-06,13.0,13.0,126807.879895,126807.879895
2017-04,2017-07,21.0,18.0,154838.817832,154838.817832
2017-04,2017-08,21.0,18.0,157090.35086000004,157090.35086000004
2017-04,2017-09,11.0,9.0,72105.725147,72105.725147
2017-04,2017-10,19.0,15.0,102587.339458,102587.339458
2017-04,2017-11,18.0,14.0,91454.3979007,91454.3979007
2017-04,2017-12,22.0,20.0,142688.966324,142688.966324
2017-05,2017-05,2.0,1.0,3022.335184,3022.335184
2017-05,2017-06,8.0,7.0,36811.264194999996,36811.264194999996
2017-05,2017-07,9.0,8.0,54334.199788,54334.199788
2017-05,2017-08,13.0,13.0,80436.89180199998,80436.89180199998
2017-05,2017-09,18.0,14.0,81314.61400569999,81314.61400569999
2017-05,2017-10,18.0,16.0,160837.572465,160837.572465
2017-05,2017-11,22.0,21.0,180651.804749,180651.804749
2017-05,2017-12,14.0,13.0,88441.46295199999,88441.46295199999
2017-06,2017-07,5.0,3.0,31858.167598,31858.167598
2017-06,2017-08,12.0,8.0,37910.528589,37910.528589
2017-06,2017-09,11.0,9.0,81228.553673,81228.553673
2017-06,2017-10,15.0,15.0,121618.98382799998,121618.98382799998
2017-06,2017-11,11.0,11.0,85184.796073,85184.796073
2017-06,2017-12,19.0,17.0,110103.351522,110103.351522
2017-07,2017-07,5.0,4.0,28827.335193,28827.335193
2017-07,2017-08,5.0,4.0,30987.279513999998,30987.279513999998
2017-07,2017-09,15.0,14.0,126229.848204,126229.848204
2017-07,2017-10,15.0,13.0,72825.78450349999,72825.78450349999
2017-07,2017-11,12.0,11.0,80075.315891,80075.315891
2017-07,2017-12,17.0,16.0,119390.465916,119390.465916
2017-08,2017-09,5.0,2.0,14000.0,14000.0
2017-08,2017-10,13.0,12.0,105952.49272899999,105952.49272899999
2017-08,2017-11,14.0,11.0,81991.210907,81991.210907
2017-08,2017-12,19.0,18.0,174870.150263,174870.150263
2017-09,2017-09,2.0,2.0,18589.176574999998,18589.176574999998
2017-09,2017-10,5.0,5.0,33316.6597253,33316.6597253
2017-09,2017-11,11.0,11.0,86056.984325,86056.984325
2017-09,2017-12,22.0,21.0,152143.72746400003,152143.72746400003
2017-10,2017-11,6.0,6.0,35037.196888000006,35037.196888000006
2017-10,2017-12,18.0,15.0,104444.385044,104444.385044
2017-11,2017-11,1.0,1.0,4088.116947,4088.116947
2017-11,2017-12,2.0,1.0,10599.33328,10599.33328
2017-12,2017-12,1.0,1.0,10748.02515,10748.02515
